what	file	became
renamed	gba/MLB SlugFest 20-04 (USA).gba	gba/MLB SlugFest 2004 (USA).gba
renamed	gba/Sips.gba	gba/Sips (World) (GBA WinterJam 2023).gba
renamed	gba/Hugo - The Evil Mirror Advance (USA) (En,Fr,Es).gba	gba/Hugo - The Evil Mirror (USA) (En,Fr,Es).gba
renamed	gba/Sim City 2000 (USA).gba	gba/SimCity 2000 (USA).gba
renamed	gba/International Karate Plus (USA).gba	gba/IK+ (USA).gba
renamed	gba/Apotris.gba	gba/Apotris (World) (v4.0.2).gba
renamed	gba/Speedball 2 - Brutal Deluxe (Europe) (En,Fr,De,Es,It).gba	gba/Speedball 2 (Europe) (En,Fr,De,Es,It).gba
renamed	gba/GBA Personal Organizer (USA) (Unl).gba	gba/GBA Personal Organizer (USA).gba
renamed	gba/Grand Theft Auto Advance (USA).gba	gba/Grand Theft Auto (USA).gba
renamed	gba/World Reborn (USA) (Unl).gba	gba/World Reborn (USA).gba
renamed	gba/Advance Wars 2 - Black Hole Rising (USA, Australia).gba	gba/Advance Wars 2 - Black Hole Rising (USA).gba
renamed	gba/NHL Hitz 20-03 (USA).gba	gba/NHL Hitz 2003 (USA).gba
renamed	gba/Mario Tennis - Power Tour (USA, Australia).zip	gba/Mario Tennis - Power Tour (USA, Australia) (En,Fr,De,Es,It).zip
renamed	gba/Ninja Five-0 (USA).gba	gba/Ninja Five-O (USA).gba
renamed	gba/Aero the Acro-Bat - Rascal Rival Revenge (USA).gba	gba/Aero the Acro-Bat (USA).gba
renamed	gba/GameShark GBA (USA) (Unl).gba	gba/GameShark GBA (USA).gba
renamed	gba/CodeBreaker (USA) (Unl).gba	gba/CodeBreaker (USA).gba
renamed	gba/Pokemon - Aurora Ticket Distribution (USA).gba	gba/Pokemon - Aurora Ticket Distribution (USA) (Kiosk).gba
renamed	gba/Jonny Moseley Mad Trix (USA, Europe) (En,Fr,De,Es,It).gba	gba/Jonny Moseley Mad Trix (USA) (En,Fr,De,Es,It).gba
renamed	gba/Super Mario Advance 4 - Super Mario Bros. 3 (U) (V1.1).gba	gba/Super Mario Advance 4 - Super Mario Bros. 3 (USA, Australia) (Rev 1).gba
renamed	gba/Mega Man Battle Network 5 - Team Proto Man (USA).gba	gba/Mega Man - Battle Network 5 - Team Protoman (USA).gba
renamed	gba/WarioWare - Twisted! (USA).gba	gba/WarioWare - Twisted! (USA, Australia).gba
renamed	gba/Army Men - Operation Green (USA, Europe) (En,Fr,De,Es,It).gba	gba/Army Men - Operation Green (USA) (En,Fr,De,Es,It).gba
renamed	gba/Motoracer Advance (USA) (En,Fr,De,Es,It).gba	gba/Moto Racer Advance (USA) (En,Fr,De,Es,It).gba
renamed	gba/Travis Pastrana's Pro MotoX (USA, Europe) (Proto) (2002-12-12).gba	gba/Travis Pastrana's Pro MotoX (USA) (Proto).gba
renamed	gba/LEGO Soccer Mania (USA, Europe) (En,Fr,De,Es,It,Nl,Sv,Da).gba	gba/Soccer Mania (USA, Europe) (En,Fr,De,Es,It,Nl,Sv,Da).gba
renamed	gba/Care Bears - The Care Quests (USA) (En,Fr,Es).gba	gba/Care Bears - The Care Quest (USA) (En,Fr,Es).gba
renamed	gba/NFL Blitz 20-02 (USA).gba	gba/NFL Blitz 2002 (USA).gba
renamed	gba/Alienators - Evolution Continues (USA, Europe) [b].gba	gba/Alienators - Evolution Continues (USA, Europe).gba
renamed	gba/Metroid - Zero Mission (USA).gba	gba/Metroid - Zero Mission (USA, Australia).gba
renamed	gba/Metroid Fusion (USA, Australia).gba	gba/Metroid Fusion (USA).gba
renamed	gba/Sonic Advance (U) [!].gba	gba/Sonic Advance (USA) (En,Ja).gba
renamed	gba/Texas Hold 'em Poker (USA, Europe).gba	gba/Texas Hold 'em Poker (USA).gba
renamed	gba/Shantae Advance - Risky Revolution (World).gba	gba/Shantae Advance - Risky Revolution (World) (Limited Run Games).gba
renamed	famicom/Saiyuuki World 2 - Tenjoukai no Majin (Japan) (Translated En).zip	famicom/Sanma no Mei Tantei (Japan).zip
renamed	famicom/Road Fighter (Japan).nes	famicom/Road Fighter (Japan) (En).nes
renamed	megadrive/Kiss Shot (Japan).zip	megadrive/King Salmon (Japan).zip
renamed	megadrive/Chavez II (USA).zip	megadrive/Chavez II (Mexico).zip
renamed	megadrive/Super Skidmarks (Europe).zip	megadrive/Super Skidmarks (Europe) (J-Cart).zip
renamed	megadrive/Funny World & Balloon Boy (USA) (Unl).zip	megadrive/Funny World & Balloon Boy (USA).zip
renamed	megadrive/Ling Huan Daoshi - Super Magician (China) (Unl).zip	megadrive/Menghuan Shuiguo Pan - 777 Casino (Taiwan).zip
renamed	megadrive/Samurai Shodown (USA).zip	megadrive/Samurai Shodown (Europe).zip
renamed	megadrive/Mercs (World).zip	megadrive/Mercs (World) (En,Ja).zip
renamed	megadrive/Devil's Course (Japan).zip	megadrive/Devil Crash MD (Japan, En).zip
renamed	megadrive/NBA Hang Time (USA).zip	megadrive/NBA Hang Time (Europe).zip
renamed	megadrive/Advanced Busterhawk Gleylancer (Japan) (Translated En).zip	megadrive/Advanced Busterhawk Gley Lancer (Japan).zip
renamed	megadrive/Dragon Ball Z - L'Appel du Destin (France) (Translated En).zip	megadrive/Dragon Ball Z - L'Appel du Destin (France).zip
renamed	megadrive/Prince of Persia (Europe).zip	megadrive/Prince of Persia (USA).zip
renamed	megadrive/Might and Magic - Gates to Another World (USA, Europe).zip	megadrive/Might and Magic III - Isles of Terra (USA, Proto).zip
renamed	megadrive/Super Street Fighter II - The New Challengers (USA).zip	megadrive/Super Street Fighter II (USA).zip
renamed	megadrive/Bonanza Brothers (USA, Korea).zip	megadrive/Bonanza Bros. (USA, Europe, Korea) (En) (Rev B).zip
renamed	megadrive/Bishoujo Senshi Sailor Moon (Japan).zip	megadrive/Mugen Senshi Valis (Japan).zip
renamed	megadrive/R.B.I. Baseball '93 (USA).zip	megadrive/NBA Pro Basketball '94 (Japan).zip
renamed	megadrive/Doraemon - Yume Dorobou to 7 Nin no Gozans (Japan).zip	megadrive/Air Management II - Koukuuou o Mezase (Japan).zip
renamed	megadrive/Team USA Basketball (USA, Europe).zip	megadrive/Super Real Basketball (Europe).zip
renamed	megadrive/NBA Action '94 (USA).zip	megadrive/NBA Action '95 Starring David Robinson (USA, Europe).zip
renamed	megadrive/Honoo no Toukyuuji Dodge Danpei (Japan).zip	megadrive/信長の野望・覇王伝 (Japan).zip
renamed	megadrive/Mighty Morphin Power Rangers (USA).zip	megadrive/Mighty Morphin Power Rangers (Europe).zip
renamed	megadrive/Pyramid Magic (Japan).zip	megadrive/Party Quiz Mega Q (Japan).zip
renamed	megadrive/Mystic Defender (USA, Europe).zip	megadrive/Mystic Defender (USA, Europe) (En,Ja) (Rev A).zip
renamed	megadrive/Rocket Knight Adventures (USA).zip	megadrive/Rocket Knight Adventures (Europe).zip
renamed	megadrive/Bram Stoker's Dracula (USA).zip	megadrive/Bram Stoker's Dracula (Europe).zip
renamed	megadrive/Aero the Acro-Bat 2 (USA).zip	megadrive/Aero the Acro-Bat 2 (Europe).zip
renamed	megadrive/Scrabble (Europe) (Proto).zip	megadrive/Stargate (USA, Europe, Beta).zip
renamed	megadrive/Pit-Fighter (World).zip	megadrive/Pit-Fighter (World) (En,Ja).zip
renamed	megadrive/Crayon Shin-chan - Arashi o Yobu Enji (Japan).zip	megadrive/三国志列伝 (Japan).zip
renamed	megadrive/Lemmings (Japan, USA).zip	megadrive/Lemmings (Japan, Korea) (En).zip
renamed	megadrive/Darwin 4081 (Japan, Korea).zip	megadrive/Darwin 4081 (Japan, Korea) (En).zip
renamed	megadrive/Syndicate (USA, Europe).zip	megadrive/Syndicate (USA, Europe) (En,Fr,De).zip
renamed	megadrive/Slap Fight MD (Japan).zip	megadrive/Ａ列車で行こうＭＤ (Japan).zip
renamed	megadrive/FIFA Soccer 96 (USA, Europe).zip	megadrive/FIFA Soccer 96 (USA, Europe) (En,Fr,De,Es,It,Sv).zip
renamed	megadrive/Wani Wani World (Japan).zip	megadrive/Slime World (Japan, En).zip
renamed	megadrive/Tecmo Super NBA Basketball (USA).zip	megadrive/Tecmo Super NBA Basketball (Japan) (En).zip
renamed	megadrive/Spider-Man and Venom - Maximum Carnage (World).zip	megadrive/Spider-Man - Venom - Maximum Carnage (World).zip
renamed	megadrive/Pepenga Pengo (Japan).zip	megadrive/Pepenga Pengo (Japan) (En).zip
renamed	megadrive/Tiny Toon Adventures 3 (China) (Unl).zip	megadrive/Tiny Toon Adventures (Korea) (En).zip
renamed	megadrive/DecapAttack (USA, Europe).zip	megadrive/DEcapAttack (USA, Europe, Korea) (En).zip
renamed	megadrive/Paddle Fighter (Japan).zip	megadrive/Crude Buster (Japan, En).zip
renamed	megadrive/Joshua & The Battle of Jericho (USA) (Unl).zip	megadrive/Joshua & the Battle of Jericho (USA).zip
renamed	megadrive/Legend of Wukong (World) (Unl).zip	megadrive/Legend of Wukong (USA, Europe) (Super Fighter Team).zip
renamed	megadrive/Gunstar Heroes (USA).zip	megadrive/Gunstar Heroes (Japan).zip
renamed	megadrive/Klax (USA, Europe).zip	megadrive/Klax (USA, Europe) (Tengen).zip
renamed	megadrive/R.B.I. Baseball 4 (USA).zip	megadrive/R.B.I. Baseball 4 (Japan) (En,Ja).zip
renamed	megadrive/Fighting Masters (USA).zip	megadrive/Fighting Masters (Japan, Korea) (En).zip
renamed	megadrive/Uwol - Quest For Money (World) (Unl).zip	megadrive/UWOL - Quest for Money (World) (v1.1).zip
renamed	megadrive/Fatal Fury 2 (USA, Korea).zip	megadrive/Fatal Fury 2 (USA, Korea) (En).zip
renamed	megadrive/Olympic Gold (USA).zip	megadrive/Olympic Gold (Japan, USA) (En,Fr,De,Es,It,Nl,Pt,Sv).zip
renamed	megadrive/WWF WrestleMania - The Arcade Game (USA, Europe).zip	megadrive/WWF WrestleMania - The Arcade Game (USA, Europe) (Beta).zip
renamed	megadrive/Fatal Rewind (USA, Europe).zip	megadrive/Fatal Rewind (USA, Europe) (Rev 1).zip
renamed	megadrive/Puzzle & Action - Tanto-R (Japan).zip	megadrive/空牙 VAPOR TRAIL (Japan).zip
renamed	megadrive/Mighty Morphin Power Rangers - The Movie (USA).zip	megadrive/Mighty Morphin Power Rangers - The Movie (Europe).zip
renamed	megadrive/Wonder Boy III - Monster Lair (Japan, Europe).zip	megadrive/Wonder Boy III - Monster Lair (Japan, Europe) (En).zip
renamed	megadrive/Super Bubble Bobble MD (China) (Unl).zip	megadrive/Super Bubble Bobble (Taiwan) (En).zip
renamed	megadrive/NHL 98 (USA).zip	megadrive/NHL 95 (USA, Europe).zip
renamed	megadrive/Tommy Lasorda Baseball (USA).zip	megadrive/Tommy Lasorda Baseball (USA) (Rev A).zip
renamed	megadrive/Junction (Japan, USA).zip	megadrive/Junction (Japan, USA) (En).zip
renamed	megadrive/Star Trek - The Next Generation - Echoes from the Past (USA).zip	megadrive/Star Trek - The Next Generation - Echoes from the Past (USA) (Rev A).zip
renamed	megadrive/Adventurous Boy - Mao Xian Xiao Zi (China) (Unl).zip	megadrive/Adventurous Boy - Maoxian Xiaozi (Taiwan) (En).zip
renamed	megadrive/Back to the Future Part III (USA).zip	megadrive/Back to the Future Part III (Europe).zip
renamed	megadrive/Street Smart (Japan, USA).zip	megadrive/Street Smart (Japan, USA) (En).zip
renamed	megadrive/Body Count (Europe).zip	megadrive/Body Count (Brazil) (En).zip
renamed	megadrive/New Zealand Story, The (Japan).zip	megadrive/Hybrid Front, The (Japan).zip
renamed	megadrive/International Superstar Soccer Deluxe (Europe).zip	megadrive/International Superstar Soccer Deluxe (Europe, Brazil) (En).zip
renamed	megadrive/Divine Sealing (Japan) (Unl).zip	megadrive/Dial Q o Mawase! (Japan).zip
renamed	megadrive/Alien 3 (USA, Europe).zip	megadrive/Alien 3 (USA, Europe) (Rev A).zip
renamed	megadrive/Bloodshot (Europe).zip	megadrive/Cool Spot (Europe).zip
renamed	megadrive/Spider-Man (World) (Sega).zip	megadrive/Spider-Man vs. The Kingpin (World).zip
renamed	megadrive/Putter Golf (Japan).zip	megadrive/Battle Golfer Yui (Japan).zip
renamed	megadrive/Ecco the Dolphin (USA, Europe).zip	megadrive/Ecco the Dolphin (USA, Europe, Korea) (En).zip
renamed	megadrive/Super Battleship (USA).zip	megadrive/Super Battleship - The Classic Naval Combat Game (USA).zip
renamed	megadrive/Beggar Prince (World) (Unl).zip	megadrive/Beggar Prince (USA, Europe) (Rev 1) (Super Fighter Team).zip
renamed	megadrive/Turma da Monica na Terra dos Monstros (Brazil).zip	megadrive/Show do Milhao - Volume 2 (Brazil).zip
renamed	megadrive/Prince of Persia 2 - The Shadow and the Flame (Europe) (Proto).zip	megadrive/Prince of Persia 2 (Europe) (Proto).zip
renamed	megadrive/FIFA Soccer 97 (USA, Europe).zip	megadrive/FIFA Soccer 97 (USA, Europe) (En,Fr,De,Es,It,Sv).zip
renamed	megadrive/Raiden Trad (Japan, USA).zip	megadrive/Raiden Trad (Japan, USA) (En).zip
renamed	megadrive/Spiritual Warfare (USA) (Unl).zip	megadrive/Spiritual Warfare (USA).zip
renamed	megadrive/Magic Bubble (China) (Unl).zip	megadrive/Sanguozhi V (Taiwan).zip
renamed	megadrive/Sylvester and Tweety in Cagey Capers (USA).zip	megadrive/Sylvester & Tweety in Cagey Capers (USA, Europe).zip
renamed	megadrive/Super Battletank - War in the Gulf (USA).zip	megadrive/Garry Kitchen's Super Battletank - War in the Gulf (USA).zip
renamed	megadrive/Asterix and the Great Rescue (USA).zip	megadrive/Asterix and the Great Rescue (Europe) (En,Fr,De,Es,It).zip
renamed	megadrive/Cadash (USA, Asia).zip	megadrive/Cadash (USA, Korea) (En).zip
renamed	megadrive/Task Force Harrier EX (USA).zip	megadrive/Task Force Harrier EX (Japan) (En).zip
renamed	megadrive/NCAA Football (USA).zip	megadrive/NFL Football '94 (Japan) (En).zip
renamed	megadrive/Aero the Acro-Bat (USA).zip	megadrive/Aero the Acro-Bat (Europe).zip
renamed	megadrive/Tecmo World Cup (USA).zip	megadrive/Tecmo World Cup '92 (Japan) (En).zip
renamed	megadrive/RoboCop versus The Terminator (USA).zip	megadrive/RoboCop Versus The Terminator (Europe).zip
renamed	megadrive/Beast Ball (USA) (Proto).zip	megadrive/Fun Car Rally (USA, Beta).zip
renamed	megadrive/Fido Dido (USA) (Proto).zip	megadrive/Frog Dude (Europe, Proto).zip
renamed	megadrive/Herzog Zwei (USA, Europe).zip	megadrive/Herzog Zwei (Japan).zip
renamed	megadrive/Tecmo Super Baseball (USA).zip	megadrive/2020 Nen Super Baseball (Japan).zip
renamed	megadrive/Sonic 3D Blast (USA, Europe).zip	megadrive/Sonic 3D Blast (USA, Europe, Korea) (En).zip
renamed	megadrive/Mick & Mack as the Global Gladiators (USA).zip	megadrive/Global Gladiators (Europe).zip
renamed	megadrive/Mike Ditka Power Football (USA, Europe).zip	megadrive/Mike Ditka Power Football (USA, Europe) (Alt).zip
renamed	megadrive/Spider-Man and X-Men - Arcade's Revenge (USA, Europe).zip	megadrive/Spider-Man - X-Men - Arcade's Revenge (USA, Europe).zip
renamed	megadrive/Vectorman (USA, Europe).zip	megadrive/Vectorman (USA, Europe) (Beta 2).zip
renamed	megadrive/NHL '94 (USA, Europe).zip	megadrive/NHLPA Hockey 93 (USA, Europe, Rev 1).zip
renamed	megadrive/Davis Cup Tennis (USA, Europe).zip	megadrive/Davis Cup World Tour (USA, Europe).zip
renamed	megadrive/ATP Tour Championship Tennis (USA).zip	megadrive/ATP Tour (Europe).zip
renamed	megadrive/Super Hang-On (World).zip	megadrive/Super Hang-On (Europe) (En,Ja) (Rev A).zip
renamed	megadrive/Zhuo Gui Da Shi - Ghost Hunter (China) (Unl).zip	megadrive/Zhua Gui Dashi - Ghost Hunter (Taiwan).zip
renamed	megadrive/Ooze, The (Japan, USA).zip	megadrive/Ooze, The (Japan, USA) (En).zip
renamed	megadrive/Pyramid Magic Special (Japan).zip	megadrive/Wardner no Mori Special (Japan).zip
renamed	megadrive/Rugby World Cup 95 (USA, Europe).zip	megadrive/Rugby World Cup 95 (USA, Europe) (En,Fr,It).zip
renamed	megadrive/Pulseman (Japan) (Translated En).zip	megadrive/Pulseman (Japan).zip
renamed	megadrive/16t (Japan).zip	megadrive/V-V (Japan, En).zip
renamed	megadrive/Demolition Man (USA, Europe).zip	megadrive/Demolition Man (USA, Europe) (Beta).zip
renamed	megadrive/Medal City (Japan).zip	megadrive/Samurai Shodown (Japan).zip
renamed	megadrive/Toys (USA).zip	megadrive/Toys - Let the Toy Wars begin! (USA).zip
renamed	megadrive/Olympic Summer Games (USA, Europe).zip	megadrive/Olympic Summer Games (USA).zip
renamed	megadrive/Beavis and Butt-Head (USA).zip	megadrive/Beavis and Butt-Head (Europe).zip
renamed	megadrive/Top Pro Golf (Japan).zip	megadrive/Top Pro Golf 2 (Japan) (En).zip
renamed	megadrive/Gouketsuji Ichizoku (Japan).zip	megadrive/Koutetsu Teikoku (Japan).zip
renamed	megadrive/FIFA 98 - Road to World Cup (Europe).zip	megadrive/FIFA 98 - Road to World Cup (Europe) (En,Fr,Es,It,Sv).zip
renamed	megadrive/Zero Tolerance (USA, Europe).zip	megadrive/Zero Tolerance (USA, Europe) (Rev A).zip
renamed	megadrive/Wild Snake (USA) (Proto).zip	megadrive/WildSnake (USA) (Proto 2).zip
renamed	megadrive/Granada (Japan, USA).zip	megadrive/Granada (Japan, USA) (En) (Rev A).zip
renamed	megadrive/Earth Defense (USA) (Unl).zip	megadrive/Earth Defense (USA, Taiwan) (En).zip
renamed	megadrive/Dino Dini's Soccer (Europe).zip	megadrive/Dino Dini's Soccer (Europe) (En,Fr,De).zip
renamed	megadrive/Boogerman - A Pick and Flick Adventure (USA).zip	megadrive/Boogerman - A Pick and Flick Adventure (Europe).zip
renamed	megadrive/Pyramid Magic II (Japan).zip	megadrive/Caesar no Yabou II (Japan).zip
renamed	megadrive/Hyper Marbles (Japan).zip	megadrive/Jewel Master (Japan, En).zip
renamed	megadrive/Gunship (Europe).zip	megadrive/Gynoug (Europe).zip
renamed	megadrive/FIFA International Soccer (USA, Europe).zip	megadrive/FIFA International Soccer (Japan) (En,Ja).zip
renamed	megadrive/Asterix and the Power of the Gods (Europe).zip	megadrive/Asterix and the Power of the Gods (Europe) (Beta).zip
renamed	megadrive/Warpspeed (USA).zip	megadrive/WarpSpeed (USA, Europe).zip
renamed	megadrive/Squirrel King (China) (Unl).zip	megadrive/Shiliu Zhang Mahjong - Xiangyan Meiren Pian (Taiwan).zip
renamed	megadrive/Golden Axe III (Japan).zip	megadrive/Golden Axe III (Japan) (En).zip
renamed	megadrive/Lobo (USA) (Proto).zip	megadrive/Dominus (USA, Proto, Alt).zip
renamed	megadrive/Awesome Possum Kicks Dr Machino's Butt! (USA).zip	megadrive/Awesome Possum Kicks Dr. Machino's Butt! (USA) (Beta 1).zip
renamed	megadrive/Star Odyssey (World) (Unl).zip	megadrive/Star Odyssey (USA) (Super Fighter Team).zip
renamed	megadrive/Twin Hawk (Japan, Europe).zip	megadrive/Crack Down (Japan, En).zip
renamed	megadrive/Ultimate Soccer (Europe).zip	megadrive/Ultimate Soccer (Europe) (En,Fr,De,Es,It) (Beta).zip
renamed	megadrive/Sonic & Knuckles + Sonic the Hedgehog 3 (World).zip	megadrive/Sonic & Knuckles + Sonic The Hedgehog 3 (USA) (Lock-On).zip
renamed	megadrive/Formula One (USA).zip	megadrive/Corporation (Europe).zip
renamed	megadrive/Aa Harimanada (Japan).zip	megadrive/雀偵物語 (Japan).zip
renamed	megadrive/Shui Hu - Feng Yun Zhuan (China) (Unl).zip	megadrive/Shuihu Fengyun Zhuan (Taiwan).zip
renamed	megadrive/John Madden Football '92 (USA, Europe).zip	megadrive/John Madden Football - Pro Football (Japan) (En).zip
renamed	megadrive/Pier Solar and the Great Architects (USA) (Unl).zip	megadrive/Pier Solar and the Great Architects (Japan) (En,Fr,Es).zip
renamed	megadrive/Kyuukai Douchuuki (Japan).zip	megadrive/Twin Cobra (Japan, En).zip
renamed	megadrive/Captain Planet and the Planeteers (USA).zip	megadrive/Captain Planet and the Planeteers (Europe) (Beta).zip
renamed	megadrive/Micro Machines Military (Europe).zip	megadrive/Micro Machines - Military (Europe) (J-Cart).zip
renamed	megadrive/Desert Strike - Return To The Gulf (USA, Europe).zip	megadrive/Desert Strike - Wangan Sakusen (Japan, Korea, Ja).zip
renamed	megadrive/Gain Ground (World).zip	megadrive/Gain Ground (USA).zip
renamed	megadrive/John Madden Football (USA, Europe).zip	megadrive/Marko's Magic Football (Europe, En,Fr,De,Es).zip
renamed	megadrive/Ferrari Grand Prix Challenge (USA).zip	megadrive/Ferrari Grand Prix Challenge (Europe).zip
renamed	megadrive/Micro Machines (USA, Europe).zip	megadrive/Micro Machines (Europe).zip
renamed	megadrive/Verytex (Japan).zip	megadrive/Volfied (Japan, En).zip
renamed	megadrive/ESWAT - City Under Siege (USA, Europe).zip	megadrive/ESWAT - City under Siege (USA, Europe) (Rev A).zip
renamed	megadrive/Link Dragon (China) (Unl).zip	megadrive/Taiwan Daheng (Taiwan).zip
renamed	megadrive/Sonic & Knuckles + Sonic the Hedgehog (World).zip	megadrive/Sonic & Knuckles + Sonic The Hedgehog (USA, Europe) (Lock-On).zip
renamed	megadrive/Yang Jia Jiang - Yang Warrior Family (China) (Unl).zip	megadrive/Yimen Yinglie - Yangjia Jiang (Taiwan).zip
renamed	megadrive/Mr. Nutz 2 (USA) (Proto).zip	megadrive/Mr. Nutz - Hoppin' Mad (Europe) (Proto).zip
renamed	megadrive/Road Rash 3 (USA, Europe).zip	megadrive/Road Rash 3 (USA, Europe) (Beta).zip
renamed	megadrive/Skeleton Krew (USA).zip	megadrive/Skeleton Krew (Europe).zip
renamed	megadrive/Waialae no Kiseki (Japan).zip	megadrive/Bahamut Senki (Japan).zip
renamed	megadrive/Super Monaco GP (USA).zip	megadrive/Super Monaco GP (USA) (En,Ja) (Sega Classic).zip
renamed	megadrive/Saturday Night Slammasters (USA).zip	megadrive/Saturday Night Slammasters (Europe).zip
renamed	megadrive/Flintstones, The (USA).zip	megadrive/Flintstones, The (Japan).zip
renamed	megadrive/Flashback - The Quest for Identity (USA).zip	megadrive/Flashback (Europe).zip
renamed	megadrive/Taz-Mania (World).zip	megadrive/Daana (Korea).zip
renamed	megadrive/Fun 'N' Games (USA).zip	megadrive/Fun 'n Games (Europe).zip
renamed	megadrive/Vectorman 2 (USA).zip	megadrive/Vectorman 2 (USA) (Beta 1).zip
renamed	megadrive/Incredible Crash Dummies, The (USA, Europe).zip	megadrive/Incredible Crash Dummies, The (USA, Europe) (Beta).zip
renamed	megadrive/Clay Fighter (USA).zip	megadrive/ClayFighter (Europe).zip
renamed	megadrive/Chuck Rock II - Son of Chuck (USA).zip	megadrive/Chuck Rock II - Son of Chuck (Europe).zip
renamed	megadrive/AWS Pro Moves Soccer (USA).zip	megadrive/Pro Moves Soccer (USA).zip
renamed	megadrive/Shikinjoh (Japan).zip	megadrive/Chelnov (Japan).zip
renamed	megadrive/Rambo III (World).zip	megadrive/Rambo III (USA, Europe, Korea) (En,Ja) (Rev A).zip
renamed	megadrive/Fantasia (World).zip	megadrive/Fantasia (USA, Europe).zip
renamed	megadrive/Dragon's Lair - The Adventure Continues (USA) (Proto).zip	megadrive/Dragon's Lair (USA) (Proto).zip
renamed	megadrive/FIFA Soccer 95 (USA, Europe).zip	megadrive/FIFA Soccer 95 (Korea) (En,Fr,De,Es).zip
renamed	megadrive/Monopoly (USA).zip	megadrive/Monopoly (USA) (Beta).zip
renamed	megadrive/HardBall '95 (USA).zip	megadrive/HardBall '94 (USA, Europe).zip
renamed	megadrive/Duke Nukem 3D (Brazil).zip	megadrive/Duke Nukem 3D (Brazil) (En).zip
renamed	megadrive/Side Pocket (USA).zip	megadrive/Side Pocket (Japan, Korea) (En).zip
renamed	megadrive/Nightmare Circus (Brazil).zip	megadrive/Nightmare Circus (Brazil) (En).zip
renamed	megadrive/Phantasy Star III - Generations of Doom (USA, Europe).zip	megadrive/Phantasy Star III - Generations of Doom (USA, Europe, Korea) (En).zip
renamed	megadrive/Indiana Jones and the Last Crusade (USA).zip	megadrive/Indiana Jones and the Last Crusade (Europe).zip
renamed	megadrive/Puyo Puyo 2 (Japan).zip	megadrive/Puyo Puyo Tsuu (Japan).zip
renamed	megadrive/Aladdin (USA).zip	megadrive/Aladdin (Japan).zip
renamed	megadrive/Shogi no Hoshi (Japan).zip	megadrive/天下統一 (Japan).zip
renamed	megadrive/Aworg (Japan).zip	megadrive/Gynoug (Japan, En).zip
renamed	megadrive/Ninja Gaiden (Japan) (Proto).zip	megadrive/Sonic Crackers (USA, Proto).zip
renamed	megadrive/Newman Haas Indy Car Featuring Nigel Mansell (World).zip	megadrive/Newman Haas IndyCar Featuring Nigel Mansell (World).zip
renamed	megadrive/Super Tank War (China) (Unl).zip	megadrive/Ah Q Lianhuan Pao (Taiwan).zip
renamed	megadrive/Greatest Heavyweights (USA).zip	megadrive/Greatest Heavyweights (Japan) (En).zip
renamed	megadrive/Cross Fire (USA).zip	megadrive/CrossFire (USA).zip
renamed	megadrive/Where in the World Is Carmen Sandiego (USA, Europe).zip	megadrive/Where in the World Is Carmen Sandiego (USA, Europe) (En,Fr,De,Es,It).zip
renamed	megadrive/Hit the Ice (USA).zip	megadrive/Hit the Ice - VHL - The Official Video Hockey League (USA).zip
renamed	megadrive/Sensible Soccer (Europe).zip	megadrive/Sensible Soccer (Europe) (En,Fr,De,It).zip
renamed	megadrive/Lost Vikings, The (USA).zip	megadrive/Lost Vikings, The (Europe) (En,Fr,De).zip
renamed	megadrive/Chou Kyuukai Miracle Nine (Japan).zip	megadrive/Daikoukai Jidai II (Japan).zip
renamed	megadrive/Fantastic Dizzy (USA, Europe).zip	megadrive/Fantastic Dizzy (USA, Europe) (En,Fr,De,Es,It).zip
renamed	megadrive/Ballz 3D - Fighting at Its Ballziest (USA, Europe).zip	megadrive/Ballz 3D - The Battle of the Ballz (USA, Europe).zip
renamed	megadrive/Thunderbolt II (China) (Unl).zip	megadrive/Leidian Chuanshuo II (Thunderbolt II, Taiwan, En).zip
renamed	megadrive/Gaiares (Japan, USA).zip	megadrive/Gauntlet (Japan, En,Ja).zip
renamed	megadrive/Bulls Vs Lakers and the NBA Playoffs (USA, Europe).zip	megadrive/Bulls versus Blazers and the NBA Playoffs (USA, Europe).zip
renamed	megadrive/QuackShot Starring Donald Duck (World).zip	megadrive/QuackShot Starring Donald Duck (World) (En,Ja).zip
renamed	megadrive/Mamono Hunter Youko - Dai 7 no Keishou (Japan).zip	megadrive/Landstalker (Japan).zip
renamed	megadrive/Thunder Force III (Japan, USA).zip	megadrive/Thunder Force III (Japan, USA) (En).zip
renamed	megadrive/Columns III - Revenge of Columns (USA).zip	megadrive/Columns III - Taiketsu! Columns World (Japan, Korea) (Ja).zip
renamed	megadrive/NBA Live 98 (USA).zip	megadrive/NBA Live Nong-gu 95 (Korea).zip
renamed	megadrive/Power Drive (Europe).zip	megadrive/Power Drive (Europe) (En,Fr,De,Es,Pt).zip
renamed	megadrive/Dinosaurs for Hire (USA).zip	megadrive/Tom Mason's Dinosaurs for Hire (USA).zip
renamed	megadrive/Streets of Rage (World).zip	megadrive/Streets of Rage (World) (En,Ja) (Rev A).zip
renamed	megadrive/Mortal Kombat (World).zip	megadrive/Mortal Kombat (USA, Europe) (Rev A) (Beta).zip
renamed	megadrive/MegaMind (Japan).zip	megadrive/MegaTrax (Japan, En).zip
renamed	megadrive/Psy-O-Blade (Japan) (Translated En).zip	megadrive/Psy-O-Blade (Japan).zip
renamed	megadrive/Eliminate Down (Japan).zip	megadrive/Killing Game Show, The (Japan, En).zip
renamed	megadrive/Metal Fangs (Japan).zip	megadrive/Mega lo Mania (Japan).zip
renamed	megadrive/Smurfs, The (Europe).zip	megadrive/Ooze, The (Europe).zip
renamed	megadrive/NHL 95 (USA, Europe).zip	megadrive/Elitserien 95 (Sweden).zip
renamed	megadrive/Cosmic Spacehead (USA, Europe).zip	megadrive/Cosmic Spacehead (USA, Europe) (En,Fr,De,Es).zip
renamed	megadrive/Striker (Europe).zip	megadrive/Striker (Europe) (En,Fr,De,Es,It).zip
renamed	megadrive/Magic School Bus, The (USA).zip	megadrive/Magic School Bus, The - Space Exploration Game (USA).zip
renamed	megadrive/King of the Monsters (USA).zip	megadrive/King of the Monsters (Japan).zip
renamed	megadrive/Uchuu Senkan Gomora (Japan).zip	megadrive/Uchuu Senkan Gomora (Japan) (En).zip
renamed	megadrive/Itchy and Scratchy Game, The (USA) (Proto).zip	megadrive/Young Indiana Jones Chronicles, The (USA, Beta).zip
renamed	megadrive/Golden Axe (World).zip	megadrive/Golden Axe (World) (Rev A).zip
renamed	megadrive/B.O.B. (USA, Europe).zip	megadrive/B.O.B. (USA, Europe) (Beta).zip
renamed	megadrive/Phelios (USA).zip	megadrive/Phelios (Japan) (En).zip
renamed	megadrive/Last Action Hero (USA, Europe).zip	megadrive/Last Action Hero (USA).zip
renamed	megadrive/Surging Aura (Japan) (Translated Fr).zip	megadrive/Surging Aura (Japan).zip
renamed	megadrive/Curse (Japan).zip	megadrive/OutRun (Japan, En).zip
renamed	megadrive/Uzu Keobukseon (Korea).zip	megadrive/Dongguri Techi Jakjeon (Korea).zip
renamed	megadrive/Galaxy Force II (World).zip	megadrive/Galaxy Force II (Japan) (En).zip
renamed	megadrive/Sonic Classic Heroes (World) (Hack).zip	megadrive/Sonic Compilation (USA, Europe, Korea) (En) (Rev A).zip
renamed	megadrive/Nakajima Satoru Kanshuu F1 Super License (Japan).zip	megadrive/Ozaki Naomichi no Super Masters (Japan).zip
renamed	megadrive/Spirou (Europe).zip	megadrive/Spirou (Europe) (En,Fr,De,Es).zip
renamed	megadrive/Devilish - The Next Possession (USA).zip	megadrive/Mahjong Emo Ta - Devilish Mahjong Tower (Taiwan).zip
renamed	megadrive/Turbo OutRun (Japan, Europe).zip	megadrive/Turbo OutRun (Japan, Europe) (En).zip
renamed	megadrive/Altered Beast (USA, Europe).zip	megadrive/Altered Beast (USA, Europe) (Rev 2).zip
renamed	megadrive/Master of Weapon (Japan).zip	megadrive/Ambition of Caesar (Japan).zip
renamed	megadrive/Fire Shark (USA).zip	megadrive/Fire Shark (Europe).zip
renamed	megadrive/Brutal - Paws of Fury (USA).zip	megadrive/Brutal - Paws of Fury (Europe) (En,Fr,De).zip
renamed	megadrive/Sagaia (USA).zip	megadrive/Soleil (France).zip
renamed	megadrive/Ren & Stimpy Show Presents Stimpy's Invention, The (USA).zip	megadrive/Ren & Stimpy Show Presents, The - Stimpy's Invention (USA).zip
renamed	megadrive/Last Battle (USA, Europe).zip	megadrive/Last Battle (USA, Europe, Korea) (En).zip
renamed	megadrive/Nigel Mansell's World Championship Racing (USA).zip	megadrive/Nigel Mansell's World Championship Racing (Europe).zip
renamed	megadrive/Star Control (USA).zip	megadrive/Star Control (USA, Europe).zip
renamed	megadrive/Twinkle Tale (Japan) (Translated En).zip	megadrive/Olympic Gold (Japan, USA, Korea, En,Fr,De,Es,It,Nl,Pt,Sv, Rev A).zip
renamed	megadrive/Bug Hunt (World) (Unl).zip	megadrive/Bug Hunt (World).zip
renamed	megadrive/Sonic the Hedgehog 2 (World).zip	megadrive/Sonic The Hedgehog 2 (World) (Rev A).zip
renamed	megadrive/Nakajima Satoru Kanshuu F1 Grand Prix (Japan).zip	megadrive/Nakajima Satoru Kanshuu - F-1 Hero MD (Japan).zip
renamed	megadrive/Langrisser II (Japan) (Translated En).zip	megadrive/Langrisser II (Japan) (Rev A).zip
renamed	megadrive/Super Volley Ball (USA).zip	megadrive/Super Volleyball (USA).zip
renamed	megadrive/Mega SWIV (Europe).zip	megadrive/Mega Games I (USA, Europe).zip
renamed	megadrive/Exodus - Journey to the Promised Land (USA) (Unl).zip	megadrive/Exodus - Journey to the Promised Land (USA).zip
renamed	megadrive/MegaPanel (Japan).zip	megadrive/Ex-Ranza (Japan, En).zip
renamed	megadrive/Jurassic Park (USA).zip	megadrive/Jurassic Park (Japan) (En).zip
renamed	megadrive/Doki Doki Penguin Land (Japan).zip	megadrive/Dino Land (Japan, En).zip
renamed	megadrive/Puyo Puyo (Japan).zip	megadrive/獣王記 (Japan, En).zip
renamed	megadrive/Art of Fighting (USA).zip	megadrive/Art of Fighting (Europe).zip
renamed	megadrive/Winter Challenge (USA, Europe).zip	megadrive/Winter Challenge (USA, Europe) (Rev 1).zip
renamed	megadrive/Pete Sampras Tennis (USA, Europe).zip	megadrive/Pete Sampras Tennis (USA, Europe) (Rev 1) (MDST17FF) (J-Cart).zip
renamed	megadrive/Fatal Labyrinth (USA, Europe).zip	megadrive/Fatal Labyrinth (USA, Europe) (En,Ja).zip
renamed	megadrive/Lotus II (USA, Europe).zip	megadrive/Lotus II (USA, Europe) (Beta).zip
renamed	megadrive/Oh Mummy (World) (Unl).zip	megadrive/Oh Mummy Genesis (World).zip
renamed	megadrive/T2 - The Arcade Game (USA, Europe).zip	megadrive/T2 - The Arcade Game (USA) (Beta).zip
renamed	megadrive/Strider Returns - Journey from Darkness (USA).zip	megadrive/Journey from Darkness - Strider Returns (USA).zip
renamed	megadrive/Columns (World).zip	megadrive/Columns (Japan) (En).zip
renamed	megadrive/Revenge of Shinobi, The (USA, Europe).zip	megadrive/Revenge of Shinobi, The (USA, Europe) (Rev B).zip
renamed	megadrive/Ghostbusters (World).zip	megadrive/Ghostbusters (USA, Europe) (En,Ja).zip
renamed	megadrive/Toki - Going Ape Spit (World).zip	megadrive/Toki - Going Ape Spit (USA, Europe).zip
renamed	megadrive/Baby's Day Out (USA) (Proto).zip	megadrive/Baby's Day Out (USA) (Proto 1).zip
renamed	megadrive/Ultraman (Japan).zip	megadrive/Batman (Japan, En).zip
renamed	megadrive/Tecmo Super Bowl II - Special Edition (USA).zip	megadrive/Tecmo Super Bowl II - Special Edition (Japan) (En).zip
renamed	megadrive/Teenage Mutant Ninja Turtles - Tournament Fighters (USA).zip	megadrive/Teenage Mutant Ninja Turtles - Tournament Fighters (Japan).zip
renamed	megadrive/Wrestle War (Japan, Europe).zip	megadrive/Wrestle War (Japan, Europe) (En).zip
renamed	megadrive/TNN Bass Tournament of Champions (USA).zip	megadrive/TNN Bass Tournament of Champions (USA) (Rev 1).zip
renamed	megadrive/After Burner II (USA, Europe).zip	megadrive/After Burner II (Japan) (En).zip
renamed	megadrive/Gauntlet IV (USA, Europe).zip	megadrive/Gauntlet IV (USA, Europe) (Beta).zip
renamed	megadrive/Pyramid Magic III (Japan).zip	megadrive/Sangokushi III (Japan).zip
renamed	megadrive/Two Crude Dudes (USA).zip	megadrive/Two Crude Dudes (Europe).zip
renamed	megadrive/Dangerous Seed (Japan).zip	megadrive/Langrisser (Japan).zip
renamed	megadrive/Contra - Hard Corps (USA, Korea).zip	megadrive/Contra - Hard Corps (USA, Korea) (En).zip
renamed	megadrive/Tiny Toon Adventures - Acme All-Stars (USA, Korea).zip	megadrive/Tiny Toon Adventures - ACME All-Stars (USA, Korea) (En).zip
renamed	megadrive/DJ Boy (USA).zip	megadrive/DJ Boy (Europe).zip
renamed	megadrive/Tecmo Super Bowl (USA).zip	megadrive/Tecmo Super Bowl (Japan) (En).zip
renamed	megadrive/XDR - X-Dazedly-Ray (Japan).zip	megadrive/XDR - X-Dazedly-Ray (Japan) (En).zip
renamed	megadrive/Instruments of Chaos Starring Young Indiana Jones (USA).zip	megadrive/Instruments of Chaos Starring Young Indiana Jones (USA) (Beta 1).zip
renamed	megadrive/High Seas Havoc (USA).zip	megadrive/High Seas Havoc (USA) (En,Ja).zip
renamed	megadrive/Barver Battle Saga - Tai Kong Zhan Shi (China) (Unl) (Translated En).zip	megadrive/Taikong Zhanshi - Mofa Zhanshi (Barver Battle Saga, Taiwan).zip
renamed	megadrive/Best of the Best - Championship Karate (USA).zip	megadrive/Best of the Best - Championship Karate (Europe) (Proto).zip
renamed	megadrive/Huan Le Tao Qi Shu - Smart Mouse (China) (Unl).zip	megadrive/Huanle Taoqi Shu - Smart Mouse (Taiwan) (En).zip
renamed	megadrive/Sensible Soccer - International Edition (Europe).zip	megadrive/International Sensible Soccer (Europe, En,Fr,De,It).zip
renamed	megadrive/Barbie Super Model (USA).zip	megadrive/Barbie Super Model (USA) (Beta).zip
renamed	megadrive/Rock n' Roll Racing (USA).zip	megadrive/Rock 'n' Roll Racing (Europe).zip
renamed	megadrive/Ottifants, The (Europe).zip	megadrive/Ottifants, The (Europe) (En,Fr,De,Es,It).zip
renamed	megadrive/Bubba'n'Stix - A Strategy Adventure (USA).zip	megadrive/Bubba 'N' Stix (Europe).zip
renamed	megadrive/Whac-a-Critter (USA) (Unl).zip	megadrive/Whac-a-Critter (USA).zip
renamed	megadrive/World Cup USA 94 (USA, Europe).zip	megadrive/World Cup USA 94 (USA, Europe, Korea) (En,Fr,De,Es,It,Nl,Pt,Sv).zip
renamed	megadrive/Taz in Escape from Mars (USA).zip	megadrive/Taz in Escape from Mars (Europe).zip
renamed	megadrive/Action 52 (USA) (Unl).zip	megadrive/Action 52 (USA).zip
renamed	megadrive/Flink (Europe).zip	megadrive/F1 (Europe).zip
renamed	megadrive/Terminator, The (USA).zip	megadrive/Terminator, The (Europe).zip
renamed	megadrive/Forgotten Worlds (World).zip	megadrive/Forgotten Worlds (World) (En,Ja).zip
renamed	megadrive/Atomic Runner (USA).zip	megadrive/Atomic Runner (Europe).zip
renamed	megadrive/Phantom 2040 (USA).zip	megadrive/Phantom 2040 (Europe) (En,Fr,De).zip
renamed	megadrive/Pink Goes to Hollywood (USA).zip	megadrive/Pink Goes to Hollywood (USA, Europe).zip
renamed	megadrive/NHL Hockey (USA).zip	megadrive/NHL '94 (USA, Europe).zip
renamed	megadrive/Yuu Yuu Hakusho - Makyou Toitsusen (Japan) (Translated En).zip	megadrive/Yu Yu Hakusho - Makyou Toitsusen (Japan).zip
renamed	megadrive/Puggsy (USA).zip	megadrive/Puggsy (Europe).zip
renamed	megadrive/World of Illusion Starring Mickey Mouse and Donald Duck (USA, Korea).zip	megadrive/World of Illusion Starring Mickey Mouse and Donald Duck (USA, Korea) (En).zip
renamed	megadrive/Ghostbusters (World).7z	megadrive/Ghostbusters (Japan) (En,Ja).7z
renamed	megadrive/Phantasy Star IV (USA).zip	megadrive/Phantasy Star II (Brazil).zip
renamed	megadrive/Michael Jackson's Moonwalker (World).7z	megadrive/Michael Jackson's Moonwalker (Japan, USA) (En).7z
renamed	megadrive/Punisher, The (USA).zip	megadrive/Punisher, The (Europe).zip
renamed	megadrive/Teddy Boy Blues (Japan).zip	megadrive/NBA Playoffs - Bulls vs Blazers (Japan).zip
renamed	megadrive/Theme Park (USA, Europe).zip	megadrive/Theme Park (USA, Europe) (En,Fr,De,Es).zip
renamed	megadrive/RoadBlasters (USA).zip	megadrive/RoadBlasters (Japan) (En).zip
renamed	megadrive/World Championship Soccer (Japan, USA).zip	megadrive/World Championship Soccer (Japan, USA) (En) (Rev A).zip
renamed	megadrive/Spider-Man and Venom - Separation Anxiety (USA, Europe).zip	megadrive/Venom - Spider-Man - Separation Anxiety (USA, Europe).zip
renamed	megadrive/Harukanaru Augusta (Japan).zip	megadrive/Fatal Fury 2 (Japan).zip
renamed	megadrive/Winter Olympic Games (USA).zip	megadrive/Winter Olympic Games (USA) (En,Fr,De,Es,It,Pt,Sv,No).zip
renamed	megadrive/Kick Off 3 - European Challenge (Europe).zip	megadrive/Kick Off 3 - European Challenge (Europe) (En,Fr,De,Es,It).zip
renamed	megadrive/Double Dragon II - The Revenge (Japan).zip	megadrive/Nobunaga's Ambition III (Japan).zip
renamed	megadrive/Tintin au Tibet (Europe).zip	megadrive/Tintin in Tibet (Europe) (En,Fr,De,Es,Nl,Sv).zip
renamed	megadrive/Burning Force (USA).zip	megadrive/Burning Force (Japan) (En).zip
renamed	megadrive/Putty Squad (Europe) (Proto).zip	megadrive/Bubba 'N' Stix (Europe) (Beta).zip
renamed	megadrive/Xiao Monv - Magic Girl (China) (Unl).zip	megadrive/Xiao Monu - Magic Girl (Taiwan).zip
renamed	megadrive/Marsupilami (USA).zip	megadrive/Marsupilami (USA) (En,Fr,De,Es,It).zip
renamed	megadrive/Flash Point (Japan) (Proto).zip	megadrive/Soleil (Japan, Beta).zip
renamed	megadrive/Ayrton Senna's Super Monaco GP II (USA).zip	megadrive/Ayrton Senna's Super Monaco GP II (Japan, Europe) (En,Ja).zip
renamed	megadrive/Project MD (World) (Unl).zip	megadrive/Sonic the Hedgehog 2 (World) (Hack).zip
renamed	megadrive/Daffy Duck in Hollywood (Europe).zip	megadrive/Daffy Duck in Hollywood (Europe) (En,Fr,De,Es,It).zip
renamed	megadrive/Lakers versus Celtics and the NBA Playoffs (USA).zip	megadrive/Lakers versus Celtics and the NBA Playoffs (USA, Europe).zip
renamed	megadrive/Fastest 1 (Japan).zip	megadrive/Flashback (Japan).zip
renamed	megadrive/Techno Clash (USA, Europe).zip	megadrive/TechnoClash (USA, Europe).zip
renamed	megadrive/Sonic & Knuckles + Sonic the Hedgehog 2 (World).zip	megadrive/Sonic & Knuckles + Sonic The Hedgehog 2 (World) (Rev A) (Lock-On).zip
renamed	megadrive/Addams Family Values (Europe).zip	megadrive/Addams Family Values (Europe) (En,Fr,De).zip
renamed	megadrive/Outlander (USA).zip	megadrive/Outlander (USA) (Beta).zip
renamed	megadrive/Kawasaki Superbike Challenge (USA, Europe).zip	megadrive/Kawasaki Superbike Challenge (USA, Europe) (Beta).zip
renamed	megadrive/It Came from the Desert (USA) (Proto).zip	megadrive/Lufia & The Fortress of Doom (USA, Proto).zip
renamed	megadrive/Chinese Fighter III (China) (Unl).zip	megadrive/Tunshi Tiandi III (Taiwan, Traditional).zip
renamed	megadrive/Undead Line (Japan) (Translated En).zip	megadrive/Undead Line (Japan).zip
renamed	megadrive/Ball Jacks (Japan, Europe).zip	megadrive/Bonanza Bros. (Japan, Europe, En,Ja).zip
renamed	megadrive/Starflight (USA, Europe).zip	megadrive/Starflight (USA, Europe) (Rev A).zip
renamed	megadrive/Batman (USA).zip	megadrive/Batman - The Video Game (USA).zip
renamed	megadrive/Atomic Robo-Kid (USA).zip	megadrive/Atomic Robo-Kid (Japan).zip
renamed	megadrive/ToeJam & Earl (World).zip	megadrive/ToeJam & Earl (Japan, Europe) (En) (Rev A).zip
renamed	megadrive/Where in Time Is Carmen Sandiego (USA, Europe).zip	megadrive/Where in Time Is Carmen Sandiego (USA, Europe) (En,Fr,De,Es,It).zip
renamed	megadrive/Spider-Man (USA, Europe) (Acclaim).zip	megadrive/Spider-Man (USA, Europe).zip
renamed	megadrive/Champions World Class Soccer (World).zip	megadrive/Champions World Class Soccer (World) (En,Fr,De,Es).zip
renamed	megadrive/Rainbow Islands Extra (Japan).zip	megadrive/Rainbow Islands Extra (Japan) (En).zip
renamed	megadrive/Mega Turrican (USA).zip	megadrive/Mega Turrican (Europe).zip
renamed	megadrive/Saint Sword (USA).zip	megadrive/Saint Sword (Japan) (En).zip
renamed	megadrive/HardBall! (USA).zip	megadrive/Al Michaels Announces HardBall III (USA, Europe).zip
renamed	megadrive/Tel-Tel Mahjong (Japan).zip	megadrive/ＴＥＬ ＴＥＬ スタジアム (Japan).zip
renamed	megadrive/Hellfire (USA).zip	megadrive/Hellfire (Japan) (En).zip
renamed	megadrive/Smurfs Travel the World, The (Europe).zip	megadrive/Schtroumpfs Autour du Monde, Les (Europe, En,Fr,De,Es).zip
renamed	megadrive/Air Diver (USA).zip	megadrive/Air Diver (Japan) (En).zip
renamed	megadrive/J. League Pro Striker Final Stage (Japan).zip	megadrive/Pro Striker - Final Stage (Japan).zip
renamed	megadrive/Magical Taruruuto-kun (Japan).zip	megadrive/雀皇登龍門 (Japan).zip
renamed	megadrive/Ecco Jr. (USA, Australia).zip	megadrive/Ecco Jr. (USA, Australia) (Beta).zip
renamed	megadrive/F-22 Interceptor (USA, Europe).zip	megadrive/F-22 Interceptor - Advanced Tactical Fighter (USA, Europe) (F-202).zip
renamed	megadrive/Puzzle & Action - Ichidanto-R (Japan).zip	megadrive/F-117 Stealth - Operation - Night Storm (Japan).zip
renamed	megadrive/Heavy Unit - Mega Drive Special (Japan).zip	megadrive/Dyna Brothers 2 Special (Japan, Virtual Console).zip
renamed	megadrive/Shi Jie Zhi Bang Zheng Ba Zhan - World Pro Baseball 94 (China) (Unl).zip	megadrive/San Guo Zhi Lie Zhuan - Luan Shi Qun Ying (Asia).zip
renamed	megadrive/Arrow Flash (USA, Europe).zip	megadrive/Arrow Flash (Japan, Europe) (En).zip
renamed	megadrive/Ghouls 'n Ghosts (USA, Europe).zip	megadrive/Ghouls'n Ghosts (World) (En,Ja) (Rev A).zip
renamed	megadrive/Chuck Rock (USA).zip	megadrive/Chuck Rock (Europe).zip
renamed	megadrive/Micro Machines Turbo Tournament 96 (Europe).zip	megadrive/Micro Machines - Turbo Tournament 96 (Europe) (J-Cart).zip
renamed	megadrive/Chiki Chiki Boys (USA, Europe).zip	megadrive/Chiki Chiki Boys (Japan, Korea) (Ja).zip
renamed	megadrive/Head-On Soccer (USA).zip	megadrive/Fever Pitch Soccer (Europe, En,Fr,De,Es,It).zip
renamed	megadrive/Tetris (Japan).zip	megadrive/SD Valis (Japan).zip
renamed	gamegear/FIFA Soccer 96 (USA, Europe).gg	gamegear/FIFA Soccer 96 (USA, Europe) (En,Fr,De,Es).gg
renamed	gamegear/Sega Game Pack 4 in 1.gg	gamegear/Sega Game Pack 4 in 1 (Europe).gg
renamed	gamegear/Dragon - The Bruce Lee Story (USA).gg	gamegear/Dragon - The Bruce Lee Story (Europe).gg
renamed	gamegear/Lion King, The (USA).gg	gamegear/Lion King, The (Europe).gg
renamed	gamegear/Ristar - The Shooting Star (World).gg	gamegear/Ristar (World).gg
renamed	gamegear/Alien Syndrome (USA, Europe).gg	gamegear/Alien Syndrome (Japan) (En).gg
renamed	gamegear/VR Troopers (USA, Europe).gg	gamegear/VR Troopers (USA, Europe, Brazil) (En).gg
renamed	gamegear/Taz in Escape from Mars (USA, Europe).gg	gamegear/Taz in Escape from Mars (USA, Europe, Brazil) (En).gg
renamed	gamegear/Land of Illusion Starring Mickey Mouse (USA, Europe).gg	gamegear/Land of Illusion Starring Mickey Mouse (USA, Europe, Brazil) (En).gg
renamed	gamegear/Castle of Illusion Starring Mickey Mouse (USA, Europe).gg	gamegear/Castle of Illusion Starring Mickey Mouse (USA, Europe, Brazil) (En).gg
renamed	gamegear/Columns (USA, Europe).gg	gamegear/Columns (USA, Europe, Brazil) (En).gg
renamed	gamegear/Star Wars (USA).gg	gamegear/Star Wars (USA, Europe).gg
renamed	gamegear/Shanghai II (Japan).gg	gamegear/Shanghai II (Japan) (En).gg
renamed	gamegear/Sonic The Hedgehog (World).gg	gamegear/Sonic The Hedgehog (Japan, USA) (En).gg
renamed	gamegear/Shikinjou (Japan).gg	gamegear/Shikinjou (Japan) (En).gg
renamed	gamegear/Daffy Duck in Hollywood (Europe).gg	gamegear/Daffy Duck in Hollywood (Europe, Brazil) (En,Fr,De,Es,It).gg
renamed	gamegear/Yu Yu Hakusho - Horobishimono no Gyakushuu (Japan).gg	gamegear/Yu Yu Hakusho - Horobishimono no Gyakushuu (Japan) (En).gg
renamed	gamegear/Spider-Man and the X-Men in Arcade's Revenge (USA).gg	gamegear/Spider-Man - X-Men - Arcade's Revenge (USA).gg
renamed	gamegear/Desert Speedtrap (USA).gg	gamegear/Desert Speedtrap Starring Road Runner and Wile E. Coyote (USA, Brazil) (En).gg
renamed	gamegear/Aladdin (USA, Europe).gg	gamegear/Aladdin (USA, Europe, Brazil) (En).gg
renamed	gamegear/G-LOC Air Battle (USA, Europe).gg	gamegear/G-LOC - Air Battle (USA, Europe, Brazil) (En).gg
renamed	gamegear/Junction (USA, Europe).gg	gamegear/Junction (Japan) (En).gg
renamed	gamegear/Terminator 2-The Arcade Game.gg	gamegear/T2 - The Arcade Game (USA, Europe).gg
renamed	gamegear/Bram Stoker's Dracula (USA).gg	gamegear/Bram Stoker's Dracula (Europe).gg
renamed	gamegear/Ninja Gaiden (USA, Europe).gg	gamegear/Ninja Gaiden (USA, Europe, Brazil) (En).gg
renamed	gamegear/Mega Man (USA, Europe).gg	gamegear/Mega Man (USA).gg
renamed	gamegear/Kinetic Connection (Japan).gg	gamegear/Kinetic Connection (Japan) (En).gg
renamed	gamegear/Tale Spin (USA, Europe).gg	gamegear/TaleSpin (USA, Europe, Brazil) (En).gg
renamed	gamegear/Ecco II - The Tides of Time (USA, Europe).gg	gamegear/Ecco - The Tides of Time (USA, Europe, Brazil) (En).gg
renamed	gamegear/Mighty Morphin Power Rangers - The Movie (USA, Europe).gg	gamegear/Mighty Morphin Power Rangers - The Movie (USA, Europe, Brazil) (En).gg
renamed	gamegear/F-15 Strike Eagle.gg	gamegear/F-15 Strike Eagle (USA, Europe).gg
renamed	gamegear/Rastan Saga (Japan).gg	gamegear/Rastan Saga (Japan) (En).gg
renamed	gamegear/Sports Trivia - Championship Edition (USA, Europe).gg	gamegear/Sports Trivia - Championship Edition (USA) (Beta 28).gg
renamed	gamegear/Striker (Europe).gg	gamegear/Striker (Europe) (En,Fr,De,Es,It).gg
renamed	gamegear/Fantastic Dizzy (USA).gg	gamegear/Fantastic Dizzy (USA, Europe) (En,Fr,De,Es,It).gg
renamed	gamegear/Slam Dunk -Shouri he no Starting 5.gg	gamegear/From TV Animation Slam Dunk - Shouri e no Starting 5 (Japan).gg
renamed	gamegear/Bartman Meets Radioactive Man (USA, Europe).gg	gamegear/Simpsons, The - Bartman Meets Radioactive Man (USA).gg
renamed	gamegear/Chuck Rock II - Son of Chuck (USA).gg	gamegear/Chuck Rock II - Son of Chuck (Europe, Brazil) (En).gg
renamed	gamegear/RoboCop 3 (USA, Europe).gg	gamegear/RoboCop 3 (World).gg
renamed	gamegear/Fantasy Zone (USA).gg	gamegear/Fantasy Zone (USA, Brazil) (En).gg
renamed	gamegear/Cheese Cat-Astrophe - Starring Speedy Gonzales (Europe).gg	gamegear/Cheese Cat-Astrophe Starring Speedy Gonzales (USA, Europe, Brazil) (En,Fr,De,Es).gg
renamed	gamegear/Choplifter III (USA, Europe).gg	gamegear/Choplifter III (USA).gg
renamed	gamegear/Terminator 2 - Judgment Day (USA, Europe).gg	gamegear/Terminator 2 - Judgment Day (World).gg
renamed	gamegear/Faceball 2000 (Japan).gg	gamegear/Faceball 2000 (Japan) (En).gg
renamed	gamegear/Power Strike II (Japan, Europe).zip	gamegear/Power Strike II (Japan, Europe) (En).zip
renamed	gamegear/X-Men - Mojo World (USA, Europe).gg	gamegear/X-Men - Mojo World (USA).gg
renamed	gamegear/Psychic World (USA, Europe).gg	gamegear/Psychic World (USA, Europe, Brazil) (En) (Rev 1).gg
renamed	gamegear/Pop Breaker (Japan).gg	gamegear/Pop Breaker (Japan) (En).gg
renamed	gamegear/Last Bible 1.gg	gamegear/Megami Tensei Gaiden - Last Bible Special (Japan).gg
renamed	gamegear/Tails no Sky Patrol (Japan).gg	gamegear/Tails' Skypatrol (Japan) (En).gg
renamed	gamegear/Tintin in Tibet (Europe).gg	gamegear/Tintin in Tibet (Europe) (En,Fr,De,Es,Nl,Sv).gg
renamed	gamegear/Yogi Bear in Yogi Bear's Goldrush (USA) (Proto).gg	gamegear/Yogi Bear in Yogi Bear's Goldrush (Europe) (Proto).gg
renamed	gamegear/Putt & Putter (USA, Europe).gg	gamegear/Putt & Putter (Japan, Korea) (En).gg
renamed	gamegear/Chessmaster, The (USA, Europe).gg	gamegear/Chessmaster, The (USA, Europe, Brazil) (En).gg
renamed	gamegear/Beavis and Butt-head (USA).gg	gamegear/Beavis and Butt-Head (USA, Europe) (Beta).gg
renamed	gamegear/Battletoads (USA).gg	gamegear/Battletoads (Japan, Europe) (En).gg
renamed	gamegear/Wild Snake (USA) (Proto).gg	gamegear/WildSnake (USA) (Proto).gg
renamed	gamegear/S.S. Lucifer - Man Overboard! (Europe).gg	gamegear/Man Overboard! (Europe).gg
renamed	gamegear/Greendog (USA, Europe).gg	gamegear/Greendog - The Beached Surfer Dude! (USA, Brazil) (En).gg
renamed	gamegear/Street Hero (USA) (Proto).gg	gamegear/Street Hero (USA) (Proto 1).gg
renamed	gamegear/Ultimate Soccer (Japan, Europe).gg	gamegear/Ultimate Soccer (Japan, Europe, Brazil) (En,Fr,De,Es,It).gg
renamed	gamegear/Chicago Syndicate (USA, Europe).gg	gamegear/Chicago Syndicate (USA, Brazil) (En).gg
renamed	gamegear/Poker Faced Paul's Gin (USA).gg	gamegear/Poker Face Paul's Gin (USA).gg
renamed	gamegear/Crazy Faces (USA) (Proto).gg	gamegear/Crazy Faces (Europe) (Proto).gg
renamed	gamegear/Adventures of Batman & Robin, The (USA, Europe).gg	gamegear/Adventures of Batman & Robin, The (USA, Europe, Brazil) (En).gg
renamed	gamegear/Ernie Els Golf (Europe).gg	gamegear/Ernie Els Golf (Europe) (En,Fr,De,Es,It).gg
renamed	gamegear/Taz-Mania - The Search for the Lost Seabirds (USA, Europe).gg	gamegear/Taz-Mania (USA, Europe, Brazil) (En).gg
renamed	gamegear/Wagan Land (Japan).gg	gamegear/Wagyan Land (Japan).gg
renamed	gamegear/Sonic Drift (Japan).gg	gamegear/Sonic Drift (Japan) (En).gg
renamed	gamegear/Micro Machines (Europe).gg	gamegear/Micro Machines (USA, Europe).gg
renamed	gamegear/Spider-Man vs. The Kingpin (USA, Europe).gg	gamegear/Spider-Man (USA, Europe).gg
renamed	gamegear/Shinobi (USA, Europe).gg	gamegear/Shinobi (World) (Rev A).gg
renamed	gamegear/Griffin (Japan).gg	gamegear/Griffin (Japan) (En).gg
renamed	gamegear/Puyo Puyo 2 (Japan).gg	gamegear/Puyo Puyo Tsuu (Japan).gg
renamed	gamegear/Lemmings (World).gg	gamegear/Lemmings (World) (Beta).gg
renamed	gamegear/Donald no Magical World (Japan).gg	gamegear/Donald no Magical World (Japan) (En,Ja).gg
renamed	gamegear/Ariel the Little Mermaid (USA, Europe).gg	gamegear/Ariel - The Little Mermaid (USA, Europe, Brazil) (En).gg
renamed	gamegear/Dunk Kids (Japan).gg	gamegear/Dunk Kids (Japan) (En).gg
renamed	gamegear/Cutthroat Island (USA, Europe).gg	gamegear/CutThroat Island (USA).gg
renamed	gamegear/Pengo (USA, Europe).gg	gamegear/Pengo (Europe).gg
renamed	gamegear/Shaq Fu (USA, Europe).gg	gamegear/Shaq Fu (USA).gg
renamed	gamegear/WWF Wrestlemania Steel Cage Challenge (USA).gg	gamegear/WWF Wrestlemania - Steel Cage Challenge (USA, Europe).gg
renamed	gamegear/R.C. Grand Prix (USA, Europe).gg	gamegear/R.C. Grand Prix (USA).gg
renamed	gamegear/Factory Panic (Europe).gg	gamegear/Factory Panic (Europe, Brazil) (En).gg
renamed	gamegear/Urban Strike (USA, Europe).gg	gamegear/Urban Strike (USA).gg
renamed	gamegear/Shining Force II - The Sword of Hajya (USA, Europe).gg	gamegear/Shining Force - The Sword of Hajya (USA).gg
renamed	gamegear/Ax Battler - A Legend of Golden Axe (USA, Europe).gg	gamegear/Ax Battler - A Legend of Golden Axe (USA, Europe, Brazil) (En).gg
renamed	gamegear/Foreman for Real (World).gg	gamegear/Foreman for Real (Japan, USA) (En).gg
renamed	gamegear/Dynamite Headdy (USA, Europe).gg	gamegear/Dynamite Headdy (Japan) (En).gg
renamed	gamegear/FIFA International Soccer (USA, Europe).gg	gamegear/FIFA International Soccer (USA, Europe) (En,Fr,De,Es).gg
renamed	gamegear/Super Monaco GP (USA, Europe).gg	gamegear/Super Monaco GP (USA, Europe, Brazil) (En).gg
renamed	gamegear/Jurassic Park (USA, Europe).gg	gamegear/Jurassic Park (USA, Europe, Brazil) (En).gg
renamed	gamegear/Sonic The Hedgehog - Triple Trouble (USA, Europe).gg	gamegear/Sonic The Hedgehog - Triple Trouble (USA, Europe, Brazil) (En).gg
renamed	gamegear/Tom and Jerry - The Movie (USA).gg	gamegear/Tom and Jerry - The Movie (USA, Europe) (En,Ja).gg
renamed	gamegear/Woody Pop (USA, Europe).gg	gamegear/Woody Pop (USA, Europe, Brazil) (En).gg
renamed	gamegear/Deep Duck Trouble Starring Donald Duck (USA, Europe).gg	gamegear/Deep Duck Trouble Starring Donald Duck (USA, Europe, Brazil) (En).gg
renamed	gamegear/Evander Holyfield Boxing (USA, Europe).gg	gamegear/Evander Holyfield's 'Real Deal' Boxing (USA, Europe).gg
renamed	gamegear/Smurfs Travel the World, The (Europe).gg	gamegear/Schtroumpfs Autour du Monde, Les (Europe) (En,Fr,De,Es).gg
renamed	gamegear/Ottifants, The (Europe).gg	gamegear/Ottifants, The (Europe) (En,Fr,De,Es,It).gg
renamed	gamegear/Jeopardy! - Sports Edition (USA, Europe).gg	gamegear/Jeopardy! - Sports Edition (USA).gg
renamed	gamegear/Captain America and the Avengers (USA, Europe).gg	gamegear/Captain America and the Avengers (USA).gg
renamed	gamegear/Cliffhanger (USA, Europe).gg	gamegear/Cliffhanger (USA).gg
renamed	gamegear/Sonic Drift 2 (Japan, USA).zip	gamegear/Sonic Drift 2 (World).zip
renamed	gamegear/Sokoban World.gg	gamegear/Soukoban (Japan) (En).gg
renamed	gamegear/GP Rider (USA, Europe).gg	gamegear/GP Rider (World).gg
renamed	gamegear/Star Trek Generations - Beyond the Nexus (USA, Europe).gg	gamegear/Star Trek Generations - Beyond the Nexus (USA).gg
renamed	gamegear/Poker Faced Paul's Solitaire (USA).gg	gamegear/Poker Face Paul's Solitaire (USA).gg
renamed	gamegear/Olympic Gold (USA).gg	gamegear/Olympic Gold (Japan, USA, Brazil) (En,Fr,De,Es,It,Nl,Pt,Sv).gg
renamed	gamegear/Halley Wars (USA, Europe).gg	gamegear/Halley Wars (USA, Europe, Brazil) (En).gg
renamed	gamegear/Asterix and the Secret Mission (Europe).gg	gamegear/Asterix and the Secret Mission (Europe) (En,Fr,De).gg
renamed	gamegear/Ichidant~R GG (Japan).gg	gamegear/Puzzle & Action - Ichidanto-R (Japan).gg
renamed	gamegear/Joe Montana's Football (USA, Europe).gg	gamegear/Joe Montana Football (Japan, Brazil) (En) (Rev 1).gg
renamed	gamegear/Pac-Man (USA).gg	gamegear/Pac-Man (Japan) (En).gg
renamed	gamegear/Super Kick Off (Europe, Japan).gg	gamegear/Super Kick Off (Europe) (En,Fr,De,Es,It,Nl,Pt,Sv).gg
renamed	gamegear/Baku Baku Animal (USA).gg	gamegear/Baku Baku (Europe).gg
renamed	gamegear/Last Bible 2.gg	gamegear/Megami Tensei Gaiden - Last Bible (Japan).gg
renamed	gamegear/Incredible Crash Dummies, The (USA, Europe).gg	gamegear/Incredible Crash Dummies, The (World).gg
renamed	gamegear/Lucky Dime Caper, The (USA, Europe).gg	gamegear/Lucky Dime Caper Starring Donald Duck, The (USA, Europe, Brazil) (En).gg
renamed	gamegear/World Class Leader Board (USA, Europe).gg	gamegear/World Class Leaderboard (USA, Europe).gg
renamed	gamegear/Desert Strike - Return to the Gulf (USA, Europe).gg	gamegear/Desert Strike - Return to the Gulf (USA).gg
renamed	gamegear/Sonic Chaos (USA, Europe).gg	gamegear/Sonic Chaos (USA, Europe, Brazil) (En).gg
renamed	gamegear/Mickey's Ultimate Challenge (USA, Europe).gg	gamegear/Mickey's Ultimate Challenge (USA).gg
renamed	gamegear/Revenge of Drancon (USA).gg	gamegear/Revenge of Drancon (USA, Brazil) (En).gg
renamed	gamegear/Panzer Dragoon Mini (Japan).gg	gamegear/Panzer Dragoon Mini (Japan) (En).gg
renamed	gamegear/Super Return of the Jedi (USA, Europe).gg	gamegear/Super Star Wars - Return of the Jedi (USA, Europe).gg
renamed	gamegear/Puyo Puyo (Japan).gg	gamegear/Puyo Puyo (Japan) (En,Ja).gg
renamed	gamegear/Marko's Magic Football (Europe).gg	gamegear/Marko's Magic Football (Europe) (En,Fr,De,Es).gg
renamed	gamegear/PGA Tour Golf (USA).gg	gamegear/PGA Tour Golf (USA, Europe).gg
renamed	gamegear/Sonic Spinball (USA, Europe).gg	gamegear/Sonic Spinball (USA, Europe, Brazil) (En).gg
renamed	gamegear/Mick & Mack as the Global Gladiators (USA, Europe).gg	gamegear/Global Gladiators (Europe).gg
renamed	gamegear/Cosmic Spacehead (USA).gg	gamegear/Cosmic Spacehead (USA, Europe).gg
renamed	gamegear/Pac-Attack (USA, Europe).gg	gamegear/Pac-Attack (USA).gg
renamed	gamegear/Dropzone (Europe).gg	gamegear/Archer Maclean's Dropzone (Europe).gg
renamed	gamegear/Winter Olympics - Lillehammer '94 (USA, Europe).gg	gamegear/Winter Olympics (USA, Europe) (En,Fr,De,Es,It,Pt,Sv,No).gg
renamed	gamegear/Bust-A-Move (USA, Europe).gg	gamegear/Bust-A-Move (USA).gg
renamed	gamegear/Home Alone (USA, Europe).gg	gamegear/Home Alone (USA, Europe, Brazil) (En).gg
renamed	gamegear/Arch Rivals (USA).gg	gamegear/Arch Rivals - The Arcade Game (USA).gg
renamed	gamegear/Zoop (USA).gg	gamegear/Zoop (USA) (Beta).gg
renamed	gamegear/GG Aleste (Japan).gg	gamegear/GG Aleste (Japan) (En).gg
renamed	gamegear/Poker Faced Paul's Blackjack (USA).gg	gamegear/Poker Face Paul's Blackjack (USA).gg
renamed	gamegear/Wonder Boy - The Dragon's Trap (Europe).gg	gamegear/Wonder Boy III - The Dragon's Trap (Europe) (Beta).gg
renamed	gamegear/Hook (USA, Europe).gg	gamegear/Hook (USA).gg
renamed	gamegear/Paperboy II (USA, Europe).gg	gamegear/Paperboy 2 (USA).gg
renamed	gamegear/NBA Jam Tournament Edition (USA, Europe).gg	gamegear/NBA Jam - Tournament Edition (World).gg
renamed	gamegear/Smurfs, The (Europe).gg	gamegear/Smurfs, The (Europe) (En,Fr,De,Es).gg
renamed	gamegear/NFL Quarterback Club '96 (USA, Europe).gg	gamegear/NFL Quarterback Club 96 (USA).gg
renamed	gamegear/Asterix and the Great Rescue (USA).gg	gamegear/Asterix and the Great Rescue (Europe) (En,Fr,De,Es,It).gg
renamed	gamegear/Kawasaki Superbike Challenge (USA, Europe).gg	gamegear/Kawasaki Superbike Challenge (Europe).gg
renamed	gamegear/NBA Action (USA).gg	gamegear/NBA Action Starring David Robinson (USA, Brazil) (En).gg
renamed	gamegear/Ayrton Senna's Super Monaco GP II (USA, Europe).gg	gamegear/Ayrton Senna's Super Monaco GP II (USA, Europe, Brazil) (En).gg
renamed	gamegear/Majors Pro Baseball, The (USA).gg	gamegear/Majors, The - Pro Baseball (USA).gg
renamed	gamegear/OutRun (USA, Europe).gg	gamegear/OutRun (Europe, Brazil) (En).gg
renamed	gamegear/CJ Elephant Fugitive (Europe).gg	gamegear/CJ Elephant Fugitive (USA, Europe).gg
renamed	gamegear/Jang Pung II (Korea) (Unl).gg	gamegear/Jang Pung II (Korea) (En).gg
renamed	gamegear/Streets of Rage II (World).gg	gamegear/Streets of Rage 2 (World).gg
renamed	gamegear/Batter Up (USA, Europe).gg	gamegear/Batter Up (USA).gg
renamed	gamegear/Bubble Bobble (USA, Europe).gg	gamegear/Bubble Bobble (USA).gg
renamed	gamegear/World Cup USA 94 (USA, Europe).gg	gamegear/World Cup USA 94 (USA, Europe, Brazil) (En,Fr,De,Es,It,Nl,Pt,Sv).gg
renamed	gamegear/RoboCop versus The Terminator (USA, Europe).gg	gamegear/Terminator, The (USA, Europe).gg
renamed	nes/Might and Magic (U).nes	nes/Might & Magic - Secret of the Inner Sanctum (USA).nes
renamed	nes/Freedom Force (U) [!].nes	nes/Freedom Force (USA).nes
renamed	nes/Peek-A-Boo Poker (UE) [!].nes	nes/Peek-A-Boo Poker (USA).nes
renamed	nes/Marvel's X-Men (U) [a1].nes	nes/Uncanny X-Men, The (USA) (Alt).nes
renamed	nes/Chip 'n Dale Rescue Rangers (U) [!].nes	nes/Chip 'n Dale - Rescue Rangers (USA).nes
renamed	nes/Exodus (U) (V4.0) [!].nes	nes/Exodus - Journey to the Promised Land (USA) (v4.0).nes
renamed	nes/Bard's Tale - Tales of the Unknown, The (U) [!].nes	nes/Bard's Tale, The (USA).nes
renamed	nes/Swamp Thing (U) [!].nes	nes/Swamp Thing (USA).nes
renamed	nes/F-117a Stealth Fighter (U) [!].nes	nes/F-117A Stealth Fighter (USA).nes
renamed	nes/Marvel's X-Men (U).nes	nes/Uncanny X-Men, The (USA).nes
renamed	nes/Super Spike V'Ball - Nintendo World Cup (U) [!].nes	nes/Super Spike V'Ball + Nintendo World Cup (USA).nes
renamed	nes/T&C Surf Design (U).nes	nes/Town & Country Surf Designs - Wood & Water Rage (USA).nes
renamed	nes/Bucky O'Hare (U) [!].nes	nes/Bucky O'Hare (USA).nes
renamed	nes/Beetlejuice (U) [!].nes	nes/Beetlejuice (USA).nes
renamed	nes/Tetris (U) [!].nes	nes/Tetris (USA).nes
renamed	nes/Gargoyle's Quest 2 - The Demon Darkness (U).nes	nes/Gargoyle's Quest II (USA).nes
renamed	nes/Home Alone (U) [!].nes	nes/Home Alone (USA) (Rev 1).nes
renamed	nes/Arkista's Ring (U) [!].nes	nes/Arkista's Ring (USA).nes
renamed	nes/World Champ (U) [!].nes	nes/World Champ (USA).nes
renamed	nes/Nintendo World Championships 1990 (U) [!].nes	nes/Nintendo World Championships 1990 (USA) (Competition Cart).nes
renamed	nes/Hero Quest (U) (Prototype) [!].nes	nes/HeroQuest (USA) (Proto).nes
renamed	nes/Bubble Bath Babes (UE) [!].nes	nes/Bubble Bath Babes (USA).nes
renamed	nes/Wizards & Warriors 3 (U).nes	nes/Wizards & Warriors III - Kuros... Visions of Power (USA).nes
renamed	nes/Ferrari - Grand Prix Challenge (U) [!].nes	nes/Ferrari Grand Prix Challenge (USA).nes
renamed	nes/Free Fall (U) (Prototype) [!].nes	nes/Free Fall (USA) (Proto 2).nes
renamed	nes/Raid 2020 (U) [!].nes	nes/Raid 2020 (USA).nes
renamed	nes/Romance of the Three Kingdoms 2 (U) [!].nes	nes/Romance of the Three Kingdoms II (USA).nes
renamed	nes/Formula One Built To Win (U) [!].nes	nes/Formula One - Built to Win (USA).nes
renamed	snes/Rex Ronan - Experimental Surgeon (USA).smc	snes/Rex Ronan - Experimental Surgeon (USA) (En,Es).smc
renamed	snes/Spawn (USA).smc	snes/Todd McFarlane's Spawn - The Video Game (USA).smc
renamed	snes/Lucky Luke (Europe).sfc	snes/Lucky Luke (Europe) (En,Fr,De,Es).sfc
renamed	snes/GunForce - Battle Fire Engulfed Terror Island (USA).smc	snes/GunForce (USA).smc
renamed	snes/Super Copa (Brazil).sfc	snes/Super Copa (USA) (Es,Pt).sfc
renamed	snes/Kick Off 3 - European Challenge (Europe).sfc	snes/Kick Off 3 - European Challenge (Europe) (En,Fr,De,Es,It).sfc
renamed	snes/FIFA Soccer 96 (USA).smc	snes/FIFA Soccer 96 (USA) (En,Fr,De,Es,It,Sv).smc
renamed	snes/Stunt Race FX (USA).smc	snes/Stunt Race FX (USA) (Rev 1).smc
renamed	snes/Killer Instinct (USA).smc	snes/Killer Instinct (USA) (Rev 1).smc
renamed	snes/Space Invaders - The Original Game (USA).smc	snes/Space Invaders (USA).smc
renamed	snes/Donkey Kong Country 3-Dixie K Double Trouble(U)[!].zip	snes/Donkey Kong Country 3 - Dixie Kong's Double Trouble! (USA) (En,Fr).zip
renamed	snes/Fighter's History (USA).smc	snes/Fighter's History (USA) (Rev 1).smc
renamed	snes/Super Battletank - War in the Gulf (USA).smc	snes/Garry Kitchen's Super Battletank - War in the Gulf (USA) (Rev 1).smc
renamed	snes/Thomas the Tank Engine and Friends (USA).smc	snes/Thomas the Tank Engine & Friends (USA).smc
renamed	snes/King of Dragons, The (USA).smc	snes/King of Dragons (USA).smc
renamed	snes/Super Bomberman 5 Gold Cartridge (J) [!].zip	snes/Super Bomberman 5 - Caravan Event Ban (Japan).zip
renamed	snes/Legend (USA).smc	snes/Legend (USA) (Beta).smc
renamed	snes/Home Improvement (USA).smc	snes/Home Improvement - Power Tool Pursuit! (USA).smc
renamed	snes/Smurfs Travel the World, The (Europe).sfc	snes/Smurfs, The (Europe) (En,Fr,De,Es,It).sfc
renamed	snes/R.P.M. Racing (USA).smc	snes/Radical Psycho Machine Racing (USA).smc
renamed	snes/Speed Racer in My Most Dangerous Adventures (USA).smc	snes/Speed Racer (USA).smc
renamed	snes/Might and Magic II - Gates to Another World (Europe).sfc	snes/Might and Magic II (Europe).sfc
renamed	snes/Mega Man X (USA).smc	snes/Mega Man X (USA) (Rev 1).smc
renamed	snes/Final Fantasy - Mystic Quest (USA).smc	snes/Final Fantasy - Mystic Quest (USA) (Rev 1).smc
renamed	snes/Sailor Moon (France).smc	snes/Sailormoon (France).smc
renamed	snes/Spirou (Europe).sfc	snes/Spirou (Europe) (En,Fr,De,Es).sfc
renamed	snes/Kirby's Dream Land 3 (U).zip	snes/Kirby's Dream Land 3 (USA).zip
renamed	snes/Flintstones, The (USA).smc	snes/Flintstones, The (USA) (En,Fr,De,Es,It).smc
renamed	snes/Jammit (USA).smc	snes/Street Sports - Jammit (USA).smc
renamed	snes/Donkey Kong Country (U) (V1.2) [!].zip	snes/Donkey Kong Country (USA) (Rev 2).zip
renamed	snes/Flashback - The Quest for Identity (USA).smc	snes/Flashback - The Quest for Identity (USA) (En,Fr,De).smc
renamed	snes/Super Buster Bros. (USA).smc	snes/Super Buster Bros. (USA) (Rev 1).smc
renamed	snes/Ren & Stimpy Show, The - Buckeroos! (USA).smc	snes/Ren & Stimpy Show, The - Buckeroo$! (USA).smc
renamed	snes/Monopoly (USA).smc	snes/Monopoly (USA) (Rev 1).smc
renamed	snes/Lemmings (USA).smc	snes/Lemmings (USA) (Rev 1).smc
renamed	snes/Spider-Man & Venom - Separation Anxiety (USA).smc	snes/Venom - Spider-Man - Separation Anxiety (USA).smc
renamed	snes/Shadow, The (USA) (Proto).smc	snes/Shadow, The (USA) (Proto 2).smc
renamed	snes/Mortal Kombat II (USA).smc	snes/Mortal Kombat II (USA) (Rev 1).smc
renamed	snes/Hit the Ice (USA).smc	snes/Hit the Ice - VHL - The Official Video Hockey League (USA).smc
renamed	snes/International Superstar Soccer (Europe).smc	snes/International Superstar Soccer (USA).smc
renamed	snes/Michael Andretti's IndyCar Challenge (USA).smc	snes/Michael Andretti's Indy Car Challenge (USA).smc
renamed	snes/Super Boss Gaiden (J) (V1.2).sfc	snes/Super Boss Gaiden (World) (v1.2).sfc
renamed	snes/Super Conflict - The Mideast (USA).smc	snes/Super Conflict (USA).smc
renamed	snes/Super Star Wars - Return of the Jedi (USA).smc	snes/Super Star Wars - Return of the Jedi (USA) (Rev 1).smc
renamed	snes/Super Metroid.zip	snes/Super Metroid (Japan, USA) (En,Ja).zip
renamed	snes/Addams Family Values (USA).smc	snes/Addams Family Values (USA) (En,Fr,De).smc
renamed	snes/George Foreman's KO Boxing (USA).smc	snes/George Foreman's KO Boxing (USA) (Rev 1).smc
renamed	snes/Road Riot 4WD (USA).smc	snes/Road Riot 4WD (USA) (Beta).smc
renamed	snes/Mega lo Mania (Europe).sfc	snes/Mega-lo-Mania (Europe) (En,Fr,De).sfc
renamed	snes/Kablooey (USA).smc	snes/Ka-blooey (USA).smc
renamed	snes/Prehistorik Man (USA).smc	snes/Prehistorik Man (USA) (En,Fr,Es).smc
renamed	snes/Fire Striker (USA).smc	snes/FireStriker (USA).smc
renamed	snes/Krusty's Super Fun House (USA).smc	snes/Krusty's Super Fun House (USA) (Rev 1).smc
renamed	snes/Hook (USA).smc	snes/Hook (USA) (Beta).smc
renamed	snes/FIFA 98 - Road to World Cup (Europe).sfc	snes/FIFA - Road to World Cup 98 (Europe) (En,Fr,De,Es,It,Sv) (A8FE).sfc
renamed	snes/R-Type III - The Third Lightning (USA).smc	snes/R-Type III (USA).smc
renamed	snes/Phalanx - The Enforce Fighter A-144 (USA).smc	snes/Phalanx (USA).smc
renamed	snes/Jurassic Park (USA).smc	snes/Jurassic Park (USA) (Rev 1).smc
renamed	snes/Spider-Man and the X-Men - Arcade's Revenge (USA).smc	snes/Spider-Man - X-Men - Arcade's Revenge (USA).smc
renamed	snes/Sink or Swim (USA).smc	snes/S.O.S - Sink or Swim (USA).smc
renamed	snes/Musya (USA).smc	snes/Musya - The Classic Japanese Tale of Horror (USA).smc
renamed	snes/Time Slip (USA).sfc	snes/Timeslip (USA).sfc
renamed	snes/Power Drive (Europe).smc	snes/Power Drive (USA) (En,Fr,De,Es,Pt) (Proto).smc
renamed	snes/SimCity 2000 (USA).smc	snes/SimCity 2000 - The Ultimate City Simulator (USA).smc
renamed	snes/Sports Illustrated Championship Football & Baseball (USA).smc	snes/Sports Illustrated - Championship Football & Baseball (USA) (Beta 2).smc
renamed	snes/Final Fantasy II (USA).smc	snes/Final Fantasy II (USA) (Rev 1).smc
renamed	snes/Mr. Nutz (USA).smc	snes/Mr. Nutz (USA) (En,Fr).smc
renamed	snes/Tetris Attack (USA).zip	snes/Tetris Attack (USA) (En,Ja).zip
renamed	snes/College Football USA '97 - The Road to New Orleans (USA).smc	snes/College Football USA 97 (USA).smc
renamed	snes/Sporting News Power Baseball, The (USA).smc	snes/Sporting News, The - Baseball (USA).smc
renamed	snes/Super Mario World (U) [!].smc	snes/Super Mario World (USA).smc
renamed	snes/Firemen, The (Europe).sfc	snes/Firemen, The (Europe) (En,Fr,De).sfc
renamed	snes/SimAnt (USA).sfc	snes/SimAnt - The Electronic Ant Colony (USA).sfc
renamed	snes/FIFA Soccer 97 - Gold Edition (USA).smc	snes/FIFA Soccer 97 (USA) (En,Fr,De,Es,It,Sv).smc
renamed	snes/Street Hockey '95 (USA).smc	snes/Street Sports - Street Hockey '95 (USA).smc
renamed	snes/John Madden Football '93 (USA).smc	snes/John Madden Football '93 (USA) (Rev 1).smc
renamed	snes/Packy & Marlon (USA).smc	snes/Packy & Marlon (USA) (En,Fr,Es).smc
renamed	snes/Jurassic Park II - The Chaos Continues (USA).smc	snes/Jurassic Park Part 2 - The Chaos Continues (USA) (En,Fr,De,It).smc
renamed	snes/Prince of Persia 2 - The Shadow & The Flame (USA).smc	snes/Prince of Persia 2 (USA).smc
renamed	snes/Marko's Magic Football (Europe).sfc	snes/Marko's Magic Football (Europe) (En,Fr,De,Es).sfc
renamed	snes/Theme Park (Europe).sfc	snes/Theme Park (Europe) (En,Fr,De).sfc
renamed	snes/Speedy Gonzales - Los Gatos Bandidos (USA).smc	snes/Speedy Gonzales - Los Gatos Bandidos (USA) (Rev 1).smc
renamed	snes/Marvel Super Heroes - War of the Gems (USA).smc	snes/Marvel Super Heroes in War of the Gems (USA).smc
renamed	snes/Super Mario Kart (U) [!].zip	snes/Super Mario Kart (USA).zip
renamed	snes/Super Star Wars - The Empire Strikes Back (USA).smc	snes/Super Star Wars - The Empire Strikes Back (USA) (Rev 1).smc
renamed	snes/Rap Jam - Volume One (USA).smc	snes/RapJam - Volume One (USA) (En,Fr,Es).smc
renamed	sfc/Aryol (Japan).7z	sfc/Ugoku E Ver. 2.0 - Aryol (Japan) (En,Ja).7z
renamed	sfc/Rockman 7 - Shukumei no Taiketsu! (Japan) (Translated En).zip	sfc/Rockman 7 - Shukumei no Taiketsu! (Japan).zip
renamed	sfc/Panel de Pon (Japan) (Translated En).zip	sfc/Panel de Pon (Japan).zip
renamed	sfc/Super Puyo Puyo Tsuu (Japan) (Translated En).zip	sfc/Super Puyo Puyo Tsuu (Japan).zip
renamed	sfc/Amazing Spider-Man, The - Lethal Foes (Japan) (Translated En).7z	sfc/Amazing Spider-Man, The - Lethal Foes (Japan).7z
renamed	sfc/Ancient Magic - Bazoe! Mahou Sekai (Japan) (Translated En).7z	sfc/Ancient Magic - Bazoe! Mahou Sekai (Japan).7z
renamed	sfc/Columns (Japan).7z	sfc/Columns (Japan) (NP).7z
renamed	sfc/Ryuuki Heidan Danzarb (Japan) (Translated En).zip	sfc/Ryuukiheidan Dunzarv (Japan).zip
renamed	sfc/Acrobat Mission (Japan).7z	sfc/Acrobat Mission (Japan) (En).7z
renamed	sfc/Kikou Keisatsu Metal Jack (Japan).zip	sfc/Armored Police - Metal Jack (Japan).zip
renamed	sfc/Jelly Boy 2 (Japan) (Proto) (Translated En).7z	sfc/Jelly Boy 2 (Japan) (Proto).7z
renamed	sfc/Funaki Masakatsu Hybrid Wrestler - Tougi Denshou (Japan) (Translated En).7z	sfc/Funaki Masakatsu Hybrid Wrestler - Tougi Denshou (Japan).7z
renamed	sfc/Jikkyou Power Pro Wrestling '96 - Max Voltage (Japan) (Translated En).7z	sfc/Jikkyou Powerful Pro Yakyuu '96 - Kaimaku Ban (Japan) (Rev 1).7z
renamed	sfc/Masters - Harukanaru Augusta 2 (Japan).zip	sfc/Harukanaru Augusta 2 - Masters (Japan).zip
renamed	sfc/Oekaki Logic 2 (Japan).7z	sfc/Oekaki Logic 2 (Japan) (NP).7z
renamed	sfc/Clockwerx (Japan) (Translated En).zip	sfc/ClockWerx (Japan).zip
renamed	sfc/Ring ni Kakero (Japan).7z	sfc/Ring ni Kakero (Japan) (NP).7z
renamed	sfc/Ochan no Oekaki Logic (Japan).7z	sfc/Ou-chan no Oekaki Logic (Japan).7z
renamed	sfc/Jikkyou Powerful Pro Yakyuu - Basic Ban '98 (Japan).7z	sfc/Jikkyou Powerful Pro Yakyuu - Basic '98 (Japan).7z
renamed	sfc/Super Dunk Shot (Japan).zip	sfc/Super Dunk Shot (Japan) (En).zip
renamed	sfc/Oekaki Logic (Japan).7z	sfc/Oekaki Logic (Japan) (NP).7z
renamed	sfc/Super Family Gelaende (Japan).7z	sfc/Super Family Gelaende (Japan) (NP).7z
renamed	sfc/Masters New - Harukanaru Augusta 3 (Japan).zip	sfc/Harukanaru Augusta 3 - Masters New (Japan).zip
renamed	sfc/Holy Umbrella - Dondera no Mubou!! (Japan) (Translated En).7z	sfc/Holy Umbrella - Dondera no Mubou!! (Japan).7z
renamed	sfc/Power Lode Runner (Japan).7z	sfc/Power Lode Runner (Japan) (NP).7z
renamed	sfc/Human Grand Prix IV - F1 Dream Battle (Japan).7z	sfc/Human Grand Prix IV - F1 Dream Battle (Japan) (En).7z
renamed	sfc/From TV Animation Slam Dunk - Dream Team - Shuueisha Limited (Japan).7z	sfc/From TV Animation Slam Dunk - Shuueisha Limited (Japan).7z
renamed	sfc/Jikkyou Powerful Pro Yakyuu '96 - Kaimaku Ban (Japan).7z	sfc/Furuta Atsuya no Simulation Pro Yakyuu 2 (Japan).7z
renamed	sfc/Assault Suits Valken (Japan) (Translated En).zip	sfc/Juusou Kihei Valken (Japan).zip
renamed	sfc/Okamoto Ayako to Match Play Golf (Japan) (Translated En).zip	sfc/Okamoto Ayako to Match Play Golf - Ko Olina Golf Club in Hawaii (Japan).zip
renamed	sfc/Naxat Super Pinball - Jaki Hakai (Japan).zip	sfc/Naxat Super Pinball - Jaki Crush (Japan).zip
renamed	mastersystem/Road Rash (Europe).sms	mastersystem/Road Rash (Europe, Brazil) (En).sms
renamed	mastersystem/Jang Pung 3 (Korea) (Unl).sms	mastersystem/Jang Pung 3 (Korea) (En).sms
renamed	mastersystem/Missile Defense 3-D (USA, Europe).sms	mastersystem/Missile Defense 3-D (USA, Europe, Brazil) (En).sms
renamed	mastersystem/Vigilante (USA, Europe).sms	mastersystem/Vigilante (USA, Europe, Brazil) (En).sms
renamed	mastersystem/Kenseiden (USA, Europe).sms	mastersystem/Kenseiden (USA, Europe, Brazil) (En).sms
renamed	mastersystem/Shinobi (USA, Europe).sms	mastersystem/Shinobi (USA, Europe, Brazil) (En) (Rev 1).sms
renamed	mastersystem/F-1 Spirit - The Way to Formula-1 (Korea) (Unl) (Pirate).sms	mastersystem/F-1 Spirit - The Way to Formula-1 (Korea) (En).sms
renamed	mastersystem/Cyborg Hunter (USA, Europe).sms	mastersystem/Cyborg Hunter (USA, Europe, Brazil) (En).sms
renamed	mastersystem/Gangcheol RoboCop (Korea) (Unl).sms	mastersystem/Gangcheol RoboCop (Korea) (En).sms
renamed	mastersystem/Populous (Europe).sms	mastersystem/Populous (Europe, Brazil) (En).sms
renamed	mastersystem/Out Run 3-D (Europe).sms	mastersystem/OutRun 3-D (Europe, Brazil) (En).sms
renamed	mastersystem/Star Wars (Europe).sms	mastersystem/Star Wars (Europe, Brazil) (En).sms
renamed	mastersystem/Altered Beast (USA, Europe).sms	mastersystem/Altered Beast (USA, Europe, Brazil) (En).sms
renamed	mastersystem/Cheese Cat-astrophe Starring Speedy Gonzales (Europe) (En,Fr,De,Es).sms	mastersystem/Cheese Cat-astrophe Starring Speedy Gonzales (Europe, Brazil) (En,Fr,De,Es).sms
renamed	mastersystem/Cyborg Z (Korea).sms	mastersystem/Cyborg Z (Korea) (En).sms
renamed	mastersystem/Wonder Boy (USA, Europe).sms	mastersystem/Wonder Boy (USA, Europe, Brazil) (En) (Rev 1).sms
renamed	mastersystem/Flashpoint (Korea) (Unl).sms	mastersystem/Flashpoint (Korea) (En).sms
renamed	mastersystem/Ninja Gaiden (Europe).sms	mastersystem/Ninja Gaiden (Europe, Brazil) (En).sms
renamed	mastersystem/Gun.Smoke (Korea) (Unl).sms	mastersystem/Gun.Smoke (Korea) (En).sms
renamed	mastersystem/Ms. Pac-Man (Europe).sms	mastersystem/Ms. Pac-Man (Europe, Brazil) (En).sms
renamed	mastersystem/Bank Panic (Europe).sms	mastersystem/Bank Panic (Europe, Brazil) (En).sms
renamed	mastersystem/Alien Storm (Europe).sms	mastersystem/Alien Storm (Europe, Brazil) (En).sms
renamed	mastersystem/94 Super World Cup Soccer (Korea).sms	mastersystem/94 Super World Cup Soccer (Korea) (En).sms
renamed	mastersystem/Speedball (Europe) (Image Works).sms	mastersystem/Speedball (Europe).sms
renamed	mastersystem/Space Harrier 3-D (USA, Europe).sms	mastersystem/Space Harrier 3-D (USA, Europe, Brazil) (En).sms
renamed	mastersystem/Asterix (Europe) (En,Fr) (Rev 1).sms	mastersystem/Asterix (Europe, Brazil) (En,Fr) (Rev 1).sms
renamed	mastersystem/Buggy Run (Europe).sms	mastersystem/Buggy Run (Europe, Brazil) (En).sms
renamed	mastersystem/Ecco the Dolphin (Europe).sms	mastersystem/Ecco the Dolphin (Europe, Brazil) (En).sms
renamed	mastersystem/Back to the Future Part II (Europe).sms	mastersystem/Back to the Future Part II (Europe, Brazil) (En).sms
renamed	mastersystem/Taz in Escape from Mars (Brazil).sms	mastersystem/Taz in Escape from Mars (Brazil) (En).sms
renamed	mastersystem/World Class Leader Board (Europe).sms	mastersystem/World Class Leaderboard (Europe, Brazil) (En).sms
renamed	mastersystem/Alex Kidd - High-Tech World (USA, Europe).sms	mastersystem/Alex Kidd - High-Tech World (USA, Europe, Brazil) (En).sms
renamed	mastersystem/Dallyeora Pigu-Wang (Korea) (Unl).sms	mastersystem/Dallyeora Pigu-Wang (Korea).sms
renamed	mastersystem/Superman - The Man of Steel (Europe).sms	mastersystem/Superman - The Man of Steel (Europe, Brazil) (En).sms
renamed	mastersystem/Eagles 5 (Korea).sms	mastersystem/Eagles 5 (Korea) (En).sms
renamed	mastersystem/Land of Illusion Starring Mickey Mouse (Europe).sms	mastersystem/Land of Illusion Starring Mickey Mouse (Europe, Brazil) (En).sms
renamed	mastersystem/Spy vs. Spy (USA, Europe).sms	mastersystem/Spy vs Spy (USA, Europe, Brazil) (En).sms
renamed	mastersystem/Danan - The Jungle Fighter (Europe).sms	mastersystem/Danan - The Jungle Fighter (Europe, Brazil) (En).sms
renamed	mastersystem/Mortal Kombat 3 (Brazil).sms	mastersystem/Mortal Kombat 3 (Brazil) (En).sms
renamed	mastersystem/Fantasy Zone (World) (Rev 2).sms	mastersystem/Fantasy Zone (World) (Rev 1).sms
renamed	mastersystem/Rampage (USA, Europe).sms	mastersystem/Rampage (USA, Europe, Brazil) (En).sms
renamed	mastersystem/Forgotten Worlds (Europe).sms	mastersystem/Forgotten Worlds (Europe, Brazil) (En).sms
renamed	mastersystem/Wolfchild (Europe).sms	mastersystem/Wolfchild (Europe, Brazil) (En).sms
renamed	mastersystem/World Games (Europe).sms	mastersystem/World Games (Europe, Brazil) (En).sms
renamed	mastersystem/F1 (Europe).sms	mastersystem/F1 (Europe, Brazil) (En).sms
renamed	mastersystem/World Cup USA 94 (Europe) (En,Fr,De,Es,It,Nl,Pt,Sv).sms	mastersystem/World Cup USA 94 (Europe, Brazil) (En,Fr,De,Es,It,Nl,Pt,Sv).sms
renamed	mastersystem/Krusty's Fun House (Europe).sms	mastersystem/Krusty's Fun House (Europe, Brazil) (En).sms
renamed	mastersystem/Legend of Illusion Starring Mickey Mouse (Brazil).sms	mastersystem/Legend of Illusion Starring Mickey Mouse (Brazil) (En).sms
renamed	mastersystem/GP Rider (Europe).sms	mastersystem/GP Rider (Europe, Brazil) (En).sms
renamed	mastersystem/Shooting Gallery (USA, Europe).sms	mastersystem/Shooting Gallery (USA, Europe, Brazil) (En).sms
renamed	mastersystem/Golvellius (USA, Europe).sms	mastersystem/Golvellius - Valley of Doom (USA, Europe, Brazil) (En).sms
renamed	mastersystem/Fire & Ice (Brazil).sms	mastersystem/Fire & Ice (Brazil) (En).sms
renamed	mastersystem/Ghost House (USA, Europe).sms	mastersystem/Ghost House (USA, Europe, Brazil) (En).sms
renamed	mastersystem/Battle Out Run (Europe).sms	mastersystem/Battle Out Run (Europe, Brazil) (En).sms
renamed	mastersystem/Daffy Duck in Hollywood (Europe) (En,Fr,De,Es,It).sms	mastersystem/Daffy Duck in Hollywood (Europe, Brazil) (En,Fr,De,Es,It).sms
renamed	mastersystem/Ottifants, The (Europe) (En,Fr,De,Es,It).sms	mastersystem/Ottifants, The (Europe, Brazil) (En,Fr,De,Es,It).sms
renamed	mastersystem/Asterix and the Great Rescue (Europe) (En,Fr,De,Es,It).sms	mastersystem/Asterix and the Great Rescue (Europe, Brazil) (En,Fr,De,Es,It).sms
renamed	mastersystem/Mortal Kombat II (Europe).sms	mastersystem/Mortal Kombat II (Europe, Brazil) (En).sms
renamed	mastersystem/Megumi Rescue (Japan).sms	mastersystem/Megumi Rescue (Japan) (En).sms
renamed	mastersystem/E-SWAT (USA, Europe) (Easy Version).sms	mastersystem/E-SWAT (USA, Europe, Brazil) (En).sms
renamed	mastersystem/Dinosaur Dooley, The (Korea) (Unl).sms	mastersystem/Dinosaur Dooley, The (Korea) (En).sms
renamed	mastersystem/Incredible Hulk, The (Europe).sms	mastersystem/Incredible Hulk, The (Europe, Brazil) (En).sms
renamed	mastersystem/Sky Jaguar (Korea).sms	mastersystem/Sky Jaguar (Korea) (En) (Samsung).sms
renamed	mastersystem/Battlemaniacs (Brazil).sms	mastersystem/Battlemaniacs (Brazil) (En).sms
renamed	mastersystem/Winter Olympics - Lillehammer '94 (Europe) (En,Fr,De,Es,It,Pt,Sv,No).sms	mastersystem/Winter Olympics (Europe) (En,Fr,De,Es,It,Pt,Sv,No).sms
renamed	mastersystem/Gaegujangi Ggachi (Korea) (Unl).sms	mastersystem/Gaegujangi Kkachi (Korea).sms
renamed	mastersystem/Rescue Mission (USA, Europe).sms	mastersystem/Rescue Mission (USA, Europe, Brazil) (En).sms
renamed	mastersystem/Jungle Book, The (Europe).sms	mastersystem/Jungle Book, The (Europe, Brazil) (En).sms
renamed	mastersystem/Aladdin (Europe).sms	mastersystem/Aladdin (Europe, Brazil) (En).sms
renamed	mastersystem/Assault City (Europe).sms	mastersystem/Assault City (Europe) (Joypad).sms
renamed	mastersystem/Mopiranger (Korea) (Unl).sms	mastersystem/Mopiranger (Korea) (En).sms
renamed	mastersystem/Shadow Dancer (Europe).sms	mastersystem/Shadow Dancer - The Secret of Shinobi (Europe, Brazil) (En).sms
renamed	mastersystem/Simpsons, The - Bart vs. the Space Mutants (Europe).sms	mastersystem/Simpsons, The - Bart vs. The Space Mutants (Europe, Brazil) (En).sms
renamed	mastersystem/Master of Darkness (Europe).sms	mastersystem/Master of Darkness (Europe, Brazil) (En).sms
renamed	mastersystem/Super Kick Off (Europe) (En,Fr,De,Es,It,Nl,Pt,Sv).sms	mastersystem/Super Kick Off (Europe, Brazil) (En,Fr,De,Es,It,Nl,Pt,Sv).sms
renamed	mastersystem/Tom and Jerry - The Movie (Europe).sms	mastersystem/Tom and Jerry - The Movie (Europe, Brazil) (En).sms
renamed	mastersystem/Global Defense (USA, Europe).sms	mastersystem/Global Defense (USA, Europe, Brazil) (En).sms
renamed	mastersystem/Paperboy (USA).sms	mastersystem/Paperboy (USA, Brazil) (En).sms
renamed	mastersystem/Fushigi no Oshiro Pit Pot (Japan).sms	mastersystem/Fushigi no Oshiro Pit Pot (Japan) (En).sms
renamed	mastersystem/Bonkers Wax Up! (Brazil).sms	mastersystem/Bonkers Wax Up! (Brazil) (En).sms
renamed	mastersystem/Astro Warrior (Japan, USA).sms	mastersystem/Astro Warrior (Japan, USA, Brazil) (En).sms
renamed	mastersystem/Dynamite Dux (Europe).sms	mastersystem/Dynamite Dux (Europe, Brazil) (En).sms
renamed	mastersystem/R.C. Grand Prix (USA, Europe).sms	mastersystem/R.C. Grand Prix (USA, Europe, Brazil) (En).sms
renamed	mastersystem/Gauntlet (Europe).sms	mastersystem/Gauntlet (Europe, Brazil) (En).sms
renamed	mastersystem/Aztec Adventure - The Golden Road to Paradise (World).sms	mastersystem/Aztec Adventure (World).sms
renamed	mastersystem/Sangokushi 3 (Korea) (Unl).sms	mastersystem/Samgukji III - Cheonha Jaengpae (Korea).sms
renamed	mastersystem/Puznic (Korea) (Unl).sms	mastersystem/Puzzle Game (Korea) (En).sms
renamed	mastersystem/Dragon Crystal (Europe).sms	mastersystem/Dragon Crystal (Europe, Brazil) (En).sms
renamed	mastersystem/My Hero (USA, Europe).sms	mastersystem/My Hero (USA, Europe, Brazil) (En).sms
renamed	mastersystem/Action Fighter (USA, Europe) (Rev 2).sms	mastersystem/Action Fighter (USA, Europe, Brazil) (En) (Rev 1).sms
renamed	mastersystem/Xyzolog (Korea).sms	mastersystem/Xyzolog (Korea) (En).sms
renamed	mastersystem/Golden Axe Warrior (USA, Europe).sms	mastersystem/Golden Axe Warrior (USA, Europe, Brazil) (En).sms
renamed	mastersystem/Putt & Putter (Europe).sms	mastersystem/Putt & Putter (Europe, Brazil) (En).sms
renamed	mastersystem/Rastan (USA, Europe).sms	mastersystem/Rastan (USA, Europe, Brazil) (En).sms
renamed	mastersystem/WWF Wrestlemania - Steel Cage Challenge (Europe).sms	mastersystem/WWF Wrestlemania - Steel Cage Challenge (Europe, Brazil) (En).sms
renamed	mastersystem/Golden Axe (USA, Europe).sms	mastersystem/Golden Axe (USA, Europe, Brazil) (En).sms
renamed	mastersystem/Dynamite Headdy (Brazil).sms	mastersystem/Dynamite Headdy (Brazil) (En).sms
renamed	mastersystem/C_So! (Korea) (Unl).sms	mastersystem/C_So! (Korea) (En).sms
renamed	mastersystem/Sega Chess (Europe).sms	mastersystem/Sega Chess (Europe, Brazil) (En).sms
renamed	mastersystem/Cloud Master (USA, Europe).sms	mastersystem/Cloud Master (USA, Europe, Brazil) (En).sms
renamed	mastersystem/Sonic Spinball (Europe).sms	mastersystem/Sonic Spinball (Europe, Brazil) (En).sms
renamed	mastersystem/Sonic Blast (Brazil).sms	mastersystem/Sonic Blast (Brazil) (En).sms
renamed	mastersystem/Simpsons, The - Bart vs. the World (Europe).sms	mastersystem/Simpsons, The - Bart vs. The World (Europe, Brazil) (En).sms
renamed	mastersystem/Lucky Dime Caper Starring Donald Duck, The (Europe).sms	mastersystem/Lucky Dime Caper Starring Donald Duck, The (Europe, Brazil) (En).sms
renamed	mastersystem/Earthworm Jim (Brazil).sms	mastersystem/Earthworm Jim (Brazil) (En).sms
renamed	mastersystem/Ayrton Senna's Super Monaco GP II (Europe).sms	mastersystem/Ayrton Senna's Super Monaco GP II (Europe, Brazil) (En).sms
renamed	mastersystem/Slap Shot (USA).sms	mastersystem/Slap Shot (USA, Europe, Brazil) (En).sms
renamed	mastersystem/Fantasy Zone - The Maze (USA, Europe).sms	mastersystem/Fantasy Zone - The Maze (USA, Europe, Brazil) (En).sms
renamed	mastersystem/Masters of Combat (Europe).sms	mastersystem/Masters of Combat (Europe, Brazil) (En).sms
renamed	mastersystem/TransBot (USA, Europe).sms	mastersystem/TransBot (USA, Europe, Brazil) (En).sms
renamed	mastersystem/Nemesis (Korea).sms	mastersystem/Nemesis (Korea) (En).sms
renamed	mastersystem/Knightmare II - The Maze of Galious (Korea).sms	mastersystem/Knightmare II (Korea) (En).sms
renamed	mastersystem/Incredible Crash Dummies, The (Europe).sms	mastersystem/Incredible Crash Dummies, The (Europe, Brazil) (En).sms
renamed	mastersystem/Alex Kidd in Miracle World (USA, Europe) (Rev 1).sms	mastersystem/Alex Kidd in Miracle World (USA, Europe, Brazil) (En) (Rev 1).sms
renamed	mastersystem/Dr. Hello (Korea) (Unl).sms	mastersystem/Dr. HELLO (Korea) (En).sms
renamed	mastersystem/Psychic World (Europe).sms	mastersystem/Psychic World (Europe, Brazil) (En).sms
renamed	mastersystem/Desert Speedtrap Starring Road Runner and Wile E. Coyote (Europe) (En,Fr,De,Es,It).sms	mastersystem/Desert Speedtrap Starring Road Runner and Wile E. Coyote (Europe, Brazil) (En,Fr,De,Es,It).sms
renamed	mastersystem/Alien Syndrome (USA, Europe).sms	mastersystem/Alien Syndrome (USA, Europe, Brazil) (En).sms
renamed	mastersystem/Black Belt (USA, Europe).sms	mastersystem/Black Belt (USA, Europe, Brazil) (En).sms
renamed	mastersystem/Andre Agassi Tennis (Europe).sms	mastersystem/Andre Agassi Tennis (Europe, Brazil) (En).sms
renamed	mastersystem/Streets of Rage (Europe).sms	mastersystem/Streets of Rage (Europe, Brazil) (En).sms
renamed	mastersystem/Columns (USA, Europe).sms	mastersystem/Columns (USA, Europe, Brazil) (En).sms
renamed	mastersystem/Excellent Dizzy Collection, The (USA, Europe) (En,Fr,De,Es,It) (Proto).sms	mastersystem/Excellent Dizzy Collection, The (Europe) (En,Fr,De,Es,It) (Proto).sms
renamed	mastersystem/Satellite 7 (Japan).sms	mastersystem/Satellite 7 (Japan) (En).sms
renamed	mastersystem/New Boggle Boggle 2 (Korea) (Unl).sms	mastersystem/New Boggle Boggle 2 (Korea) (En).sms
renamed	mastersystem/Operation Wolf (Europe).sms	mastersystem/Operation Wolf (Europe, Brazil) (En).sms
renamed	mastersystem/Indiana Jones and the Last Crusade (Europe).sms	mastersystem/Indiana Jones and the Last Crusade (Europe, Brazil) (En).sms
renamed	mastersystem/Chuck Rock (Europe).sms	mastersystem/Chuck Rock (Europe, Brazil) (En).sms
renamed	mastersystem/Penguin Adventure (Korea) (Unl) (Pirate).sms	mastersystem/Penguin Adventure (Korea) (En).sms
renamed	mastersystem/Jurassic Park (Europe).sms	mastersystem/Jurassic Park (Europe, Brazil) (En).sms
renamed	mastersystem/Ghostbusters (USA, Europe).sms	mastersystem/Ghostbusters (USA, Europe, Brazil) (En).sms
renamed	mastersystem/Xenon 2 - Megablast (Europe) (Image Works).sms	mastersystem/Xenon 2 - Megablast (Europe).sms
renamed	mastersystem/Dick Tracy (USA, Europe).sms	mastersystem/Dick Tracy (USA, Europe, Brazil) (En).sms
renamed	mastersystem/Ariel - The Little Mermaid (Brazil).sms	mastersystem/Ariel - The Little Mermaid (Brazil) (En).sms
renamed	mastersystem/Bonanza Bros. (Europe).sms	mastersystem/Bonanza Bros. (Europe, Brazil) (En).sms
renamed	mastersystem/Alex Kidd BMX Trial (Japan).sms	mastersystem/BMX Trial - Alex Kidd (Japan) (En).sms
renamed	mastersystem/Lord of the Sword (USA, Europe).sms	mastersystem/Lord of the Sword (USA, Europe, Brazil) (En).sms
renamed	mastersystem/Mercs (Europe).sms	mastersystem/Mercs (Europe, Brazil) (En).sms
renamed	mastersystem/Psycho Fox (USA, Europe).sms	mastersystem/Psycho Fox (USA, Europe, Brazil) (En).sms
renamed	mastersystem/Summer Games (Europe).sms	mastersystem/Summer Games (Europe, Brazil) (En).sms
renamed	mastersystem/Mick & Mack as the Global Gladiators (Europe).sms	mastersystem/Global Gladiators (Europe, Brazil) (En).sms
renamed	mastersystem/Power Strike (USA, Europe).sms	mastersystem/Power Strike (USA, Europe, Brazil) (En).sms
renamed	mastersystem/Scramble Spirits (Europe).sms	mastersystem/Scramble Spirits (Europe, Brazil) (En).sms
renamed	mastersystem/Bubble Bobble (Europe).sms	mastersystem/Bubble Bobble (Europe, Brazil) (En).sms
renamed	mastersystem/Alien 3 (Europe).sms	mastersystem/Alien 3 (Europe, Brazil) (En).sms
renamed	mastersystem/Running Battle (Europe).sms	mastersystem/Running Battle (Europe, Brazil) (En).sms
renamed	mastersystem/Lemmings (Europe).sms	mastersystem/Lemmings (Europe, Brazil) (En).sms
renamed	mastersystem/Mortal Kombat (Europe).sms	mastersystem/Mortal Kombat (Europe, Brazil) (En).sms
renamed	mastersystem/Ys - The Vanished Omens (USA, Europe).sms	mastersystem/Ys - The Vanished Omens (USA, Europe, Brazil) (En).sms
renamed	mastersystem/Spider-Man - Return of the Sinister Six (Europe).sms	mastersystem/Spider-Man - Return of the Sinister Six (Europe, Brazil) (En).sms
renamed	mastersystem/Batman Returns (Europe).sms	mastersystem/Batman Returns (Europe, Brazil) (En).sms
renamed	mastersystem/Gangster Town (USA, Europe).sms	mastersystem/Gangster Town (USA, Europe, Brazil) (En).sms
renamed	mastersystem/World Grand Prix (USA).sms	mastersystem/World Grand Prix (USA, Brazil) (En).sms
renamed	mastersystem/King & Balloon (Korea) (Unl).sms	mastersystem/King & Balloon (Korea) (En).sms
renamed	mastersystem/Comic Bakery (Korea).sms	mastersystem/Ppang Gongjang (Korea) (En).sms
renamed	mastersystem/Teddy Boy (USA, Europe).sms	mastersystem/Teddy Boy (USA, Europe, Brazil) (En).sms
renamed	mastersystem/Cyber Shinobi, The (Europe).sms	mastersystem/Cyber Shinobi, The (Europe, Brazil) (En).sms
renamed	mastersystem/X-Men - Mojo World (Brazil).sms	mastersystem/X-Men - Mojo World (Brazil) (En).sms
renamed	mastersystem/Aerial Assault (USA).sms	mastersystem/Aerial Assault (USA, Brazil) (En).sms
renamed	mastersystem/Ghouls'n Ghosts (USA, Europe).sms	mastersystem/Ghouls'n Ghosts (USA, Europe, Brazil) (En).sms
renamed	mastersystem/Out Run Europa (Europe).sms	mastersystem/OutRun Europa (Europe, Brazil) (En).sms
renamed	mastersystem/Poseidon Wars 3-D (USA, Europe).sms	mastersystem/Poseidon Wars 3-D (USA, Europe, Brazil) (En).sms
renamed	mastersystem/Maze Hunter 3-D (USA, Europe).sms	mastersystem/Maze Hunter 3-D (USA, Europe, Brazil) (En).sms
renamed	mastersystem/Taz-Mania (Europe).sms	mastersystem/Taz-Mania (Europe, Brazil) (En).sms
renamed	mastersystem/Renegade (Europe).sms	mastersystem/Renegade (Europe, Brazil) (En).sms
renamed	mastersystem/Rambo III (USA, Europe).sms	mastersystem/Rambo III (USA, Europe, Brazil) (En).sms
renamed	mastersystem/Power Boggle Boggle (Korea) (Unl).sms	mastersystem/Power Boggle Boggle (Korea) (En).sms
renamed	mastersystem/Miracle Warriors - Seal of the Dark Lord (USA, Europe).sms	mastersystem/Miracle Warriors - Seal of The Dark Lord (USA, Europe, Brazil) (En).sms
renamed	mastersystem/Sonic The Hedgehog (USA, Europe).sms	mastersystem/Sonic The Hedgehog (USA, Europe, Brazil) (En).sms
renamed	mastersystem/Wimbledon II (Europe).sms	mastersystem/Wimbledon II (Europe, Brazil) (En).sms
renamed	mastersystem/Strider (USA, Europe).sms	mastersystem/Strider (USA, Europe, Brazil) (En).sms
renamed	mastersystem/Tennis Ace (Europe).sms	mastersystem/Tennis Ace (Europe, Brazil) (En).sms
renamed	mastersystem/James Pond 2 - Codename RoboCod (Europe).sms	mastersystem/James Pond 2 - Codename RoboCod (Europe, Brazil) (En).sms
renamed	mastersystem/SpellCaster (USA, Europe).sms	mastersystem/SpellCaster (USA, Europe, Brazil) (En).sms
renamed	mastersystem/Asterix and the Secret Mission (Europe) (En,Fr,De).sms	mastersystem/Asterix and the Secret Mission (Europe, Brazil) (En,Fr,De).sms
renamed	mastersystem/Castle of Illusion Starring Mickey Mouse (USA).sms	mastersystem/Castle of Illusion Starring Mickey Mouse (USA, Europe, Brazil) (En).sms
renamed	mastersystem/Enduro Racer (USA, Europe).sms	mastersystem/Enduro Racer (USA, Europe, Brazil) (En).sms
renamed	mastersystem/Great Volleyball (USA, Europe).sms	mastersystem/Great Volleyball (USA, Europe, Brazil) (En).sms
renamed	mastersystem/Ultimate Soccer (Europe) (En,Fr,De,Es,It).sms	mastersystem/Ultimate Soccer (Europe, Brazil) (En,Fr,De,Es,It).sms
renamed	mastersystem/Prince of Persia (Europe).sms	mastersystem/Prince of Persia (Europe, Brazil) (En).sms
renamed	mastersystem/Lion King, The (Europe).sms	mastersystem/Lion King, The (Europe, Brazil) (En).sms
renamed	mastersystem/Space Harrier (Japan, USA).sms	mastersystem/Space Harrier (Japan, USA) (En).sms
renamed	mastersystem/Golfamania (Europe).sms	mastersystem/Golfamania (Europe, Brazil) (En).sms
renamed	mastersystem/Dead Angle (USA, Europe).sms	mastersystem/Dead Angle (USA, Europe, Brazil) (En).sms
renamed	mastersystem/Pro Wrestling (USA, Europe).sms	mastersystem/Pro Wrestling (USA, Europe, Brazil) (En).sms
renamed	mastersystem/Fantasy Zone II - The Tears of Opa-Opa (USA, Europe).sms	mastersystem/Fantasy Zone II (USA, Europe, Brazil) (En).sms
renamed	mastersystem/Deep Duck Trouble Starring Donald Duck (Europe).sms	mastersystem/Deep Duck Trouble Starring Donald Duck (Europe, Brazil) (En).sms
renamed	mastersystem/Comical Machine Gun Joe (Taiwan).sms	mastersystem/Comical Machine Gun Joe (Taiwan) (En).sms
renamed	mastersystem/Toto World 3 (Korea) (Unl).sms	mastersystem/Toto World 3 (Korea) (En).sms
renamed	mastersystem/Three Dragon Story, The (Korea) (Unl).sms	mastersystem/Three Dragon Story, The (Korea) (En).sms
renamed	mastersystem/Monopoly (USA).sms	mastersystem/Monopoly (USA, Europe).sms
renamed	mastersystem/Dynamite Duke (Europe).sms	mastersystem/Dynamite Duke (Europe, Brazil) (En).sms
renamed	mastersystem/Sonic Chaos (Europe).zip	mastersystem/Sonic Chaos (Europe, Brazil) (En).zip
renamed	mastersystem/Baku Baku Animal (Brazil).sms	mastersystem/Baku Baku (Brazil) (En).sms
renamed	mastersystem/Heroes of the Lance (Europe).sms	mastersystem/Heroes of the Lance (Europe, Brazil) (En).sms
renamed	mastersystem/Rainbow Islands - Story of the Bubble Bobble 2 (Europe).sms	mastersystem/Rainbow Islands (Europe).sms
renamed	mastersystem/Power Strike II (Europe).sms	mastersystem/Power Strike II (Europe, Brazil) (En).sms
renamed	mastersystem/G-LOC Air Battle (Europe).sms	mastersystem/G-LOC - Air Battle (Europe, Brazil) (En).sms
renamed	mastersystem/Sonic's Edusoft (Unknown) (Proto).sms	mastersystem/Sonic's Edusoft (Europe) (Proto).sms
renamed	mastersystem/Michael Jackson's Moonwalker (USA, Europe).sms	mastersystem/Michael Jackson's Moonwalker (USA, Europe, Brazil) (En).sms
renamed	mastersystem/Wanted (USA, Europe).sms	mastersystem/Wanted (USA, Europe, Brazil) (En).sms
renamed	mastersystem/Zillion (USA) (Rev 1).sms	mastersystem/Zillion (USA, Europe) (Rev 1).sms
renamed	mastersystem/New Zealand Story, The (Europe).sms	mastersystem/NewZealand Story, The (Europe).sms
renamed	mastersystem/Line of Fire (Europe).sms	mastersystem/Line of Fire (Europe, Brazil) (En).sms
renamed	mastersystem/Thunder Blade (USA, Europe).sms	mastersystem/Thunder Blade (USA, Europe, Brazil) (En).sms
renamed	mastersystem/Strider II (Europe).sms	mastersystem/Strider II (Europe, Brazil) (En).sms
renamed	mastersystem/Time Soldiers (USA, Europe).sms	mastersystem/Time Soldiers (USA, Europe, Brazil) (En).sms
renamed	mastersystem/Street Master (Korea) (Unl).sms	mastersystem/Street Master (Korea) (En).sms
renamed	mastersystem/Virtua Fighter Animation (Brazil).sms	mastersystem/Virtua Fighter Animation (Brazil) (En).sms
renamed	mastersystem/Joe Montana Football (USA, Europe).sms	mastersystem/Joe Montana Football (USA, Europe, Brazil) (En).sms
renamed	mastersystem/Shadow of the Beast (Europe).sms	mastersystem/Shadow of the Beast (Europe, Brazil) (En).sms
renamed	mastersystem/Road Fighter (Korea) (Unl).sms	mastersystem/Road Fighter (Korea) (En).sms
renamed	mastersystem/Basket Ball Nightmare (Europe).sms	mastersystem/Basketball Nightmare (Europe, Brazil) (En).sms
renamed	mastersystem/Pooyan (Korea).sms	mastersystem/Pooyan (Korea) (En).sms
renamed	mastersystem/Wonsiin (Korea) (Pirate).sms	mastersystem/Wonsiin (Korea) (En).sms
renamed	mastersystem/Spider-Man vs. The Kingpin (USA, Europe).sms	mastersystem/Spider-Man (USA, Europe, Brazil) (En).sms
renamed	mastersystem/Marksman Shooting & Trap Shooting (USA).sms	mastersystem/Marksman Shooting & Trap Shooting (USA, Brazil) (En).sms
renamed	mastersystem/RoboCop 3 (Europe).sms	mastersystem/RoboCop 3 (Europe, Brazil) (En).sms
renamed	mastersystem/Sega World Tournament Golf (Europe).sms	mastersystem/Sega World Tournament Golf (Europe, Brazil) (En).sms
renamed	mastersystem/Smurfs, The (Europe) (En,Fr,De,Es).sms	mastersystem/Smurfs, The (Europe, Brazil) (En,Fr,De,Es).sms
renamed	mastersystem/Champions of Europe (Europe).sms	mastersystem/Champions of Europe (Europe, Brazil) (En).sms
renamed	mastersystem/Blade Eagle (World).sms	mastersystem/Blade Eagle 3-D (World).sms
renamed	mastersystem/Sagaia (Europe).zip	mastersystem/Sagaia (Europe, Brazil) (En).zip
renamed	mastersystem/Out Run (World).sms	mastersystem/OutRun (World).sms
renamed	mastersystem/Air Rescue (Europe).sms	mastersystem/Air Rescue (Europe, Brazil) (En).sms
renamed	mastersystem/Phantasy Star (USA, Europe) (Rev 3).sms	mastersystem/Phantasy Star (USA, Europe) (Rev A).sms
renamed	mastersystem/Kung Fu Kid (USA, Europe).sms	mastersystem/Kung Fu Kid (USA, Europe, Brazil) (En).sms
renamed	mastersystem/Choplifter (USA, Europe).sms	mastersystem/Choplifter (USA, Europe, Brazil) (En).sms
renamed	mastersystem/Dr. Robotnik's Mean Bean Machine (Europe).sms	mastersystem/Dr. Robotnik's Mean Bean Machine (Europe, Brazil) (En).sms
renamed	mastersystem/Sonic The Hedgehog 2 (Europe) (Rev 1).sms	mastersystem/Sonic The Hedgehog 2 (Europe, Brazil) (En) (Rev 1).sms
renamed	mastersystem/RoboCop versus The Terminator (Europe).sms	mastersystem/RoboCop Versus The Terminator (Europe, Brazil) (En).sms
renamed	mastersystem/Impossible Mission (Europe).sms	mastersystem/Impossible Mission (Europe, Brazil) (En).sms
renamed	mastersystem/Street Fighter II (Brazil).sms	mastersystem/Street Fighter II' (Brazil) (En).sms
renamed	mastersystem/Ultima IV - Quest of the Avatar (Europe).sms	mastersystem/Ultima IV - Quest of the Avatar (Europe, Brazil) (En).sms
renamed	mastersystem/Submarine Attack (Europe).sms	mastersystem/Submarine Attack (Europe, Brazil) (En).sms
renamed	mastersystem/Woody Pop - Shinjinrui no Block Kuzushi (Japan).sms	mastersystem/Woody Pop - Shinjinrui no Block Kuzushi (Japan) (En).sms
renamed	mastersystem/Galactic Protector (Japan).sms	mastersystem/Galactic Protector (Japan) (En).sms
renamed	mastersystem/Super Racing (Japan).sms	mastersystem/Super Racing (Japan) (En).sms
renamed	mastersystem/Flash, The (Europe).sms	mastersystem/Flash, The (Europe, Brazil) (En).sms
renamed	mastersystem/Ninja, The (USA, Europe).sms	mastersystem/Ninja, The (USA, Europe, Brazil) (En).sms
renamed	mastersystem/Suho Cheonsa (Korea) (Unl).sms	mastersystem/Suho Jeonsa (Korea).sms
renamed	mastersystem/California Games (USA, Europe).sms	mastersystem/California Games (USA, Europe, Brazil) (En).sms
renamed	mastersystem/Gain Ground (Europe).sms	mastersystem/Gain Ground (Europe, Brazil) (En).sms
renamed	mastersystem/E.I. - Exa Innova (Korea).sms	mastersystem/E.I. - Exa Innova (Korea) (En).sms
renamed	mastersystem/Flintstones, The (Europe).sms	mastersystem/Flintstones, The (Europe, Brazil) (En).sms
renamed	mastersystem/World Cup Italia '90 (Europe).sms	mastersystem/World Cup Italia '90 (Europe, Brazil) (En).sms
renamed	mastersystem/Streets of Rage II (Europe).sms	mastersystem/Streets of Rage II (Europe, Brazil) (En).sms
renamed	mastersystem/Quest for the Shaven Yak Starring Ren Hoek & Stimpy (Brazil).sms	mastersystem/Quest for the Shaven Yak Starring Ren Hoek & Stimpy (Brazil) (En).sms
renamed	mastersystem/Block Hole (Korea) (Unl).sms	mastersystem/Sagak-ui Bimil (Korea) (En).sms
renamed	neo-geo-pocket/Neo Geo Cup '98 Plus (World) (En,Ja).ngc	neo-geo-pocket/NeoGeo Cup '98 Plus Color - Pocket Sports Series (World) (En,Ja).ngc
renamed	neo-geo-pocket/Pocket Love If (J).ngp	neo-geo-pocket/Pocket Love - if (Japan).ngp
renamed	neo-geo-pocket/Neo Dragon's Wild - Real Casino Series (World) (En,Ja) (v1.13).ngc	neo-geo-pocket/Neo Dragon's Wild - Pocket Casino Series (World) (En,Ja) (v13).ngc
renamed	neo-geo-pocket/Puzzle Link (Europe).ngc	neo-geo-pocket/Puzzle Link (USA, Europe).ngc
renamed	neo-geo-pocket/Dive Alert - Matt's Version (UE).ngp	neo-geo-pocket/Dive Alert - Matt's Version (USA, Europe).ngp
renamed	neo-geo-pocket/Neo Baccarat - Real Casino Series (World).ngc	neo-geo-pocket/Neo Baccarat - Pocket Casino Series (Japan, Europe) (En) (v16).ngc
renamed	neo-geo-pocket/Master of syougi (j) [!].ngp	neo-geo-pocket/Shougi no Tatsujin Color (Japan).ngp
renamed	neo-geo-pocket/Faselei! (Europe).ngc	neo-geo-pocket/Faselei! (USA, Europe).ngc
renamed	neo-geo-pocket/Neo Mystery Bonus - Real Casino Series (World) (En,Ja).ngc	neo-geo-pocket/Neo Mystery Bonus - Pocket Casino Series (World) (En,Ja).ngc
renamed	neo-geo-pocket/Evolution - Eternal Dungeons (Europe).ngc	neo-geo-pocket/Evolution - Eternal Dungeons (Europe) (vA1).ngc
renamed	neo-geo-pocket/Mizuki Shigeru Youkai Shashin Kan (J).ngp	neo-geo-pocket/Mizuki Shigeru no Youkai Shashinkan (Japan).ngp
renamed	neo-geo-pocket/Ganbare NeoPoke Kun (J).ngp	neo-geo-pocket/Ganbare Neo Poke-kun (Kari) (Japan).ngp
renamed	neo-geo-pocket/Cotton-Fantastic Night Dreams (UE).ngp	neo-geo-pocket/Fantastic Night Dreams - Cotton (Europe).ngp
renamed	neo-geo-pocket/Dive Alert - Becky's Version (UE).ngp	neo-geo-pocket/Dive Alert - Becky's Version (USA, Europe).ngp
renamed	pcengine/Susanoo Densetsu (Japan).pce	pcengine/Susanoou Densetsu (Japan).pce
renamed	pcengine/Darius Alpha (Japan).pce	pcengine/Darius Alpha (Japan) (En) (SG Enhanced).pce
renamed	pcengine/Champion Wrestler (Japan).pce	pcengine/Champion Wrestler (Japan) (En).pce
renamed	pcengine/Rastan Saga II (Japan).pce	pcengine/Rastan Saga II (Japan) (En).pce
renamed	pcengine/After Burner II (Japan).pce	pcengine/After Burner II (Japan) (En).pce
renamed	pcengine/Puzznic (Japan).pce	pcengine/Puzznic (Japan) (En).pce
renamed	pcengine/Tenseiryuu - Saint Dragon (Japan).pce	pcengine/Tenseiryuu - Saint Dragon (Japan) (En).pce
renamed	pcengine/Body Conquest II (Japan).pce	pcengine/Bodycon Quest II - Kyuseishu (Japan).pce
renamed	pcengine/Toy Shop Boys (Japan).pce	pcengine/Toy Shop Boys (Japan) (En).pce
renamed	pcengine/Final Soldier (Japan).pce	pcengine/Final Soldier (Japan) (En).pce
renamed	pcengine/Override (Japan).pce	pcengine/Override (Japan) (En).pce
renamed	pcengine/New Zealand Story, The (Japan).pce	pcengine/NewZealand Story, The (Japan) (En).pce
renamed	pcengine/Moto Roader II (Japan).pce	pcengine/Moto Roader II (Japan) (En).pce
renamed	pcengine/Bull Fight - Ring no Haja (Japan).pce	pcengine/Bull Fight - Ring no Hasha (Japan).pce
renamed	pcengine/F1 Triple Battle (Japan).pce	pcengine/F1 Triple Battle (Japan) (En).pce
renamed	pcengine/Hany on the Road (Japan).pce	pcengine/Hanii on the Road (Japan).pce
renamed	pcengine/Digital Champ (Japan).pce	pcengine/Digital Champ - Battle Boxing (Japan).pce
renamed	pcengine/Formation Soccer - Human Cup '90 (Japan).pce	pcengine/Formation Soccer - Human Cup '90 (Japan) (En).pce
renamed	pcengine/Formation Armed F (Japan).pce	pcengine/Armed F (Japan) (En).pce
renamed	pcengine/Power League V (Japan).pce	pcengine/Power League 5 (Japan).pce
renamed	pcengine/Gradius (Japan).pce	pcengine/Gradius (Japan) (En).pce
renamed	pcengine/Metal Stoker (Japan).pce	pcengine/Metal Stoker (Japan) (En).pce
renamed	pcengine/Skweek (Japan).pce	pcengine/Skweek (Japan) (En).pce
renamed	pcengine/Salamander (Japan).pce	pcengine/Salamander (Japan) (En).pce
renamed	pcengine/W-Ring - The Double Rings (Japan).pce	pcengine/W Ring - The Double Rings (Japan) (En).pce
renamed	pcengine/Darius Plus (Japan).pce	pcengine/Darius Plus (Japan) (En) (SG Enhanced).pce
renamed	pcengine/Cross Wiber - Cyber Combat Police (Japan).pce	pcengine/Cross Wiber - Cyber Combat Police (Japan) (En).pce
renamed	pcengine/Circus Lido (Japan).pce	pcengine/Circus Lido (Japan) (En).pce
renamed	pcengine/Zipang (Japan).pce	pcengine/Zipang (Japan) (En).pce
renamed	pcengine/Legendary Axe II, The (USA).pce	pcengine/Legendary Axe II (USA).pce
renamed	pcengine/Toshi Tensou Keikaku - Eternal City (Japan).pce	pcengine/Eternal City - Toshi Tensou Keikaku (Japan).pce
renamed	pcengine/Heavy Unit (Japan).pce	pcengine/Heavy Unit (Japan) (En).pce
renamed	pcengine/Break In (Japan).pce	pcengine/Break In (Japan) (En).pce
renamed	pcengine/Cyber Dodge (Japan).pce	pcengine/Cyber Dodge (Japan) (En).pce
renamed	pcengine/Bonk III - Bonk's Big Adventure (USA).pce	pcengine/Bonk 3 - Bonk's Big Adventure (USA).pce
renamed	pcengine/Ninja Ryuuken Den (Japan).pce	pcengine/Ninja Ryuuken Den (Japan) (En,Ja,Zh).pce
renamed	pcengine/Panza Kick Boxing (USA).pce	pcengine/Andre Panza Kick Boxing (USA).pce
renamed	pcengine/Dragon Saber - After Story of Dragon Spirit (Japan).pce	pcengine/Dragon Saber (Japan) (En).pce
renamed	pcengine/Makai Hakken Den Shada (Japan).pce	pcengine/Makai Hakkenden - Shada (Japan).pce
renamed	pcengine/Doraemon - Meikyuu Dai Sakusen (Japan).pce	pcengine/Doraemon - Meikyuu Daisakusen (Japan).pce
renamed	pcengine/Out Run (Japan).pce	pcengine/OutRun (Japan) (En).pce
renamed	pcengine/Wallaby!! - Usagi no Kuni no Kangaroo Race (Japan).pce	pcengine/Wallaby!! (Japan).pce
renamed	pcengine/Devil's Crush - Naxat Pinball (USA).pce	pcengine/Devil's Crush (USA).pce
renamed	pcengine/Lady Sword (Japan).pce	pcengine/Lady Sword - Ryakudatsu Sareta 10-nin no Otome (Japan).pce
renamed	pcengine/Hisou Kihei - Xserd (Japan).pce	pcengine/Hisou Kihei X-SERD (Japan).pce
renamed	pcengine/Shiryou Sensen (Japan).pce	pcengine/Shiryou Sensen - War of the Dead (Japan).pce
renamed	pcengine/P-47 - The Freedom Fighter (Japan).pce	pcengine/P-47 - The Freedom Fighter (Japan) (En).pce
renamed	pcengine/PC Pachi-Slot (Japan).pce	pcengine/PC Pachi-Slot - Idol Gambler (Japan).pce
renamed	pcengine/Special Criminal Investigation (Japan).pce	pcengine/S.C.I. - Special Criminal Investigation (Japan).pce
renamed	pcengine/Battle Lode Runner (Japan).pce	pcengine/Battle Lode Runner (Japan) (En).pce
renamed	pcengine/Tatsujin (Japan).pce	pcengine/Tatsujin (Japan) (En).pce
renamed	pcengine/Hatris (Japan).pce	pcengine/Hatris (Japan) (En).pce
renamed	pcengine/Final Blaster (Japan).pce	pcengine/Final Blaster (Japan) (En).pce
renamed	pcengine/Bubblegum Crash! - Knight Sabers 2034 (Japan).pce	pcengine/Bubblegum Crash! (Japan).pce
renamed	pcengine/SideArms - Hyper Dyne (USA).pce	pcengine/SideArms (USA).pce
renamed	pcengine/Power League IV (Japan).pce	pcengine/Power League 4 (Japan).pce
renamed	pcengine/Zero 4 Champ (Japan).pce	pcengine/Zero4 Champ (Japan) (V1.5).pce
renamed	pcengine/Populous (Japan).pce	pcengine/Populous (Japan) (En).pce
renamed	pcengine/Power Drift (Japan).pce	pcengine/Power Drift (Japan) (En).pce
renamed	pcengine/F1 Circus '92 - The Speed of Sound (Japan).pce	pcengine/F1 Circus '92 (Japan).pce
renamed	pcengine/Spin Pair (Japan).pce	pcengine/Spin Pair (Japan) (En).pce
renamed	pcengine/Nekketsu Koukou Dodgeball Bu - Soccer PC Hen (Japan).pce	pcengine/Nekketsu Koukou Dodgeball-bu - PC Soccer Hen (Japan).pce
renamed	pcengine/Terra Cresta II - Mandoraa no Gyakushuu (Japan).pce	pcengine/Terra Cresta II - Mandoler no Gyakushuu (Japan) (En).pce
renamed	pcengine/Taito Chase H.Q. (USA).pce	pcengine/Chase H.Q. (USA).pce
renamed	pcengine/Kyuukyoku Tiger (Japan).pce	pcengine/Kyuukyoku Tiger (Japan) (En).pce
renamed	pcengine/Double Dungeons - W (USA).pce	pcengine/Double Dungeons (USA).pce
renamed	pcengine/Sindibad Chitei no Dai Makyuu (Japan).pce	pcengine/Sindibad - Chitei no Daimakyuu (Japan).pce
renamed	pcengine/Niko Niko Pun (Japan).pce	pcengine/Okaasan to Issho - Niko Niko Pun (Japan).pce
renamed	pcengine/Batman (Japan).pce	pcengine/Batman (Japan) (En).pce
renamed	pcengine/Volfied (Japan).pce	pcengine/Volfied (Japan) (En).pce
renamed	pcengine/Yuu Yuu Jinsei - Victory Life (Japan).pce	pcengine/You-You Jinsei (Japan).pce
renamed	pcengine/Thunder Blade (Japan).pce	pcengine/Thunder Blade (Japan) (En).pce
renamed	pcengine/Coryoon - Child of Dragon (Japan).pce	pcengine/Coryoon (Japan).pce
renamed	pcengine/Titan (Japan).pce	pcengine/Titan (Japan) (En).pce
renamed	pcengine/F1 Circus '91 - World Championship (Japan).pce	pcengine/F1 Circus '91 (Japan).pce
renamed	pcengine/Necromancer (Japan).pce	pcengine/Jaseiken Necromancer (Japan).pce
renamed	pcengine/Bonk's Revenge (USA).pce	pcengine/Bonk's Revenge (USA) (Alt 2).pce
renamed	pcengine/Super Metal Crusher (Japan).pce	pcengine/Super Metal Crusher (Japan) (En).pce
renamed	pcengine/R-Type Part-2 (Japan).pce	pcengine/R-Type II (Japan) (En).pce
renamed	pcengine/Psycho Chaser (Japan).pce	pcengine/Psycho Chaser (Japan) (En).pce
renamed	pcengine/Atomic Robo-Kid Special (Japan).pce	pcengine/Atomic Robo-Kid Special (Japan) (En).pce
renamed	pcengine/Order of the Griffon (USA).pce	pcengine/Dungeons & Dragons - Order of the Griffon (USA).pce
renamed	pcengine/Mizubaku Dai Bouken (Japan).pce	pcengine/Mizubaku Daibouken (Japan).pce
renamed	pcengine/Download (Japan).pce	pcengine/Down Load (Japan).pce
renamed	pcengine/Fire Pro Wrestling 2 - 2nd Bout (Japan).pce	pcengine/Fire Pro Wrestling - 2nd Bout (Japan).pce
renamed	pcengine/Ninja Warriors, The (Japan).pce	pcengine/Ninjawarriors, The (Japan).pce
renamed	pcengine/Dai Senpu (Japan).pce	pcengine/Daisenpuu (Japan) (En).pce
renamed	pcengine/Image Fight (Japan).pce	pcengine/ImageFight (Japan) (En).pce
renamed	pcengine/Parodius da! - Shinwa Kara Owarai he (Japan).pce	pcengine/Parodius Da! - Shinwa kara Owarai e (Japan) (En).pce
renamed	pcengine/Busou Keiji - Cyber Cross (Japan).pce	pcengine/Cyber Cross (Japan).pce
renamed	pcengine/Sadakichi 7 Series - Hideyoshi no Ougon (Japan).pce	pcengine/Sadakichi Seven - Hideyoshi no Ougon (Japan).pce
renamed	pcengine/Kiki Kaikai (Japan).pce	pcengine/Kiki Kaikai (Japan) (En).pce
renamed	n64/Sin and Punishment (Japan) (Translated En).7z	n64/Tsumi to Batsu - Hoshi no Keishousha (Japan).7z
renamed	n64/Diddy Kong Racing (USA).7z	n64/Diddy Kong Racing (USA) (En,Fr) (Rev 1).7z
renamed	n64/Legend of Zelda, The - The Sealed Palace (USA) (v1.3) (Aftermarket) (Pirate).zip	n64/Legend of Zelda, The - The Sealed Palace (World) (v1.3) (Pirate).zip
renamed	gbc/Konami GB Collection Vol.3 (Europe).gbc	gbc/Konami GB Collection Vol.3 (Europe) (GB Compatible).gbc
renamed	gbc/Rugrats - Time Travelers (USA, Europe).gbc	gbc/Rugrats - Time Travelers (USA, Europe) (GB Compatible).gbc
renamed	gbc/Robot Wars - Metal Mayhem (Europe).gbc	gbc/Robot Wars - Metal Mayhem (Europe) (En,Fr,De,It,Nl,Sv).gbc
renamed	gbc/Earthworm Jim-Menace 2 the Galaxy.gbc	gbc/Earthworm Jim - Menace 2 the Galaxy (USA, Europe) (GB Compatible).gbc
renamed	gbc/Armorines - Project S.W.A.R.M. (USA, Europe).gbc	gbc/Armorines - Project S.W.A.R.M. (USA, Europe) (En,De).gbc
renamed	gbc/Road Rash (USA).gbc	gbc/Road Rash (USA, Europe).gbc
renamed	gbc/Konami GB Collection Vol.4 (Europe).gbc	gbc/Konami GB Collection Vol.4 (Europe) (GB Compatible).gbc
renamed	gbc/Beauty and the Beast.gbc	gbc/Beauty and the Beast - A Board Game Adventure (USA, Australia) (SGB Enhanced) (GB Compatible).gbc
renamed	gbc/Adventures of Elmo in Grouchland, The (USA).gbc	gbc/Sesame Street - The Adventures of Elmo in Grouchland (USA) (GB Compatible).gbc
renamed	gbc/Extreme Sports with the Berenstain Bears (USA, Europe).gbc	gbc/Extreme Sports with the Berenstain Bears (USA, Europe) (En,Fr,De,Es,It).gbc
renamed	gbc/Quest - Fantasy Challenge (USA).gbc	gbc/Quest - Fantasy Challenge (USA) (SGB Enhanced) (GB Compatible).gbc
renamed	gbc/V-Rally - Championship Edition (USA).gbc	gbc/V-Rally - Edition 99 (USA) (En,Fr,Es).gbc
renamed	gbc/Hexcite - The Shapes of Victory (USA, Europe).gbc	gbc/Hexcite - The Shapes of Victory (USA, Europe) (SGB Enhanced) (GB Compatible).gbc
renamed	gbc/NFL Blitz (USA, Europe) (Rev A).gbc	gbc/NFL Blitz (USA, Europe) (Rev 1) (GB Compatible).gbc
renamed	gbc/Rugrats - Totally Angelica (USA).gbc	gbc/Rugrats - Totally Angelica (USA, Europe).gbc
renamed	gbc/Blade.gbc	gbc/Blade (USA, Europe).gbc
renamed	gbc/Maus, Die (Europe).gbc	gbc/Maus, Die (Europe) (En,Fr,De,Es).gbc
renamed	gbc/Daikatana (Europe).gbc	gbc/John Romero's Daikatana (Europe) (En,Fr,It).gbc
renamed	gbc/Pocket Bowling (USA).gbc	gbc/Pocket Bowling (USA) (GB Compatible).gbc
renamed	gbc/Monster Rancher Battle Card GB (USA).gbc	gbc/Monster Rancher Battle Card GB (USA) (SGB Enhanced) (GB Compatible).gbc
renamed	gbc/Roadsters Trophy (USA).gbc	gbc/Roadsters (USA) (En,Fr,De,Es,It,Nl) (GB Compatible).gbc
renamed	gbc/One Piece-Dream of Rufi's Pirates is B.gbc	gbc/From TV Animation One Piece - Yume no Luffy Kaizokudan Tanjou! (Japan) (SGB Enhanced) (GB Compatible).gbc
renamed	gbc/Test Drive Off-Road 3 (USA).gbc	gbc/Test Drive Off-Road 3 (USA) (Rumble Version) (SGB Enhanced) (GB Compatible).gbc
renamed	gbc/NHL 2000.gbc	gbc/NHL 2000 (USA, Europe) (SGB Enhanced) (GB Compatible).gbc
renamed	gbc/Pitfall - Beyond the Jungle (USA, Europe).gbc	gbc/Pitfall - Beyond the Jungle (USA, Europe) (GB Compatible).gbc
renamed	gbc/NBA 3 on 3 Featuring Kobe Bryant.gbc	gbc/NBA 3 on 3 Featuring Kobe Bryant (USA) (SGB Enhanced) (GB Compatible).gbc
renamed	gbc/Magi-Nation.gbc	gbc/Magi Nation (USA).gbc
renamed	gbc/Men in Black - The Series (USA, Europe).gbc	gbc/Men in Black - The Series (USA, Europe) (SGB Enhanced) (GB Compatible).gbc
renamed	gbc/Ballistic.gbc	gbc/Ballistic (USA) (GB Compatible).gbc
renamed	gbc/F-1 World Grand Prix (Europe).gbc	gbc/F-1 World Grand Prix (Europe) (En,Fr,De,Es).gbc
renamed	gbc/Super Mario Bros. Deluxe (USA, Europe) (Rev B).zip	gbc/Super Mario Bros. Deluxe (Europe) (Rev 2).zip
renamed	gbc/Robin Hood (Europe).gbc	gbc/Robin Hood (Europe) (En,Fr,De,Es,It,Nl).gbc
renamed	gbc/Duke Nukem (USA).gbc	gbc/Duke Nukem (USA) (En,Fr,De,Es,It).gbc
renamed	gbc/Tom & Jerry (USA, Europe).gbc	gbc/Tom and Jerry (USA, Europe).gbc
renamed	gbc/Wario Land II (USA, Europe).gbc	gbc/Wario Land II (USA, Europe) (SGB Enhanced) (GB Compatible).gbc
renamed	gbc/Kelly Club-Clubhouse Fun.gbc	gbc/Kelly Club (USA).gbc
renamed	gbc/Roland Garros French Open (Europe).gbc	gbc/Roland Garros French Open (Europe) (En,Fr,De,Es,It,Nl).gbc
renamed	gbc/Pokemon Puzzle Challenge (USA).gbc	gbc/Pokemon Puzzle Challenge (USA, Australia).gbc
renamed	gbc/Commander Keen.gbc	gbc/Commander Keen (USA, Europe).gbc
renamed	gbc/Yoda Stories (USA).gbc	gbc/Star Wars - Yoda Stories (USA, Europe) (GB Compatible).gbc
renamed	gbc/David Beckham Soccer (Europe).gbc	gbc/David Beckham Soccer (Europe) (En,Fr,De,Es,It).gbc
renamed	gbc/Micro Machines V3.gbc	gbc/Micro Machines V3 (USA, Europe).gbc
renamed	gbc/F1 Championship Season 2000 (Europe).gbc	gbc/F1 Championship Season 2000 (Europe) (En,Fr,De,Es,It).gbc
renamed	gbc/Oddworld Adventures II (USA, Europe).gbc	gbc/Oddworld Adventures 2 (USA) (En,Fr,De,Es,It) (GB Compatible).gbc
renamed	gbc/Jeff Gordan XS Racing.gbc	gbc/Jeff Gordon XS Racing (USA) (GB Compatible).gbc
renamed	gbc/LEGO Stunt Rally.gbc	gbc/LEGO Stunt Rally (USA).gbc
renamed	gbc/Top Gear Pocket (USA).gbc	gbc/Top Gear Pocket (USA) (Rumble Version).gbc
renamed	gbc/Dragon Warrior Monsters (USA).gbc	gbc/Dragon Warrior Monsters (USA, Europe) (SGB Enhanced) (GB Compatible).gbc
renamed	gbc/Konami GB Collection Vol.2 (Europe).gbc	gbc/Konami GB Collection Vol.2 (Europe) (GB Compatible).gbc
renamed	gbc/Fix & Foxi - Episode 1 Lupo (Europe).gbc	gbc/Fix & Foxi - Episode 1 - Lupo (Europe) (En,Fr,De).gbc
renamed	gbc/Daffy Duck - Fowl Play (USA).gbc	gbc/Daffy Duck - Fowl Play (USA, Europe) (GB Compatible).gbc
renamed	gbc/Antz (USA).gbc	gbc/Antz (USA) (En,Fr,Es) (GB Compatible).gbc
renamed	gbc/Ready 2 Rumble Boxing (USA).gbc	gbc/Ready 2 Rumble Boxing (USA) (Rumble Version).gbc
renamed	gbc/Rayman (USA).gbc	gbc/Rayman (USA) (En,Fr,De,Es,It,Nl).gbc
renamed	gbc/Dropzone (Europe).gbc	gbc/Dropzone (Europe) (GB Compatible).gbc
renamed	gbc/Wings of Fury (USA).gbc	gbc/Wings of Fury (USA) (GB Compatible).gbc
renamed	gbc/Aliens-Thanatos Encounter.gbc	gbc/Aliens - Thanatos Encounter (USA, Europe).gbc
renamed	gbc/Papyrus (Europe).gbc	gbc/Papyrus (Europe) (En,Fr,De,Es,It,Nl).gbc
renamed	gbc/NBA Hoopz.gbc	gbc/NBA Hoopz (USA).gbc
renamed	gbc/Denki Blocks! (Europe).gbc	gbc/Denki Blocks! (Europe) (En,Fr,De,Es,It).gbc
renamed	gbc/Bomberman Max-Ain Special Edition.gbc	gbc/Bomberman Max - Ain Version (Japan).gbc
renamed	gbc/Flipper & Lopaka (Europe).gbc	gbc/Flipper & Lopaka (Europe) (En,Fr,De,Es,It,Nl,Pt,Sv,No,Da).gbc
renamed	gbc/Legend of Zelda, The - Link's Awakening DX (USA, Europe) (Rev B).gbc	gbc/Legend of Zelda, The - Link's Awakening DX (USA, Europe) (Rev 2) (SGB Enhanced) (GB Compatible).gbc
renamed	gbc/SWIV (Europe).gbc	gbc/SWiV (Europe) (En,Fr,De,Es,It).gbc
renamed	gbc/Turok 3 - Shadow of Oblivion (USA, Europe).gbc	gbc/Turok 3 - Shadow of Oblivion (USA, Europe) (En,Fr,De,Es).gbc
renamed	gbc/Power Rangers - Time Force (USA).gbc	gbc/Saban's Power Rangers - Time Force (USA, Europe).gbc
renamed	gbc/Harvest Moon 2 GBC (USA).gbc	gbc/Harvest Moon 2 GBC (USA) (SGB Enhanced) (GB Compatible).gbc
renamed	gbc/Tom Clancy's Rainbow Six (USA, Europe).gbc	gbc/Tom Clancy's Rainbow Six (USA, Europe) (En,Fr,De).gbc
renamed	gbc/Rainbow Islands (Europe).gbc	gbc/Rainbow Islands (Europe) (En,Fr,De,Es,It).gbc
renamed	gbc/Player Manager 2001 (Europe).gbc	gbc/Player Manager 2001 (Europe) (En,Fr).gbc
renamed	gbc/Wario Land 3 (World).gbc	gbc/Wario Land 3 (World) (En,Ja).gbc
renamed	gbc/TOCA Touring Car Championship (USA).gbc	gbc/TOCA Touring Car Championship (USA, Europe).gbc
renamed	gbc/Inspector Gadget-Operation Madkactus.gbc	gbc/Inspector Gadget - Operation Madkactus (USA).gbc
renamed	gbc/Alice in Wonderland (USA).gbc	gbc/Alice in Wonderland (USA, Australia).gbc
renamed	gbc/Spacestation Silicon Valley (Europe).gbc	gbc/Spacestation Silicon Valley (Europe) (En,Fr,De,Es,It,Nl,Sv) (GB Compatible).gbc
renamed	gbc/Klustar (USA).gbc	gbc/Klustar (USA) (GB Compatible).gbc
renamed	gbc/Pokemon Trading Card Game (USA).gbc	gbc/Pokemon Trading Card Game (USA, Australia) (SGB Enhanced) (GB Compatible).gbc
renamed	gbc/Rampage 2 - Universal Tour (USA).gbc	gbc/Rampage 2 - Universal Tour (USA, Europe).gbc
renamed	gbc/Merlin (Europe).gbc	gbc/Merlin (Europe) (En,Fr,De,Es,It,Nl).gbc
renamed	gbc/Prince of Persia (USA, Europe).gbc	gbc/Prince of Persia (USA, Europe) (En,Fr,De,Es,It) (GB Compatible).gbc
renamed	gbc/Pocket Bomberman (USA, Europe).gbc	gbc/Pocket Bomberman (USA, Europe) (SGB Enhanced) (GB Compatible).gbc
renamed	gbc/Little Mermaid II, The - Pinball Frenzy (USA).gbc	gbc/Little Mermaid II, The - Pinball Frenzy (USA) (En,Fr,De,Es,It) (Rumble Version).gbc
renamed	gbc/F1 Racing Championship (Europe).gbc	gbc/F1 Racing Championship (Europe) (En,Fr,De,Es,It) (Beta).gbc
renamed	gbc/Maya the Bee - Garden Adventures (Europe).gbc	gbc/Maya the Bee - Garden Adventures (Europe) (En,Fr,De,Es).gbc
renamed	gbc/Rampage - World Tour (USA, Europe).gbc	gbc/Rampage - World Tour (USA, Europe) (GB Compatible).gbc
renamed	gbc/Shadowgate Classic (USA, Europe) (Rev A).gbc	gbc/Shadowgate Classic (Europe) (En,Fr,De,Es,Sv) (Rev 1) (GB Compatible).gbc
renamed	gbc/Moomin's Tale (Europe).gbc	gbc/Moomin's Tale (Europe) (En,Fr,De).gbc
renamed	gbc/Worms Armageddon (USA).gbc	gbc/Worms Armageddon (USA) (En,Fr,Es).gbc
renamed	gbc/Kirikou (Europe).gbc	gbc/Kirikou (Europe) (En,Fr,De,Es,It,Pt).gbc
renamed	gbc/Polaris SnoCross (USA).gbc	gbc/Polaris SnoCross (USA) (Rumble Version).gbc
renamed	gbc/Tiger Woods PGA Tour 2000 (USA, Europe).gbc	gbc/Tiger Woods PGA Tour 2000 (USA, Europe) (GB Compatible).gbc
renamed	gbc/Tom and Jerry - Mousehunt (USA).gbc	gbc/Tom and Jerry - Mouse Hunt (USA) (En,Fr,Es).gbc
renamed	gbc/Pokemon - Silver Version (USA, Europe).gbc	gbc/Pokemon - Silver Version (USA, Europe) (SGB Enhanced) (GB Compatible).gbc
renamed	gbc/Montezuma's Return! (USA).gbc	gbc/Montezuma's Return! (USA) (En,Es) (GB Compatible).gbc
renamed	gbc/Pokemon Pinball (USA).gbc	gbc/Pokemon Pinball (USA, Australia) (Rumble Version) (SGB Enhanced) (GB Compatible).gbc
renamed	gbc/Cubix - Robots for Everyone - Race 'n Robots (USA).gbc	gbc/Cubix - Robots for Everyone - Race 'n Robots (USA) (En,Fr,De,Es,It).gbc
renamed	gbc/N.Y. Race (Europe).gbc	gbc/NYR - New York Race (Europe) (En,Fr,De,Es,It,Pt).gbc
renamed	gbc/Buzz Lightyear of Star Command.gbc	gbc/Buzz Lightyear of Star Command (USA, Europe).gbc
renamed	gbc/Dalmatians-Puppies to the Rescue.gbc	gbc/102 Dalmatians - Puppies to the Rescue (USA, Europe).gbc
renamed	gbc/Blaster Master Enemy Below.gbc	gbc/Blaster Master - Enemy Below (USA, Europe) (SGB Enhanced) (GB Compatible).gbc
renamed	gbc/Carl Lewis Athletics 2000.gbc	gbc/Carl Lewis Athletics 2000 (Europe) (En,Fr,De,Es,It,Nl) (Beta).gbc
renamed	gbc/1942 (USA).gbc	gbc/1942 (USA, Europe).gbc
renamed	gbc/Star Wars Episode I - Racer (USA, Europe).gbc	gbc/Star Wars Episode I - Racer (USA, Europe) (Rumble Version).gbc
renamed	gbc/WWF WrestleMania 2000 (USA, Europe).gbc	gbc/WWF WrestleMania 2000 (USA, Europe) (GB Compatible).gbc
renamed	gbc/Looney Tunes Collector - Alert! (USA).gbc	gbc/Looney Tunes Collector - Alert! (USA) (En,Fr,Es).gbc
renamed	gbc/Rugrats Movie, The (USA, Europe).gbc	gbc/Rugrats Movie, The (Europe) (SGB Enhanced) (GB Compatible).gbc
renamed	gbc/Army Men Air Combat.gbc	gbc/Army Men - Air Combat (USA, Europe) (En,Fr,De).gbc
renamed	gbc/ESPN International Track & Field.gbc	gbc/ESPN International Track & Field (USA).gbc
renamed	gbc/All-Star Baseball 2001.gbc	gbc/All-Star Baseball 2001 (USA).gbc
renamed	gbc/Cool Bricks (Europe).gbc	gbc/Cool Bricks (Europe) (En,Fr,De,Es,It).gbc
renamed	gbc/Suzuki Alstare Extreme Racing (Europe).gbc	gbc/Suzuki Alstare Extreme Racing (Europe) (En,Fr,De,Es,It,Nl).gbc
renamed	gbc/NBA In The Zone.gbc	gbc/NBA in the Zone (USA) (Rev 1) (SGB Enhanced) (GB Compatible).gbc
renamed	gbc/Metal Walker (USA).gbc	gbc/Metal Walker (USA) (GB Compatible).gbc
renamed	gbc/Babe and Friend.gbc	gbc/Babe and Friends (USA) (GB Compatible).gbc
renamed	gbc/Heroes of Might and Magic (USA).gbc	gbc/Heroes of Might and Magic (USA) (En,Fr,De).gbc
renamed	gbc/Adventures of the Smurfs, The (Europe).gbc	gbc/Adventures of the Smurfs, The (Europe) (En,Fr,De,Es,It,Nl).gbc
renamed	gbc/Quest RPG - Brian's Journey (USA).gbc	gbc/Quest - Brian's Journey (USA) (GB Compatible).gbc
renamed	gbc/Tootuff (Europe).gbc	gbc/Tootuff (Europe) (En,Fr,De,Es,It,Nl).gbc
renamed	gbc/MTV Sports - Skateboarding featuring Andy MacDonald (USA).gbc	gbc/MTV Sports - Skateboarding Featuring Andy MacDonald (USA, Europe).gbc
renamed	gbc/New Adventures of Mary-Kate & Ashley, The (USA).gbc	gbc/New Adventures of Mary-Kate & Ashley, The (USA, Europe) (GB Compatible).gbc
renamed	gbc/Pac-Man - Special Color Edition (USA).gbc	gbc/Pac-Man - Special Color Edition (USA) (SGB Enhanced) (GB Compatible).gbc
renamed	gbc/Pokemon - Crystal Version (USA, Europe) (Rev A).gbc	gbc/Pokemon - Crystal Version (USA, Europe) (Rev 1).gbc
renamed	gbc/Heroes of Might and Magic II (USA).gbc	gbc/Heroes of Might and Magic II (USA) (En,Fr,De).gbc
renamed	gbc/Toy Story 2 (USA, Europe).gbc	gbc/Toy Story 2 (USA, Europe) (SGB Enhanced) (GB Compatible).gbc
renamed	gbc/Men in Black 2 - The Series (USA).gbc	gbc/Men in Black 2 - The Series (USA) (En,Fr,De).gbc
renamed	gbc/Lil' Monster.gbc	gbc/Lil' Monster (USA) (SGB Enhanced) (GB Compatible).gbc
renamed	gbc/Legend of the River King 2 (USA).gbc	gbc/Legend of the River King 2 (USA) (SGB Enhanced) (GB Compatible).gbc
renamed	gbc/Zebco Fishing! (USA).gbc	gbc/Zebco Fishing! (USA) (Rumble Version).gbc
renamed	gbc/Mary-Kate and Ashley - Crush Course (USA).gbc	gbc/Mary-Kate and Ashley - Crush Course (USA, Europe).gbc
renamed	gbc/Boarder Zone.gbc	gbc/Boarder Zone (USA).gbc
renamed	gbc/Rocket Power - Gettin' Air (USA).gbc	gbc/Rocket Power - Gettin' Air (USA, Europe).gbc
renamed	gbc/Lego Island 2-The Brickster's Revenge.gbc	gbc/LEGO Island 2 - The Brickster's Revenge (Europe) (En,Fr,De,Es,It,Nl,Pt,Sv,No,Da).gbc
renamed	gbc/San Francisco Rush 2049 (USA).gbc	gbc/San Francisco Rush 2049 (USA, Europe).gbc
renamed	gbc/Moon Patrol & Spy Hunter.gbc	gbc/Midway Presents Arcade Hits - Moon Patrol & Spy Hunter (USA, Europe) (GB Compatible).gbc
renamed	gbc/Caterpillar Construction Zone.gbc	gbc/Caterpillar Construction Zone (USA, Europe) (GB Compatible).gbc
renamed	gbc/Dragon Warrior Monsters 2 - Cobi's Journey (USA).gbc	gbc/Dragon Warrior Monsters 2 - Cobi's Journey (USA) (SGB Enhanced) (GB Compatible).gbc
renamed	gbc/Ms. Pac-Man - Special Color Edition (USA).gbc	gbc/Ms. Pac-Man - Special Color Edition (USA) (SGB Enhanced) (GB Compatible).gbc
renamed	gbc/Lemmings & Oh No! More Lemmings.gbc	gbc/Lemmings & Oh No! More Lemmings (USA).gbc
renamed	gbc/Zidane Football Generation (Europe).gbc	gbc/Zidane - Football Generation (Europe) (En,Fr,De,Es,It).gbc
renamed	gbc/Tazmanian Devil - Munching Madness (USA).gbc	gbc/Tasmanian Devil - Munching Madness (USA) (En,Fr,De,Es,It) (GB Compatible).gbc
renamed	gbc/Xena - Warrior Princess (USA, Europe).gbc	gbc/Xena - Warrior Princess (USA, Europe) (En,Fr,De,Es,It,Nl).gbc
renamed	gbc/Rox (USA, Europe).gbc	gbc/Rox (USA, Europe) (GB Compatible).gbc
renamed	gbc/Micro Machines 1&2-Twin Turbo.gbc	gbc/Micro Machines 1 and 2 - Twin Turbo (USA, Europe).gbc
renamed	gbc/Catz.gbc	gbc/Catz (USA).gbc
renamed	gbc/Turok - Rage Wars (USA, Europe).gbc	gbc/Turok - Rage Wars (USA, Europe) (En,Fr,De,Es).gbc
renamed	gbc/Tintin in Tibet (Europe).gbc	gbc/Tintin au Tibet (Europe) (En,Fr,De,Es,It,Nl,Sv).gbc
renamed	gbc/Antz Racing (USA).gbc	gbc/Antz Racing (USA) (En,Fr,De,Es,It,Nl).gbc
renamed	gbc/Indiana Jones and the Infernal Machine.gbc	gbc/Indiana Jones and the Infernal Machine (USA, Europe) (En,Fr,De).gbc
renamed	gbc/New Addams Family Series, The (Europe).gbc	gbc/New Addams Family Series, The (Europe) (En,Fr,De,Es,It,Pt).gbc
renamed	gbc/LEGO Alpha Team.gbc	gbc/LEGO Alpha Team (USA).gbc
renamed	gbc/Test Drive Le Mans (USA).gbc	gbc/Test Drive Le Mans (USA) (En,Fr,Es).gbc
renamed	gbc/LEGO Racers.gbc	gbc/LEGO Racers (Europe) (En,Fr,De,Es,It,Nl,Pt,Sv,No,Da).gbc
renamed	gbc/Jeremy McGrath Supercross 2000.gbc	gbc/Jeremy McGrath Supercross 2000 (USA, Europe).gbc
renamed	gbc/Harry Potter And The Sorcerer's Stone.gbc	gbc/Harry Potter and the Sorcerer's Stone (USA, Europe) (En,Fr,De,Es,It,Nl,Pt,Sv,No,Da,Fi).gbc
renamed	gbc/Shrek - Fairy Tale Freakdown (USA, Europe).gbc	gbc/Shrek - Fairy Tale Freakdown (USA, Europe) (En,Fr,De,Es,It).gbc
renamed	gbc/Rayman 2 - The Great Escape (USA).gbc	gbc/Rayman 2 (USA) (En,Fr,De,Es,It).gbc
renamed	gbc/Bust-a-Move Millennium.gbc	gbc/Bust-A-Move Millennium (USA, Europe).gbc
renamed	gbc/Roswell Conspiracies - Aliens, Myths & Legends (USA).gbc	gbc/Roswell Conspiracies - Aliens, Myths & Legends (USA) (En,Fr,De).gbc
renamed	gbc/Wacky Races (USA).gbc	gbc/Wacky Races (USA) (En,Fr,Es).gbc
renamed	gbc/A Bug's Life.gbc	gbc/Bug's Life, A (USA) (SGB Enhanced) (GB Compatible).gbc
renamed	gbc/Robopon - Sun Version (USA).gbc	gbc/Robopon - Sun Version (USA) (SGB Enhanced) (GB Compatible).gbc
renamed	gbc/Conker's Pocket Tales (USA, Europe).gbc	gbc/Conker's Pocket Tales (USA, Europe) (En,Fr,De) (SGB Enhanced) (GB Compatible).gbc
renamed	gbc/RoboCop (Europe).gbc	gbc/RoboCop (Europe) (En,Fr,De,Es,It,Nl).gbc
renamed	gbc/Power Quest (USA).gbc	gbc/Power Quest (USA) (En-US,En-GB,Fr,De,Es,It) (SGB Enhanced) (GB Compatible).gbc
renamed	gbc/Puzzle Master (USA).gbc	gbc/Puzzle Master (USA) (GB Compatible).gbc
renamed	gbc/Hot Wheels Stunt Track Driver.gbc	gbc/Hot Wheels - Stunt Track Driver (USA, Europe) (SGB Enhanced) (GB Compatible).gbc
renamed	gbc/Perfect Dark (USA, Europe).gbc	gbc/Perfect Dark (USA, Europe) (En,Fr,De,Es,It) (Rumble Version).gbc
renamed	gbc/Total Soccer 2000 (Europe).gbc	gbc/David O'Leary's Total Soccer 2000 (Europe) (En,Fr,De,Es,It,Nl).gbc
renamed	gbc/Speedy Gonzales - Aztec Adventure (USA, Europe).gbc	gbc/Speedy Gonzales - Aztec Adventure (USA, Europe) (GB Compatible).gbc
renamed	gbc/Donald Duck - Goin' Quackers (USA).gbc	gbc/Donald Duck - Goin' Quackers (USA) (En,Fr,De,Es,It).gbc
renamed	gbc/Legend of the River King GB (USA).gbc	gbc/Legend of the River King GBC (USA) (SGB Enhanced) (GB Compatible).gbc
renamed	gbc/Survival Kids (USA).gbc	gbc/Survival Kids (USA) (SGB Enhanced) (GB Compatible).gbc
renamed	gbc/Pokemon - Gold Version (USA, Europe).gbc	gbc/Pokemon - Gold Version (USA, Europe) (SGB Enhanced) (GB Compatible).gbc
renamed	gbc/Three Lions.gbc	gbc/Three Lions (United Kingdom) (En,Fr,De,Es,It,Nl,Sv) (GB Compatible).gbc
renamed	gbc/Mortal Kombat 4 (USA, Europe).gbc	gbc/Mortal Kombat 4 (USA, Europe) (SGB Enhanced) (GB Compatible).gbc
renamed	gbc/World Destruction League - Thunder Tanks (USA).gbc	gbc/WDL - World Destruction League - Thunder Tanks (USA) (En,Fr,De).gbc
renamed	gbc/Asterix - Search for Dogmatix.gbc	gbc/Asterix - Sur la Trace D'Idefix (Europe) (En,Fr,De,Es,It,Nl).gbc
renamed	gbc/720 Degrees (USA, Europe).gbc	gbc/720 Degrees (USA, Europe) (GB Compatible).gbc
renamed	gbc/Vigilante 8 (USA).gbc	gbc/Vigilante 8 (USA) (Rumble Version).gbc
renamed	gbc/Elmo's ABCs.gbc	gbc/Sesame Street - Elmo's ABCs (USA) (GB Compatible).gbc
renamed	gbc/Godzilla - The Series-Monster Wars.gbc	gbc/Godzilla - The Series - Monster Wars (USA) (En,Fr,De).gbc
renamed	gbc/The Emperor's New Groove.gbc	gbc/Emperor's New Groove, The (USA).gbc
renamed	gbc/Battle Tanx.gbc	gbc/BattleTanx (USA).gbc
renamed	gbc/Madden NFL 2000.gbc	gbc/Madden NFL 2000 (USA, Europe) (SGB Enhanced) (GB Compatible).gbc
renamed	gbc/Mary-Kate and Ashley - Pocket Planner (USA).gbc	gbc/Mary-Kate and Ashley - Pocket Planner (USA, Europe) (GB Compatible).gbc
renamed	gbc/NBA Showtime-NBA on NBC.gbc	gbc/NBA Show Time - NBA on NBC (USA).gbc
renamed	gbc/Revelations - The Demon Slayer (USA).gbc	gbc/Revelations - The Demon Slayer (USA) (SGB Enhanced) (GB Compatible).gbc
renamed	gbc/Spider-Man 2 - The Sinister Six (USA).gbc	gbc/Spider-Man 2 - The Sinister Six (USA, Europe).gbc
renamed	gbc/Tonic Trouble (Europe).gbc	gbc/Tonic Trouble (Europe) (En,Fr,De,Es,It,Nl).gbc
renamed	gbc/Yars' Revenge (USA, Europe).gbc	gbc/Yars' Revenge (USA, Europe) (GB Compatible).gbc
renamed	gbc/Frogger (USA) (Rev B).gbc	gbc/Frogger (USA) (Rev 2) (GB Compatible).gbc
renamed	gbc/Lion King, The - Simba's Mighty Adventure (USA).gbc	gbc/Lion King, The - Simba's Mighty Adventure (USA, Europe).gbc
renamed	gbc/Maya the Bee & Her Friends (Europe).gbc	gbc/Maya the Bee & Her Friends (Europe) (En,Fr,De) (GB Compatible).gbc
renamed	gbc/R-Type DX (USA, Europe).gbc	gbc/R-Type DX (USA, Europe) (GB Compatible).gbc
renamed	gbc/Blue's Clues-Blue's Alphabet Book.gbc	gbc/Blue's Clues - Blue's Alphabet Book (USA).gbc
renamed	gbc/Bionic Commando-Elite Forces.gbc	gbc/Bionic Commando - Elite Forces (USA, Australia).gbc
renamed	gbc/Warriors of Might and Magic (USA).gbc	gbc/Warriors of Might and Magic (USA) (En,Fr,De).gbc
renamed	gbc/Austin Powers - Oh, Behave!.gbc	gbc/Austin Powers - Oh, Behave! (USA).gbc
renamed	gbc/Toy Story Racer (USA).gbc	gbc/Toy Story Racer (USA, Europe).gbc
renamed	gbc/Antz World Sportz (Europe).gbc	gbc/Antz World Sportz (Europe) (En,Fr,De,Es,It,Nl).gbc
renamed	gbc/Moorhen 3 - The Chicken Chase! (Europe).gbc	gbc/Moorhuhn 3 - ...Es Gibt Huhn! (Europe) (En,Fr,De,Es,It).gbc
renamed	gbc/Powerpuff Girls, The - Paint the Townsville Green (USA) (Rev B).gbc	gbc/Powerpuff Girls, The - Paint the Townsville Green (USA) (Rev 2).gbc
renamed	gbc/Stuart Little - The Journey Home.gbc	gbc/Stuart Little - The Journey Home (USA, Europe).gbc
renamed	gbc/Fort Boyard (Europe).gbc	gbc/Fort Boyard (Europe) (En,Fr,De,Es,It,Nl,Pt).gbc
renamed	gbc/TNN Outdoors Fishing Champ (USA).gbc	gbc/TNN Outdoors Fishing Champ (USA) (SGB Enhanced) (GB Compatible).gbc
renamed	gbc/Tetris DX (World).zip	gbc/Tetris DX (World) (SGB Enhanced) (GB Compatible).zip
renamed	gbc/Rats! (USA).gbc	gbc/Rats! (USA) (En,Es) (GB Compatible).gbc
renamed	gbc/Force 21 (USA).gbc	gbc/Force 21 (USA) (En,Fr,De).gbc
renamed	gbc/Tony Hawk's Pro Skater 2 (USA).gbc	gbc/Tony Hawk's Pro Skater 2 (USA, Europe).gbc
renamed	gbc/Tintin - Prisoners of the Sun (Europe).gbc	gbc/Tintin - Le Temple Du Soleil (Europe) (En,Fr,De).gbc
renamed	gbc/Wetrix GB (Europe).gbc	gbc/Wetrix (Europe) (En,Fr,De).gbc
renamed	gbc/Azure Dreams.gbc	gbc/Azure Dreams (USA) (SGB Enhanced) (GB Compatible).gbc
renamed	gbc/Mary-Kate & Ashley - Get a Clue! (USA, Europe).gbc	gbc/Mary-Kate & Ashley - Get a Clue! (USA, Europe) (GB Compatible).gbc
renamed	gbc/Pocket Music (Europe).gbc	gbc/Pocket Music (Europe) (En,Fr,De,Es,It).gbc
renamed	gbc/Driver - You are the Wheelman (USA).gbc	gbc/Driver - You Are the Wheelman (USA) (En,Fr,De,Es,It).gbc
renamed	gbc/Top Gun - Fire Storm (USA, Europe).gbc	gbc/Top Gun - Fire Storm (USA, Europe) (En,Fr,De,Es,It,Nl).gbc
renamed	gbc/Drymouth.gbc	gbc/DryMouth (USA).gbc
renamed	gbc/Army Men 2.gbc	gbc/Army Men 2 (USA, Europe) (En,Fr,De).gbc
renamed	gbc/10-Pin Bowling.gbc	gbc/10-Pin Bowling (USA) (Rumble Version).gbc
renamed	gbc/Tiny Toon Adventures - Dizzy's Candy Quest (Europe).gbc	gbc/Tiny Toon Adventures - Dizzy's Candy Quest (Europe) (En,Fr,De,Es,It,Nl).gbc
renamed	gbc/Soccer Manager (Europe).gbc	gbc/Soccer Manager (Europe) (En,Fr,De,Es).gbc
renamed	gbc/Ronaldo V-Soccer (USA).gbc	gbc/Ronaldo V-Soccer (USA) (En,Fr,Es,Pt) (GB Compatible).gbc
renamed	gbc/Puchi Carat (Europe).gbc	gbc/Puchi Carat (Europe) (SGB Enhanced) (GB Compatible).gbc
renamed	gbc/Gex 3-Deep Pocket Gecko.gbc	gbc/Gex 3 - Deep Pocket Gecko (USA).gbc
renamed	gbc/Monopoly.gbc	gbc/Monopoly (USA) (GB Compatible).gbc
renamed	gbc/Quest for Camelot (USA).gbc	gbc/Quest for Camelot (USA, Australia) (En,Fr,Es) (SGB Enhanced) (GB Compatible).gbc
renamed	gbc/Extreme Ghostbusters (Europe).gbc	gbc/Extreme Ghostbusters (Europe) (En,Fr,De,Es,It,Pt).gbc
renamed	gbc/Looney Tunes Racing (USA).gbc	gbc/Looney Tunes Racing (USA) (En,Fr,De,Es,It,Nl).gbc
renamed	gbc/Dexter's Laboratory - Robot Rampage (USA).gbc	gbc/Dexter's Laboratory - Robot Rampage (USA, Europe).gbc
renamed	gbc/ESPN National Hockey Night.gbc	gbc/ESPN National Hockey Night (USA).gbc
renamed	gbc/Looney Tunes - Carrot Crazy (USA).gbc	gbc/Looney Tunes - Carrot Crazy (USA) (En,Fr,Es) (GB Compatible).gbc
renamed	gbc/WWF Attitude (USA).gbc	gbc/WWF Attitude (USA, Europe).gbc
renamed	gbc/Powerpuff Girls, The - Bad Mojo Jojo (USA) (Rev B).gbc	gbc/Powerpuff Girls, The - Bad Mojo Jojo (USA) (Rev 2).gbc
renamed	gbc/Prince Naseem Boxing (Europe).gbc	gbc/Prince Naseem Boxing (Europe) (En,Fr,De).gbc
renamed	gbc/Spirou Robbedoes - The Robot Invasion (Europe).gbc	gbc/Spirou - The Robot Invasion (Europe) (En,Fr,De,Es,It,Nl,Da).gbc
renamed	gbc/Shaun Palmer's Pro Snowboarder (USA).gbc	gbc/Shaun Palmer's Pro Snowboarder (USA, Australia).gbc
renamed	gbc/Alone in the Dark - The New Nightmare (USA).gbc	gbc/Alone in the Dark - The New Nightmare (USA) (En,Fr,Es).gbc
renamed	gbc/Game & Watch Gallery 3 (USA, Europe).zip	gbc/Game & Watch Gallery 3 (USA, Europe) (SGB Enhanced) (GB Compatible).zip
renamed	gbc/Gex - Enter the Gecko.gbc	gbc/Gex - Enter the Gecko (USA, Europe) (GB Compatible).gbc
renamed	gbc/Alfred's Adventure (Europe).gbc	gbc/Alfred's Adventure (Europe) (En,Fr,De,Es,It).gbc
renamed	gbc/Bugs Bunny-Crazy Castle 3.gbc	gbc/Bugs Bunny - Crazy Castle 3 (USA, Europe) (GB Compatible).gbc
renamed	gbc/Power Rangers - Lightspeed Rescue (USA, Europe).gbc	gbc/Saban's Power Rangers - Lightspeed Rescue (USA, Europe).gbc
renamed	gbc/Pro Pool (USA).gbc	gbc/Pro Pool (USA) (En,Fr,De) (Beta).gbc
renamed	gbc/Chicken Run.gbc	gbc/Chicken Run (USA, Europe) (En,Fr,De,Es,It).gbc
renamed	gbc/Tomb Raider (USA, Europe).gbc	gbc/Tomb Raider (USA, Europe) (En,Fr,De,Es,It).gbc
renamed	gbc/Dragon Warrior Monsters 2 - Tara's Adventure (USA).gbc	gbc/Dragon Warrior Monsters 2 - Tara's Adventure (USA) (SGB Enhanced) (GB Compatible).gbc
renamed	gbc/Supercross Freestyle (Europe).gbc	gbc/Supercross Freestyle (Europe) (En,Fr,De,Es,It).gbc
renamed	gbc/Hoyle Card Games.gbc	gbc/Hoyle Card Games (USA).gbc
renamed	gbc/Mr Nutz (USA).gbc	gbc/Mr. Nutz (USA) (En,Fr,Es).gbc
renamed	gbc/Looney Tunes (USA).gbc	gbc/Looney Tunes (USA) (GB Compatible).gbc
renamed	gbc/Blades of Steel.gbc	gbc/NHL Blades of Steel (USA).gbc
renamed	gbc/New Batman Adventures, The - Chaos in Gotham (USA).gbc	gbc/Batman - Chaos in Gotham (USA).gbc
renamed	gbc/Pocket Pool 3D.gbc	gbc/3D Pocket Pool (Europe) (En,Fr,De,Es,It,Nl).gbc
renamed	gbc/Donkey Kong Country.gbc	gbc/Donkey Kong Country (USA, Europe) (En,Fr,De,Es,It).gbc
renamed	gbc/Lucky Luke (USA).gbc	gbc/Lucky Luke (USA) (En,Fr,De,Es).gbc
renamed	gbc/Super Breakout! (USA).gbc	gbc/Super Breakout (USA) (GB Compatible).gbc
renamed	gbc/Atlantis - The Lost Empire.gbc	gbc/Atlantis - The Lost Empire (USA, Europe).gbc
renamed	gbc/Championship Motocross 2001 with Ricky Carmichael.gbc	gbc/Championship Motocross 2001 featuring Ricky Carmichael (USA, Europe).gbc
renamed	gbc/The Jungle Book-Mowgli's Wild Adventure.gbc	gbc/Jungle Book, The - Mowgli's Wild Adventure (USA) (En,Fr,De,Es,It).gbc
renamed	gbc/Ghosts 'N Goblins.gbc	gbc/Ghosts'n Goblins (USA, Europe) (GB Compatible).gbc
renamed	gbc/Carmageddon.gbc	gbc/Carmageddon - Carpocalypse Now (USA, Europe) (En,Fr,Es,It).gbc
renamed	gbc/Lucky Luke - Desperado Train (Europe).gbc	gbc/Lucky Luke - Desperado Train (Europe) (En,Fr,De,Es,It,Nl).gbc
renamed	gbc/Matchbox Emergency Patrol (USA).gbc	gbc/Matchbox Emergency Patrol (USA, Europe).gbc
renamed	gbc/Hello Kitty's Cube Frenzy (USA).gbc	gbc/Hello Kitty's Cube Frenzy (USA) (GB Compatible).gbc
renamed	gbc/Tyco RC - Racin' Ratz (USA).gbc	gbc/Racin' Ratz (USA).gbc
renamed	gbc/International Superstar Soccer 99.gbc	gbc/International Superstar Soccer 99 (Europe) (SGB Enhanced) (GB Compatible).gbc
renamed	gbc/Ultimate Paint Ball (USA, Europe).gbc	gbc/Ultimate Paintball (USA, Europe).gbc
renamed	gbc/Snoopy Tennis (USA).gbc	gbc/Snoopy Tennis (USA) (En,Fr,Es).gbc
renamed	gbc/Powerpuff Girls, The - Battle Him (USA) (Rev A).gbc	gbc/Powerpuff Girls, The - Battle Him (USA) (Rev 1).gbc
renamed	gbc/Gobs of Games.gbc	gbc/Gobs of Games (USA) (En,Fr,De).gbc
renamed	gbc/O'Leary Manager 2000 (Europe).gbc	gbc/O'Leary Manager 2000 (Europe) (En,Fr,De,Es,It,Nl,Ca).gbc
renamed	gbc/Klax (USA).gbc	gbc/Klax (USA, Europe).gbc
renamed	gbc/Planet of the Apes (USA).gbc	gbc/Planet of the Apes (USA) (En,Fr,De,Es,It,Nl).gbc
renamed	gbc/Mission Impossible.gbc	gbc/Mission - Impossible (USA) (En,Fr,Es).gbc
renamed	gbc/All-Star Tennis 2000.gbc	gbc/All Star Tennis 2000 (Europe) (AZTP) (GB Compatible).gbc
renamed	gbc/Turok 2 - Seeds of Evil (USA, Europe).gbc	gbc/Turok 2 - Seeds of Evil (USA, Europe) (En,Fr,De,Es) (GB Compatible).gbc
renamed	gbc/Barbie - Pet Rescue.gbc	gbc/Barbie - Pet Rescue (USA).gbc
renamed	gbc/Test Drive 6 (USA).gbc	gbc/Test Drive 6 (USA) (GB Compatible).gbc
renamed	gbc/Millenium Winter Sports.gbc	gbc/Millennium Winter Sports (USA).gbc
renamed	gbc/Dogz - Your Virtual Petz Palz (USA).gbc	gbc/Dogz (USA).gbc
renamed	gbc/Black Bass-Lure Fishing.gbc	gbc/Black Bass - Lure Fishing (USA, Europe) (GB Compatible).gbc
renamed	gbc/Dragon's Lair (USA, Europe).gbc	gbc/Dragon's Lair (USA, Europe) (En,Ja,Fr,De,Es,Zh).gbc
renamed	gbc/Jim Henson's Muppets.gbc	gbc/Jim Henson's Muppets (USA).gbc
renamed	gbc/Austin Powers-Welcome to My Underground Lair.gbc	gbc/Austin Powers - Welcome to My Underground Lair! (USA).gbc
renamed	gbc/Hercules - The Legendary Journeys (Europe).gbc	gbc/Hercules - The Legendary Journeys (Europe) (En,Fr,De,Es,It,Nl).gbc
renamed	gbc/Looney Tunes - Twouble! (USA).gbc	gbc/Looney Tunes - Twouble! (USA) (En,Fr,Es) (GB Compatible).gbc
renamed	gbc/Noddy and the Birthday Party (Europe).gbc	gbc/Noddy and the Birthday Party (Europe) (En,Fr,De,Es).gbc
renamed	gbc/Shamus (USA, Europe).gbc	gbc/Shamus (USA, Europe) (GB Compatible).gbc
renamed	gbc/Nations, The - Land of Legends (Europe).gbc	gbc/Nations, The - Land of Legends (Europe) (En,De).gbc
renamed	gbc/NBA Jam 2001.gbc	gbc/NBA Jam 2001 (USA, Europe).gbc
renamed	gbc/Konami GB Collection Vol.1 (Europe).gbc	gbc/Konami GB Collection Vol.1 (Europe) (GB Compatible).gbc
renamed	gbc/Space Invaders (USA).gbc	gbc/Space Invaders (USA, Europe) (GB Compatible).gbc
renamed	gbc/Bass Masters Classic.gbc	gbc/Bass Masters Classic (USA, Europe) (GB Compatible).gbc
renamed	gbc/Fish Files, The (Europe).gbc	gbc/Fish Files, The (Europe) (En,Fr,De,Es,It).gbc
renamed	gbc/Arthur's Absolutely Fun Day!.gbc	gbc/Arthur's Absolutely Fun Day! (USA).gbc
renamed	gbc/Barbie Magic Genie.gbc	gbc/Barbie - Magic Genie Adventure (USA).gbc
renamed	gbc/Rip-Tide Racer (Europe).gbc	gbc/Rip-Tide Racer (Europe) (En,Fr,De,Es,It) (GB Compatible).gbc
renamed	gbc/Bomberman Quest (USA).gbc	gbc/Bomberman Quest (USA) (SGB Enhanced) (GB Compatible).gbc
renamed	gbc/Tony Hawk's Pro Skater 3 (USA).gbc	gbc/Tony Hawk's Pro Skater 3 (USA, Europe).gbc
renamed	gbc/Grand Theft Auto (USA).gbc	gbc/Grand Theft Auto (USA) (GB Compatible).gbc
renamed	gbc/Bugs Bunny-Crazy Castle 4.gbc	gbc/Bugs Bunny in - Crazy Castle 4 (USA).gbc
renamed	gbc/Mega Man Xtreme (USA).gbc	gbc/Mega Man Xtreme (USA, Europe) (GB Compatible).gbc
renamed	gbc/Legend of Zelda, The - Oracle of Seasons (USA).gbc	gbc/Legend of Zelda, The - Oracle of Seasons (USA, Australia).gbc
renamed	gbc/Mickey's Speedway USA.gbc	gbc/Mickey's Speedway USA (USA, Europe) (En,Fr,De,Es).gbc
renamed	gbc/Legend of Zelda, The - Oracle of Ages (USA).gbc	gbc/Legend of Zelda, The - Oracle of Ages (USA, Australia).gbc
renamed	gbc/NASCAR Challenge (USA).gbc	gbc/NASCAR Challenge (USA) (Rumble Version).gbc
renamed	gbc/Pocket Soccer (Europe).gbc	gbc/Pocket Soccer (Europe) (En,Fr,De,Es,It,Pt).gbc
renamed	gbc/Tweenies - Doodles' Bones (Europe).gbc	gbc/Tweenies - Doodles' Bones (Europe) (En,De,Es,It).gbc
renamed	gbc/Army Men Sarge's Heroes 2.gbc	gbc/Army Men - Sarge's Heroes 2 (USA, Europe) (En,Fr,De).gbc
renamed	gbc/Dragon Warrior I & II (USA).gbc	gbc/Dragon Warrior I & II (USA) (SGB Enhanced) (GB Compatible).gbc
renamed	gbc/Dinosaur'us (Europe).gbc	gbc/Dinosaur'us (Europe) (En,Fr,De,Es,It,Nl).gbc
renamed	gbc/Monsters, Inc. (USA).gbc	gbc/Monsters, Inc. (USA, Europe).gbc
renamed	gbc/Harvest Moon GB (USA).gbc	gbc/Harvest Moon GBC (USA) (SGB Enhanced) (GB Compatible).gbc
renamed	gbc/VIP (USA, Europe).gbc	gbc/VIP (Europe) (En,Fr,De,Es,It).gbc
renamed	gbc/Marvin Strikes Back.gbc	gbc/Marvin Strikes Back! (USA) (En,Fr,Es).gbc
renamed	gbc/FIFA 2000 (USA, Europe).gbc	gbc/FIFA 2000 (USA, Europe) (SGB Enhanced) (GB Compatible).gbc
renamed	gbc/Las Vegas Cool Hand (USA).gbc	gbc/Las Vegas Cool Hand (USA) (GB Compatible).gbc
renamed	gbc/International Track & Field.gbc	gbc/International Track & Field (USA) (SGB Enhanced) (GB Compatible).gbc
renamed	gbc/Shanghai Pocket (USA, Europe) (Rev A).gbc	gbc/Shanghai Pocket (Europe) (Rev 1) (SGB Enhanced) (GB Compatible).gbc
renamed	gbc/Titus the Fox to Marrakech and Back (USA).gbc	gbc/Titus the Fox (USA) (GB Compatible).gbc
renamed	gbc/Dragon Dance (USA).gbc	gbc/Dragon Dance (USA) (SGB Enhanced) (GB Compatible).gbc
renamed	wonderswancolor/Digimon - Anode Tamer & Cathode Tamer (Asia).wsc	wonderswancolor/Digimon - Anode Tamer & Cathode Tamer - Veedramon Version (Hong Kong) (En).wsc
renamed	wonderswancolor/Kinnikuman IIsei - Dream Tag Match (Japan).wsc	wonderswancolor/Kinnikuman II-Sei - Dream Tag Match (Japan).wsc
renamed	wonderswancolor/Digimon Tamers - Battle Spirit (Japan) (En,Ja).wsc	wonderswancolor/Digimon Tamers - Battle Spirit (Japan, Korea) (En,Ja).wsc
renamed	wonderswancolor/Battle Spirit - Digimon Frontier (Japan).wsc	wonderswancolor/Battle Spirit - Digimon Frontier (Japan) (Rev 1).wsc
renamed	wonderswancolor/Kinnikuman IIsei - Choujin Seisenshi (Japan).wsc	wonderswancolor/Kinnikuman II-Sei - Choujin Seisenshi (Japan).wsc
renamed	wonderswancolor/Sorobang (Japan).wsc	wonderswancolor/Sorobang (Japan) (Rev 1).wsc
renamed	wonderswancolor/Kurupara! (Japan).wsc	wonderswancolor/Kurupara! (Japan) (Rev 1).wsc
renamed	gb/World Ice Hockey (Japan).gb	gb/World Ice Hockey (Japan) (En).gb
renamed	gb/Star Trek Generations - Beyond the Nexus (USA).gb	gb/Star Trek Generations - Beyond the Nexus (USA) (SGB Enhanced).gb
renamed	gb/Parasol Stars (Europe).gb	gb/Parasol Stars - Rainbow Islands II (Europe).gb
renamed	gb/The Addams Family-Pugsley's Scavenger Hunt.gb	gb/Addams Family, The - Pugsley's Scavenger Hunt (USA, Europe).gb
renamed	gb/Yogi Bear in Yogi Bear's Goldrush (USA).gb	gb/Yogi Bear's Gold Rush (USA).gb
renamed	gb/Kirby's Block Ball (USA, Europe).gb	gb/Kirby's Block Ball (USA, Europe) (SGB Enhanced).gb
renamed	gb/Tale Spin.gb	gb/TaleSpin (USA).gb
renamed	gb/Skate or Die-Bad 'N Rad.gb	gb/Skate or Die - Bad 'N Rad (Europe).gb
renamed	gb/Animaniacs (USA).gb	gb/Animaniacs (USA) (SGB Enhanced).gb
renamed	gb/Attack of the Killer Tomatoes.gb	gb/Attack of the Killer Tomatoes (USA, Europe).gb
renamed	gb/Taz-Mania 2.gb	gb/Taz-Mania 2 (USA).gb
renamed	gb/R-Type.gb	gb/R-Type (USA, Europe).gb
renamed	gb/Bill and Ted's Excellent GB Adventure.gb	gb/Bill & Ted's Excellent Game Boy Adventure - A Bogus Journey! (USA, Europe).gb
renamed	gb/The Jetsons.gb	gb/Jetsons, The - Robot Panic (USA, Europe).gb
renamed	gb/Mole Mania (USA, Europe).zip	gb/Mole Mania (USA, Europe) (SGB Enhanced).zip
renamed	gb/Faceball 2000.gb	gb/Faceball 2000 (USA).gb
renamed	gb/Cool Spot.gb	gb/Cool Spot (USA).gb
renamed	gb/Maui Mallard (USA).gb	gb/Maui Mallard in Cold Shadow (USA).gb
renamed	gb/Renju Club - Gomoku Narabe (Japan).gb	gb/Renju Club - Gomoku Narabe (Japan) (SGB Enhanced).gb
renamed	gb/Karamuchou no Daijiken (Japan).gb	gb/Karamuchou no Daijiken (Japan) (SGB Enhanced).gb
renamed	gb/NBA All Star Challenge 2.gb	gb/NBA All-Star Challenge 2 (USA, Europe).gb
renamed	gb/Madden '97.gb	gb/Madden 97 (USA) (SGB Enhanced).gb
renamed	gb/King of Fighters '95, The (USA).gb	gb/King of Fighters '95, The (USA) (SGB Enhanced).gb
renamed	gb/Amazing Penguin.gb	gb/Amazing Penguin (USA, Europe).gb
renamed	gb/Pocahontas.gb	gb/Pocahontas (USA, Europe) (SGB Enhanced).gb
renamed	gb/Spiritual Warfare (USA) (Unl).gb	gb/Spiritual Warfare (USA).gb
renamed	gb/Bubble Bobble.gb	gb/Bubble Bobble (USA, Europe).gb
renamed	gb/Pokemon - Blue Version (USA, Europe).gb	gb/Pokemon - Blue Version (USA, Europe) (SGB Enhanced).gb
renamed	gb/Arcade Classic No. 1 - Asteroids & Missile Command (USA, Europe).gb	gb/Arcade Classic No. 1 - Asteroids & Missile Command (USA, Europe) (SGB Enhanced).gb
renamed	gb/V-Rally - Championship Edition (Europe).gb	gb/V-Rally - Championship Edition (Europe) (En,Fr,De).gb
renamed	gb/Vegas Stakes (USA, Europe).gb	gb/Vegas Stakes (USA, Europe) (SGB Enhanced).gb
renamed	gb/PGA Tour '96 (USA, Europe).gb	gb/PGA Tour 96 (USA, Europe) (SGB Enhanced).gb
renamed	gb/Bubsy 2.gb	gb/Bubsy II (Europe).gb
renamed	gb/FIFA Soccer '98.gb	gb/FIFA - Road to the World Cup '98 (USA, Europe).gb
renamed	gb/Urban Strike (USA, Europe).gb	gb/Urban Strike (USA, Europe) (SGB Enhanced).gb
renamed	gb/Looney Tunes.gb	gb/Looney Tunes (USA, Europe).gb
renamed	gb/Contra Fidgetts.gb	gb/Fidgetts, The (USA, Europe) (En,Fr,De,Es,It,Nl,Sv).gb
renamed	gb/Heavyweight Championship Boxing.gb	gb/Heavyweight Championship Boxing (USA).gb
renamed	gb/Xenon 2 - Megablast (USA, Europe).gb	gb/Xenon 2 (USA, Europe).gb
renamed	gb/Donkey Kong Land 3.gb	gb/Donkey Kong Land III (USA, Europe) (SGB Enhanced).gb
renamed	gb/WCW Main Event.gb	gb/WCW - The Main Event (USA, Europe).gb
renamed	gb/Arcade Classics - Battlezone & Super Breakout (USA, Europe).gb	gb/Arcade Classics - Super Breakout & Battlezone (USA, Europe) (SGB Enhanced).gb
renamed	gb/Track & Field.gb	gb/Track & Field (USA, Europe).gb
renamed	gb/Kirby's Dream Land 2 (USA, Europe).gb	gb/Kirby's Dream Land 2 (USA, Europe) (SGB Enhanced).gb
renamed	gb/Joe & Mac.gb	gb/Joe & Mac (USA).gb
renamed	gb/Pac-Attack (USA).gb	gb/Pac-Attack (USA) (SGB Enhanced).gb
renamed	gb/Darkman.gb	gb/Darkman (USA, Europe).gb
renamed	gb/RoboCop 2 (USA).gb	gb/RoboCop 2 (USA, Europe).gb
renamed	gb/Centipede.gb	gb/Centipede (USA) (Majesco).gb
renamed	gb/Caesars Palace.gb	gb/Caesars Palace (USA) (Rev 1).gb
renamed	gb/Hyper Black Bass '95 (Japan).gb	gb/Hyper Black Bass '95 (Japan) (En,Ja).gb
renamed	gb/Pokemon - Red Version (USA, Europe).gb	gb/Pokemon - Red Version (USA, Europe) (SGB Enhanced).gb
renamed	gb/Elevator Action.gb	gb/Elevator Action (USA, Europe).gb
renamed	gb/The Battle of Olympus.gb	gb/Battle of Olympus, The (Europe) (En,Fr,De,Es,It).gb
renamed	gb/Beetlejuice.gb	gb/Beetlejuice (USA).gb
renamed	gb/Atomic Punk.gb	gb/Atomic Punk (USA).gb
renamed	gb/Jeopardy!-Sports Edition.gb	gb/Jeopardy! - Sports Edition (USA).gb
renamed	gb/Mickey's Chase (USA).gb	gb/Mickey's Dangerous Chase (USA).gb
renamed	gb/Spot (USA).gb	gb/Spot - The Video Game (USA).gb
renamed	gb/Roadster (Japan).gb	gb/Roadster (Japan) (En).gb
renamed	gb/Aladdin (USA).gb	gb/Aladdin (USA) (SGB Enhanced).gb
renamed	gb/Donkey Kong Land 2.gb	gb/Donkey Kong Land 2 (USA, Europe) (SGB Enhanced).gb
renamed	gb/Castelian.gb	gb/Castelian (USA).gb
renamed	gb/RoboCop (USA, Europe) (Rev A).gb	gb/RoboCop (USA, Europe) (Rev 1).gb
renamed	gb/Hit the Ice.gb	gb/Hit the Ice - VHL - The Official Video Hockey League (USA, Europe).gb
renamed	gb/World Cup USA '94 (Europe).gb	gb/World Cup USA 94 (Europe) (En,Fr,De,Es,It,Nl,Pt,Sv).gb
renamed	gb/Small Soldiers.gb	gb/Small Soldiers (USA, Europe) (SGB Enhanced).gb
renamed	gb/Mulan (USA, Europe).gb	gb/Mulan (Europe) (SGB Enhanced).gb
renamed	gb/Dragon Heart.gb	gb/DragonHeart (USA, Europe).gb
renamed	gb/Altered Space.gb	gb/Altered Space - A 3-D Alien Adventure (USA).gb
renamed	gb/Sports Illustrated - Golf Classic (USA).gb	gb/Sports Illustrated - Golf Classic (USA) (SGB Enhanced).gb
renamed	gb/The Addams Family.gb	gb/Addams Family, The (USA).gb
renamed	gb/The Little Mermaid.gb	gb/Little Mermaid, The (Europe).gb
renamed	gb/Klax (USA).gb	gb/Klax (USA) (Mindscape).gb
renamed	gb/Battle Unit Zeoth.gb	gb/Battle Unit Zeoth (USA, Europe).gb
renamed	gb/Rock'n! Monster!! (Japan).gb	gb/Rock'n! Monster!! (Japan) (SGB Enhanced).gb
renamed	gb/Who Framed Roger Rabbit.gb	gb/Who Framed Roger Rabbit (USA).gb
renamed	gb/Star Sweep (Japan).gb	gb/Star Sweep (Japan) (SGB Enhanced).gb
renamed	gb/Madden '96.gb	gb/Madden 96 (USA, Europe) (SGB Enhanced).gb
renamed	gb/Samurai Shodown.gb	gb/Samurai Shodown (USA, Europe) (SGB Enhanced).gb
renamed	gb/Tecmo Bowl.gb	gb/Tecmo Bowl (USA).gb
renamed	gb/Maus, Die (Europe).gb	gb/Maus, Die (Europe) (En,Fr,De,Es).gb
renamed	gb/Fastest Lap.gb	gb/Fastest Lap (Japan) (En).gb
renamed	gb/Casper.gb	gb/Casper (Europe).gb
renamed	gb/Bill Elliott's NASCAR Fast Track.gb	gb/Bill Elliott's NASCAR Fast Tracks (USA).gb
renamed	gb/FIFA Soccer '96.gb	gb/FIFA Soccer 96 (USA, Europe) (En,Fr,De,Es) (SGB Enhanced).gb
renamed	gb/Avenging Spirit.gb	gb/Avenging Spirit (USA, Europe).gb
renamed	gb/Rod Land (Europe).gb	gb/Rodland (Europe).gb
renamed	gb/The Simpsons-Krusty's Funhouse.gb	gb/Krusty's Fun House (USA, Europe).gb
renamed	gb/Little Indian in Big City.gb	gb/Indien dans la Ville, Un (Europe) (SGB Enhanced).gb
renamed	gb/Collection Pocket (Japan).gb	gb/Collection Pocket (Japan) (SGB Enhanced).gb
renamed	gb/Micro Machines.gb	gb/Micro Machines (USA, Europe).gb
renamed	gb/Bust-a-Move 2.gb	gb/Bust-A-Move 2 - Arcade Edition (USA, Europe).gb
renamed	gb/World Cup 98 (USA, Europe).gb	gb/World Cup 98 (USA, Europe) (SGB Enhanced).gb
renamed	gb/Cool World.gb	gb/Cool World (USA, Europe).gb
renamed	gb/Dr Franken 2.gb	gb/Dr. Franken II (USA, Europe) (En,Fr,De,Es,It,Nl,Sv).gb
renamed	gb/Battle Arena Toshinden (USA).gb	gb/Battle Arena Toshinden (USA) (SGB Enhanced).gb
renamed	gb/Burai Fighter Deluxe.gb	gb/Burai Fighter Deluxe (USA, Europe).gb
renamed	gb/The Simpsons-Bart vs the Juggernauts.gb	gb/Simpsons, The - Bart vs. the Juggernauts (USA, Europe).gb
renamed	gb/R-Type 2.gb	gb/R-Type II (Europe).gb
renamed	gb/Bionic Battler.gb	gb/Bionic Battler (USA).gb
renamed	gb/Dick Tracy.gb	gb/Dick Tracy (USA).gb
renamed	gb/RoboCop vs. The Terminator (USA).gb	gb/RoboCop Versus The Terminator (USA).gb
renamed	gb/Tokyo Disneyland - Mickey no Cinderella-jou Mystery Tour (Japan).gb	gb/Tokyo Disneyland - Mickey no Cinderella-jou Mystery Tour (Japan) (SGB Enhanced).gb
renamed	gb/Ultraman Chou Toushi Gekiden (Japan).gb	gb/Ultraman Chou Toushi Gekiden (Japan) (SGB Enhanced).gb
renamed	gb/Pokonyan! - Yume no Daibouken (Japan).gb	gb/Pokonyan! - Yume no Daibouken (Japan) (SGB Enhanced).gb
renamed	gb/Daedalean Opus.gb	gb/Daedalian Opus (USA).gb
renamed	gb/After Burst (Japan).gb	gb/After Burst (Japan) (En).gb
renamed	gb/Yuu Yuu Hakusho Dai-2-dan - Ankoku Bujutsukai (Japan).gb	gb/Yu Yu Hakusho Dai-2-dan - Ankoku Bujutsukai Hen (Japan).gb
renamed	gb/Namco Gallery Vol.2 (Japan).gb	gb/Namco Gallery Vol.2 (Japan) (SGB Enhanced).gb
renamed	gb/Casino Funpak.gb	gb/Casino FunPak (USA, Europe).gb
renamed	gb/Space Invaders (USA).gb	gb/Space Invaders (USA) (SGB Enhanced).gb
renamed	gb/Mickey Mouse IV (Japan).gb	gb/Mickey Mouse IV - Mahou no Labyrinth (Japan) (En).gb
renamed	gb/Pac-In-Time (USA).gb	gb/Pac-In-Time (Europe) (SGB Enhanced).gb
renamed	gb/Ace Striker.gb	gb/Takeda Nobuhiro no Ace Striker (Japan).gb
renamed	gb/Ninja Boy 2.gb	gb/Ninja Boy 2 (USA, Europe).gb
renamed	gb/Tiny Toon Adventures - Montana's Movie Madness (USA, Europe).gb	gb/Tiny Toon Adventures 2 - Montana's Movie Madness (USA, Europe).gb
renamed	gb/NHL Hockey 96.gb	gb/NHL 96 (USA, Europe) (SGB Enhanced).gb
renamed	gb/Brain Drain (USA).gb	gb/Brain Drain (USA) (SGB Enhanced).gb
renamed	gb/Asteroids.gb	gb/Asteroids (USA, Europe).gb
renamed	gb/Titus the Fox to Marrakech and Back (USA, Europe).gb	gb/Titus the Fox (USA, Europe).gb
renamed	gb/Daffy Duck-The Marvin Missions.gb	gb/Daffy Duck (Europe).gb
renamed	gb/Pokemon - Yellow Version - Special Pikachu Edition (USA, Europe).gb	gb/Pokemon - Yellow Version - Special Pikachu Edition (USA, Europe) (CGB+SGB Enhanced).gb
renamed	gb/Mortal Kombat 3 (USA).gb	gb/Mortal Kombat 3 (USA, Europe).gb
renamed	gb/Sneaky Snakes.gb	gb/Sneaky Snakes (USA, Europe).gb
renamed	gb/NFL Quarterback Club (1993).gb	gb/NFL Quarterback Club (USA, Europe).gb
renamed	gb/Killer Instinct (USA, Europe).gb	gb/Killer Instinct (USA, Europe) (SGB Enhanced).gb
renamed	gb/Wave Race.gb	gb/Wave Race (USA, Europe).gb
renamed	gb/Castlevania Adventure, The (USA).gb	gb/Castlevania - The Adventure (USA).gb
renamed	gb/Hunchback of Notre Dame, The - 5 Foolishly Fun Topsy Turvy Games (USA, Europe).gb	gb/Hunchback of Notre Dame, The - 5 Foolishly Fun Topsy Turvy Games (USA, Europe) (SGB Enhanced).gb
renamed	gb/Donkey Kong.gb	gb/Donkey Kong (World) (Rev 1) (SGB Enhanced).gb
renamed	gb/Yuu Yuu Hakusho Dai-3-Dan - Makai no Tobira Hen (Japan).gb	gb/Yu Yu Hakusho Dai-3-dan - Makai no Tobira Hen (Japan).gb
renamed	gb/Uno 2 - Small World (Japan).gb	gb/Uno 2 - Small World (Japan) (SGB Enhanced).gb
renamed	gb/Ninja Boy.gb	gb/Ninja Boy (USA, Europe).gb
renamed	gb/Football International.gb	gb/Football International (Europe).gb
renamed	gb/Gradius-The Interstellar Assault.gb	gb/Gradius - The Interstellar Assault (USA).gb
renamed	gb/NBA Live 96.gb	gb/NBA Live 96 (USA, Europe) (SGB Enhanced).gb
renamed	gb/The Getaway.gb	gb/Getaway, The - High Speed II (USA).gb
renamed	gb/Race Days (USA).gb	gb/Race Days (Europe).gb
renamed	gb/Game & Watch Gallery (USA).zip	gb/Game & Watch Gallery (USA) (Rev 1) (SGB Enhanced).zip
renamed	gb/Jungle Strike (USA, Europe).gb	gb/Jungle Strike (Europe).gb
renamed	gb/Hal Wrestling.gb	gb/HAL Wrestling (USA) (Beta).gb
renamed	gb/Catrap.gb	gb/Catrap (USA).gb
renamed	gb/Amida (Japan).gb	gb/Amida (Japan) (En).gb
renamed	gb/Super Star Wars - Return of the Jedi (USA, Europe).gb	gb/Super Star Wars - Return of the Jedi (USA, Europe) (SGB Enhanced).gb
renamed	gb/WildSnake.gb	gb/Wild Snake (USA) (SGB Enhanced).gb
renamed	gb/Cosmo Tank.gb	gb/Cosmo Tank (USA).gb
renamed	gb/Super Street Basketball (Japan).gb	gb/Super Street Basketball (Japan) (En).gb
renamed	gb/Final Reverse (Japan).gb	gb/Final Reverse (Japan) (En).gb
renamed	gb/Bust-a-Move 3.gb	gb/Bust-A-Move 3 DX (Europe).gb
renamed	gb/Adventures of Lolo (Europe).gb	gb/Adventures of Lolo (Europe) (SGB Enhanced).gb
renamed	gb/Contra - The Alien Wars (USA).gb	gb/Contra - The Alien Wars (USA) (SGB Enhanced).gb
renamed	gb/Wario Blast.gb	gb/Wario Blast Featuring Bomberman! (USA, Europe) (SGB Enhanced).gb
renamed	gb/Mighty Morphin Power Rangers.gb	gb/Mighty Morphin Power Rangers (USA, Europe) (SGB Enhanced).gb
renamed	gb/Elite Soccer.gb	gb/Elite Soccer (USA) (SGB Enhanced).gb
renamed	gb/Dennis the Menace.gb	gb/Dennis the Menace (USA).gb
renamed	gb/Popeye (Japan).gb	gb/Popeye (Japan) (En).gb
renamed	gb/Bonk's Revenge (USA).gb	gb/Bonk's Revenge (USA) (SGB Enhanced).gb
renamed	gb/Legend of Zelda, The - Link's Awakening (USA, Europe).gb	gb/Legend of Zelda, The - Link's Awakening (USA, Europe) (Rev 2).gb
renamed	gb/PGA European Tour (USA, Europe).gb	gb/PGA European Tour (USA, Europe) (SGB Enhanced).gb
renamed	gb/Hercules.gb	gb/Hercules (USA, Europe) (SGB Enhanced).gb
renamed	gb/Fish Dude.gb	gb/Fish Dude (USA).gb
renamed	gb/Jeopardy!-Teen Tournament.gb	gb/Jeopardy! - Teen Tournament (USA) (SGB Enhanced).gb
renamed	gb/Kaijuu Ou Godzilla (Japan).gb	gb/Kaijuu Ou Gojira (Japan).gb
renamed	gb/Reservoir Rat (Europe).gb	gb/Reservoir Rat (Europe) (En,Fr,De,Es,It).gb
renamed	gb/The Blues Brothers-Jukebox Adventure.gb	gb/Blues Brothers, The - Jukebox Adventure (Europe).gb
renamed	gb/Monopoly.gb	gb/Monopoly (USA).gb
renamed	gb/The Smurfs 3.gb	gb/Smurfs Nightmare, The (Europe) (En,Fr,De,Es).gb
renamed	gb/True Lies.gb	gb/True Lies (USA, Europe).gb
renamed	gb/The Lion King.gb	gb/Lion King, The (Europe).gb
renamed	gb/Frank Thomas' Big Hurt Baseball.gb	gb/Frank Thomas Big Hurt Baseball (USA, Europe).gb
renamed	gb/Bionic Commando.gb	gb/Bionic Commando (USA).gb
renamed	gb/Blaster Master Boy.gb	gb/Blaster Master Boy (USA).gb
renamed	gb/Beethoven's 2nd.gb	gb/Beethoven (Europe) (SGB Enhanced).gb
renamed	gb/Snow Bros Jr..gb	gb/Snow Brothers (USA).gb
renamed	gb/Prince of Persia.gb	gb/Prince of Persia (USA).gb
renamed	gb/International Superstar Soccer (USA, Europe).gb	gb/International Superstar Soccer (USA, Europe) (SGB Enhanced).gb
renamed	gb/Super Connard (Europe) (Unl).gb	gb/Super Connard (World) (Fr) (Digital).gb
renamed	gb/Monster Truck Wars.gb	gb/Monster Truck Wars (USA, Europe).gb
renamed	gb/Blodia (Japan).gb	gb/Blodia (Japan) (En).gb
renamed	gb/Hugo (Europe).gb	gb/Hugo (Europe) (SGB Enhanced).gb
renamed	gb/Jeopardy.gb	gb/Jeopardy! (USA).gb
renamed	gb/NBA Jam Tournament Edition.gb	gb/NBA Jam - Tournament Edition (USA, Europe).gb
renamed	gb/Jeep Jamboree.gb	gb/Jeep Jamboree - Off-Road Adventure (USA).gb
renamed	gb/Darkwing Duck.gb	gb/Darkwing Duck (Europe).gb
renamed	gb/The Flintstones.gb	gb/Flintstones, The (USA, Europe).gb
renamed	gb/Ironman X-O Manowar in Heavy Metal (USA, Europe).gb	gb/Iron Man X-O Manowar in Heavy Metal (USA, Europe) (SGB Enhanced).gb
renamed	gb/NBA Jam.gb	gb/NBA Jam (USA, Europe).gb
renamed	gb/Tintin - Prisoners of the Sun (Europe).gb	gb/Tintin - Prisoners of the Sun (Europe) (En,Fr,De).gb
renamed	gb/Turok-Battle of the Bionosaurs.gb	gb/Turok - Battle of the Bionosaurs (USA, Europe) (En,Fr,De,Es).gb
renamed	gb/Ghostbusters 2.gb	gb/Ghostbusters II (USA, Europe).gb
renamed	gb/NFL Quarterback Club '96.gb	gb/NFL Quarterback Club 96 (USA, Europe).gb
renamed	gb/Loopz.gb	gb/Loopz (World).gb
renamed	gb/Ken Griffey Jr. presents Major League Baseball (USA, Europe).gb	gb/Ken Griffey Jr. Presents Major League Baseball (USA, Europe) (SGB Enhanced).gb
renamed	gb/Star Wars (USA, Europe).gb	gb/Star Wars (USA, Europe) (Rev 1).gb
renamed	gb/Prophecy-The Viking Child.gb	gb/Prophecy - The Viking Child (USA).gb
renamed	gb/Wheel of Fortune.gb	gb/Wheel of Fortune (USA).gb
renamed	gb/The Flash.gb	gb/Flash, The (USA, Europe).gb
renamed	gb/Chase HQ.gb	gb/Chase H.Q. (USA, Europe).gb
renamed	gb/Super Street Basketball 2 (Japan).gb	gb/Super Street Basketball 2 (Japan) (En) (SGB Enhanced).gb
renamed	gb/Muhammad Ali's Boxing (USA, Europe).gb	gb/Muhammad Ali Heavyweight Boxing (USA, Europe).gb
renamed	gb/Boxxle (USA, Europe) (Rev A).gb	gb/Boxxle (USA, Europe) (Rev 1).gb
renamed	gb/Jordan vs Bird.gb	gb/Jordan vs Bird - One on One (USA, Europe).gb
renamed	gb/Pagemaster, The (USA).gb	gb/Pagemaster, The (USA) (SGB Enhanced).gb
renamed	gb/Bubble Ghost.gb	gb/Bubble Ghost (USA, Europe).gb
renamed	gb/Wizardry Gaiden 3-Scripture of the Dark.gb	gb/Wizardry Gaiden III - Yami no Seiten (Japan).gb
renamed	gb/Dead Heat Scramble.gb	gb/Dead Heat Scramble (USA).gb
renamed	gb/Zen-Nihon Pro Wrestling Jet (Japan).gb	gb/Zen-Nihon Pro Wrestling Jet (Japan) (SGB Enhanced).gb
renamed	gb/Spider-Man-X-Men (USA, Europe).gb	gb/Spider-Man - X-Men - Arcade's Revenge (USA, Europe).gb
renamed	gb/Yuu Yuu Hakusho (Japan).gb	gb/Yu Yu Hakusho (Japan).gb
renamed	gb/Dr Franken 1.gb	gb/Dr. Franken (USA).gb
renamed	gb/Arcade Classic No. 2 - Centipede & Millipede (USA, Europe).gb	gb/Arcade Classic No. 2 - Centipede & Millipede (USA, Europe) (SGB Enhanced).gb
renamed	gb/Foreman for Real.gb	gb/Foreman for Real (USA, Europe).gb
renamed	gb/Mortal Kombat I & II (USA, Europe).gb	gb/Mortal Kombat & Mortal Kombat II (USA, Europe).gb
renamed	gb/Arcade Classic No. 3 - Galaga & Galaxian (USA).gb	gb/Arcade Classic No. 3 - Galaga & Galaxian (USA) (SGB Enhanced).gb
renamed	gb/Trip World.gb	gb/Trip World (Europe).gb
renamed	gb/World Heroes 2 Jet (USA, Europe).gb	gb/World Heroes 2 Jet (USA, Europe) (SGB Enhanced).gb
renamed	gb/F-15 Strike Eagle.gb	gb/F-15 Strike Eagle (USA, Europe).gb
renamed	gb/Water World.gb	gb/Waterworld (Europe).gb
renamed	gb/Earthworm Jim.gb	gb/Earthworm Jim (USA).gb
renamed	gb/The Smurfs 2.gb	gb/Smurfs Travel the World, The (Europe) (En,Fr,De,Es).gb
renamed	gb/Namco Gallery Vol.1 (Japan).gb	gb/Namco Gallery Vol.1 (Japan) (SGB Enhanced).gb
renamed	gb/Bomberman GB (USA, Europe).gb	gb/Bomberman GB (USA, Europe) (SGB Enhanced).gb
renamed	gb/James Bond 007 (USA, Europe).gb	gb/James Bond 007 (USA, Europe) (SGB Enhanced).gb
renamed	gb/Spirou (Europe).gb	gb/Spirou (Europe) (En,Fr,De,Es) (SGB Enhanced).gb
renamed	gb/Trax.gb	gb/Trax (USA, Europe).gb
renamed	gb/Lethal Weapon.gb	gb/Lethal Weapon (USA, Europe).gb
renamed	gb/Mighty Morphin Power Rangers-The Movie.gb	gb/Mighty Morphin Power Rangers - The Movie (USA, Europe) (SGB Enhanced).gb
renamed	gb/The Simpsons-Bart & the Beanstalk.gb	gb/Simpsons, The - Bart & the Beanstalk (USA, Europe).gb
renamed	gb/NHL Hockey 95.gb	gb/NHL Hockey 95 (USA, Europe) (SGB Enhanced).gb
renamed	gb/Felix the Cat.gb	gb/Felix the Cat (USA, Europe).gb
renamed	gb/Arcade Classic No. 4 - Defender & Joust (USA, Europe).gb	gb/Arcade Classic No. 4 - Defender & Joust (USA, Europe) (SGB Enhanced).gb
renamed	gb/Skate or Die-Tour de Thrash.gb	gb/Skate or Die - Tour de Thrash (USA).gb
renamed	gb/Primal Rage.gb	gb/Primal Rage (USA, Europe).gb
renamed	gb/Otto's Ottifanten - Baby Bruno's Nightmare (Europe).gb	gb/Otto's Ottifanten - Baby Bruno's Alptraum (Europe) (En,Fr,De,Es).gb
renamed	gb/Extra Bases!.gb	gb/Extra Bases (USA).gb
renamed	gb/Power Racer.gb	gb/Power Racer (Europe).gb
renamed	gb/Super Chinese Fighter GB (Japan).gb	gb/Super Chinese Fighter GB (Japan) (SGB Enhanced).gb
renamed	gb/Castlevania Legends (USA, Europe).gb	gb/Castlevania Legends (USA, Europe) (SGB Enhanced).gb
renamed	gb/Initial D Gaiden (Japan).gb	gb/Initial D Gaiden (Japan) (SGB Enhanced).gb
renamed	gb/Chessmaster.gb	gb/Chessmaster, The (Europe).gb
renamed	gb/Fatal Fury.gb	gb/Nettou Real Bout Garou Densetsu Special (Japan) (SGB Enhanced).gb
renamed	gb/Super Mario Land (World) (Rev A).zip	gb/Super Mario Land (World) (Rev 1).zip
renamed	gb/NFL Football.gb	gb/NFL Football (USA).gb
renamed	gb/Kirby's Star Stacker (USA, Europe).gb	gb/Kirby's Star Stacker (USA, Europe) (SGB Enhanced).gb
renamed	gb/Jurassic Park Part 2 - The Chaos Continues (USA, Europe).gb	gb/Jurassic Park Part 2 - The Chaos Continues (USA, Europe) (En,Fr,De,It).gb
renamed	gb/Tintin in Tibet (Europe).gb	gb/Tintin in Tibet (Europe) (En,Fr,De,Nl) (SGB Enhanced).gb
renamed	gb/Buster Brothers.gb	gb/Buster Bros. (USA).gb
renamed	gb/Zool (USA).gb	gb/Zool - Ninja of the 'Nth' Dimension (USA).gb
renamed	gb/Godzilla.gb	gb/Godzilla (USA, Europe).gb
renamed	gb/King of Fighters, The - Heat of Battle (Europe).gb	gb/King of Fighters, The - Heat of Battle (Europe) (SGB Enhanced).gb
renamed	gb/Alien Olympics 2044 AD.gb	gb/Alien Olympics (Europe).gb
renamed	gb/Boxxle II (USA).gb	gb/Boxxle II (USA, Europe).gb
renamed	gb/Hyper Lode Runner (World) (Rev A).gb	gb/Hyper Lode Runner (World) (Rev 1).gb
renamed	gb/XVII Olympic Winter Games, The - Lillehammer 1994 (USA).gb	gb/Winter Olympic Games (USA).gb
renamed	gb/Dragon's Lair-The Legend.gb	gb/Dragon's Lair - The Legend (USA).gb
renamed	gb/Star Hawk (Europe).gb	gb/StarHawk (Europe).gb
renamed	gb/Donkey Kong Land.gb	gb/Donkey Kong Land (USA, Europe) (SGB Enhanced).gb
renamed	gb/Ferrari-Grand Prix Challenge.gb	gb/Ferrari Grand Prix Challenge (USA, Europe).gb
renamed	gb/Double Dragon 3 (USA, Europe).gb	gb/Double Dragon 3 - The Arcade Game (USA, Europe).gb
renamed	gb/World Heros Jet.gb	gb/Nettou World Heroes 2 Jet (Japan) (SGB Enhanced).gb
renamed	gb/Fist of the North Star.gb	gb/Fist of the North Star (USA).gb
renamed	gb/The Simpsons-Escape from Camp Deadly.gb	gb/Bart Simpson's Escape from Camp Deadly (USA, Europe).gb
renamed	gb/Street Fighter II (USA, Europe).gb	gb/Street Fighter II (USA, Europe) (Rev 1) (SGB Enhanced).gb
renamed	gb/Toy Story.gb	gb/Toy Story (USA) (SGB Enhanced).gb
renamed	gb/Madden '95.gb	gb/Madden 95 (USA, Europe) (SGB Enhanced).gb
renamed	gb/Mystical Ninja Starring Goemon (USA).gb	gb/Mystical Ninja Starring Goemon (USA) (SGB Enhanced).gb
renamed	gb/Wizardry Gaiden 2-Curse of the Ancient Emperor.gb	gb/Wizardry Gaiden II - Kodai Koutei no Noroi (Japan).gb
renamed	gb/Goal!.gb	gb/Goal! (USA).gb
renamed	gb/Olympic Summer Games (USA, Europe).gb	gb/Olympic Summer Games (USA, Europe) (SGB Enhanced).gb
renamed	gb/Itchy & Scratchy-Minature Golf Madness.gb	gb/Simpsons, The - Itchy & Scratchy - Miniature Golf Madness (USA, Europe).gb
renamed	gb/Toxic Crusaders.gb	gb/Toxic Crusaders (USA).gb
renamed	gb/Flipull.gb	gb/Flipull (USA).gb
renamed	gb/Bugs Bunny-Crazy Castle II.gb	gb/Bugs Bunny Crazy Castle 2, The (USA).gb
renamed	gb/FIFA International Soccer.gb	gb/FIFA International Soccer (USA, Europe) (En,Fr,De,Es) (SGB Enhanced).gb
renamed	gb/Mickey Mouse - Magic Wand (USA, Europe).gb	gb/Mickey Mouse - Magic Wands! (USA, Europe) (SGB Enhanced).gb
renamed	gb/Mega Man V (USA).gb	gb/Mega Man V (USA) (SGB Enhanced).gb
renamed	gb/Wizards & Warriors Chapter X - The Fortress of Fear (USA, Europe).gb	gb/Wizards & Warriors X - The Fortress of Fear (USA, Europe).gb
renamed	gb/Maru's Mission.gb	gb/Maru's Mission (USA).gb
renamed	gb/Bugs Bunny.gb	gb/Bugs Bunny Crazy Castle, The (USA, Europe).gb
renamed	gb/Pac-Man.gb	gb/Pac-Man (Europe).gb
renamed	gb/Taz-Mania 1.gb	gb/Looney Tunes 2 - Tasmanian Devil in Island Chase (USA, Europe).gb
renamed	gb/Beavis and Butthead.gb	gb/Beavis and Butt-head (USA, Europe).gb
renamed	gb/Game Boy Gallery (Europe).gb	gb/Game Boy Gallery - 5 Games in 1 (Europe) (SGB Enhanced).gb
renamed	gb/Best of the Best .gb	gb/Best of the Best - Championship Karate (Europe).gb
renamed	gb/Legend of the River King GB (USA).gb	gb/Legend of the River King GB (USA) (SGB Enhanced).gb
renamed	gb/Vattle Giuce (Japan).gb	gb/Vattle Giuce (Japan) (En).gb
renamed	gb/Battleship.gb	gb/Battleship (USA, Europe).gb
renamed	gb/T2-The Arcade Game.gb	gb/T2 - The Arcade Game (USA, Europe).gb
renamed	gb/Sports Illustrated - Football & Baseball (USA).gb	gb/Sports Illustrated - Championship Football & Baseball (USA).gb
renamed	gb/Jungle no Ouja Tarchan (Japan).gb	gb/Jungle no Ouja Tar-chan (Japan) (SGB Enhanced).gb
renamed	gb/Tasmania Story.gb	gb/Tasmania Story (USA).gb
renamed	gb/Yuu Yuu Hakusho Dai-4-Dan - Makai Touitsu Hen (Japan).gb	gb/Yu Yu Hakusho Dai-4-dan - Makai Touitsu Hen (Japan) (SGB Enhanced).gb
renamed	gb/Fortified Zone.gb	gb/Fortified Zone (USA, Europe).gb
renamed	gb/Tetris Attack (USA, Europe) (Rev A).zip	gb/Tetris Attack (USA, Europe) (Rev 1) (SGB Enhanced).zip
renamed	gb/Fire Fighter.gb	gb/Fire Fighter (Europe).gb
renamed	gb/Track Meet.gb	gb/Track Meet (USA, Europe).gb
renamed	gb/Kwirk.gb	gb/Kwirk - He's A-maze-ing! (USA, Europe).gb
renamed	gb/Ninja Gaiden Shadow.gb	gb/Ninja Gaiden Shadow (USA).gb
renamed	gb/Bases Loaded.gb	gb/Bases Loaded (USA).gb
renamed	gb/Namco Gallery Vol.3 (Japan).gb	gb/Namco Gallery Vol.3 (Japan) (SGB Enhanced).gb
renamed	gb/Dexterity.gb	gb/Dexterity (USA, Europe).gb
renamed	wonderswan/020 Tekken Card Challenge.ws	wonderswan/Tekken Card Challenge (Japan).ws
renamed	wonderswan/Trump Collection 2 (J).wsc	wonderswan/Trump Collection 2 - Bottom-Up Teki Sekaiisshuu no Tabi (Japan) (Rev 1).wsc
renamed	wonderswan/012 Rockman &  Forte.ws	wonderswan/Rockman & Forte - Mirai Kara no Chousensha (Japan).ws
fetched from the server	gamegear/Power Strike II (Japan, Europe) (En).zip	
fetched from the server	gamegear/Sonic Drift 2 (World).zip	
fetched from the server	snes/Super Bomberman 2 (USA).zip	
fetched from the server	snes/Super Bomberman (USA).zip	
fetched from the server	snes/Legend of Zelda, The - A Link to the Past (USA).zip	
fetched from the server	snes/Contra III - The Alien Wars (USA).zip	
fetched from the server	snes/Final Fantasy III (USA) (Rev 1).zip	
fetched from the server	snes/Lost Vikings, The (USA).zip	
fetched from the server	snes/Kirby's Dream Land 3 (USA).zip	
fetched from the server	snes/Kirby Super Star (USA).zip	
fetched from the server	snes/Star Fox (USA) (Rev 2).zip	
fetched from the server	mastersystem/Sagaia (Europe, Brazil) (En).zip	
fetched from the server	mastersystem/Sonic Chaos (Europe, Brazil) (En).zip	
fetched from the server	pcengine/Bomberman '94 (Japan).zip	
fetched from the server	famicom/B-Wings (Japan).zip	
fetched from the server	megadrive/Lion King, The (World).zip	
fetched from the server	megadrive/Pac-Attack (USA).zip	
fetched from the server	megadrive/Chester Cheetah - Too Cool to Fool (USA).zip	
unpacked into a folder	psx/Lunar - Silver Star Story Complete (USA)	
unpacked into a folder	sfc/AdditionalRoms	
parked, replaced	gb/Aladdin.gb	
parked, replaced	gb/Asteroids & Missile Command.gb	
parked, replaced	gb/Duck Tales 2.gb	
parked, replaced	gb/Kirby's Dream Land 2.gb	
parked, replaced	gb/Paperboy 2.gb	
parked, replaced	gb/Tintin in Tibet.gb	
parked, replaced	gbc/Bomberman Max Red Challenger.gbc	
parked, replaced	gbc/MTV Sports-Skateboarding.gbc	
parked, replaced	megadrive/Bulls versus Blazers and the NBA Playoffs (USA, Europe).zip	
parked, replaced	megadrive/HardBall '94 (USA, Europe).zip	
parked, replaced	megadrive/Magical Hat no Buttobi Turbo! Daibouken (Japan).zip	
parked, replaced	megadrive/NBA Action '95 Starring David Robinson (USA, Europe).zip	
parked, replaced	megadrive/Sonic Classics (World) (v1.1).zip	
parked, replaced	megadrive/Valis (USA).zip	
parked, replaced	psx/Spyro - Year of the Dragon (USA) (Rev 1).chd	
parked, replaced	sfc/Super F1 Circus (Japan).7z	
parked, replaced	sfc/Super Fire Pro Wrestling III - Easy Type (Japan).7z	
parked, replaced	sfc/Super Fire Pro Wrestling X (Japan).7z	
parked, replaced	sfc/Super Formation Soccer 94 - World Cup Final Data (Japan).7z	
parked, replaced	sfc/Super Ultra Baseball (Japan).7z	
parked, replaced	sfc/Ultra Baseball Jitsumei Ban 2 (Japan).7z	
parked, replaced	sfc/Ultra Baseball Jitsumei Ban 3 (Japan).7z	
parked, replaced	snes/Donkey Kong Country 2-Diddys Kong Quest(U)1.1[!].zip	
parked, replaced	snes/Kirby Super Star (U) [!].zip	
parked, replaced	snes/Kirby's Dream Course (U) [!].smc	
parked, replaced	gamegear/Power Strike II (Japan, Europe).gg	
parked, replaced	gamegear/Sonic Drift 2 (Japan, USA).gg	
parked, replaced	snes/Super Bomberman 2 (USA).smc	
parked, replaced	snes/Super Bomberman 3 (Europe).smc	
parked, replaced	snes/Legend of Zelda, The - A Link to the Past (USA).smc	
parked, replaced	snes/Contra III - The Alien Wars (USA).smc	
parked, replaced	snes/Final Fantasy III (USA).smc	
parked, replaced	snes/Lost Vikings, The (USA).smc	
parked, replaced	snes/Kirby's Dream Land 3 (USA).smc	
parked, replaced	snes/Kirby Super Star (USA).smc	
parked, replaced	snes/Star Fox (USA) (Rev 2).smc	
parked, replaced	mastersystem/Sagaia (Europe).sms	
parked, replaced	mastersystem/Sonic Chaos (Europe).sms	
parked, replaced	pcengine/Bomberman '94 (Japan).pce	
parked, replaced	famicom/B-Wings (Japan).zip	
parked, replaced	megadrive/Lion King, The (World).zip	
parked, replaced	megadrive/Pac-Attack (USA).zip	
parked, replaced	megadrive/Chester Cheetah - Too Cool to Fool (USA).zip	
parked, duplicate of	gbc/Pokemon-Yellow Version.gbc	gb/Pokemon - Yellow Version - Special Pikachu Edition (USA, Europe) (CGB+SGB Enhanced).gb
parked, duplicate of	wonderswancolor/Puzzle Bobble (Japan).ws	wonderswan/022 Puzzle Bobble.ws
parked, duplicate of	wonderswancolor/Tekken Card Challenge (Japan).ws	wonderswan/Tekken Card Challenge (Japan).ws
parked, duplicate of	gb/Mortal Kombat 4.gb	gbc/Mortal Kombat 4 (USA, Europe) (SGB Enhanced) (GB Compatible).gbc
parked, duplicate of	gb/Pitfall - Beyond the Jungle.gb	gbc/Pitfall - Beyond the Jungle (USA, Europe) (GB Compatible).gbc
parked, duplicate of	gb/Tony Hawk's Pro Skater.gb	gbc/Tony Hawk's Pro Skater (USA, Europe).gbc
parked, duplicate of	gb/Gex-Enter the Gecko.gb	gbc/Gex - Enter the Gecko (USA, Europe) (GB Compatible).gbc
parked, duplicate of	gb/Rayman.gb	gbc/Rayman (USA) (En,Fr,De,Es,It,Nl).gbc
parked, duplicate of	gb/Bug's Life, A.gb	gbc/Bug's Life, A (USA) (SGB Enhanced) (GB Compatible).gbc
parked, duplicate of	gb/Duke Nukem.gb	gbc/Duke Nukem (USA) (En,Fr,De,Es,It).gbc
parked, duplicate of	gb/Rampage-World Tour.gb	gbc/Rampage - World Tour (USA, Europe) (GB Compatible).gbc
parked, duplicate of	gb/Las Vegas Cool Hand.gb	gbc/Las Vegas Cool Hand (USA) (GB Compatible).gbc
parked, duplicate of	gb/Turok 2-Seeds of Evil.gb	gbc/Turok 2 - Seeds of Evil (USA, Europe) (En,Fr,De,Es) (GB Compatible).gbc
parked, duplicate of	gb/Men In Black-The Series.gb	gbc/Men in Black - The Series (USA, Europe) (SGB Enhanced) (GB Compatible).gbc
parked, duplicate of	wonderswan/Kurupara! (J).wsc	wonderswancolor/Kurupara! (Japan) (Rev 1).wsc
parked, duplicate of	wonderswan/SD Gundam - Operation U.C. (J).wsc	wonderswancolor/SD Gundam - Operation U.C. (Japan).wsc
parked, duplicate of	wonderswan/Flash - Koibito Kun (J).wsc	wonderswancolor/Flash Koibito-kun (Japan).wsc
parked, duplicate of	wonderswan/Kinnikuman Nisei Choujin Seisenshi (J).wsc	wonderswancolor/Kinnikuman II-Sei - Choujin Seisenshi (Japan).wsc
parked, duplicate of	wonderswan/Rhyme Rider Kerorikan (J).wsc	wonderswancolor/Rhyme Rider Kerorican (Japan).wsc
parked, duplicate of	wonderswan/004 Golden Axe.wsc	wonderswancolor/Golden Axe (Japan).wsc
parked, duplicate of	wonderswan/Final Lap Special (J).wsc	wonderswancolor/Final Lap Special - GT & Formula Machine (Japan).wsc
parked, duplicate of	wonderswan/Soroban Gu (J).wsc	wonderswancolor/Sorobang (Japan) (Rev 1).wsc
parked, duplicate of	wonderswan/016 One Piece-Grand Battle Swan Colloseum.wsc	wonderswancolor/From TV Animation One Piece - Grand Battle Swan Colosseum (Japan).wsc
parked, duplicate of	wonderswan/Guilty Gear Petit 2 (J).wsc	wonderswancolor/Guilty Gear Petit 2 (Japan).wsc
parked, duplicate of	wonderswan/Kinniku Man Second Generations Dream Tag Match (J).wsc	wonderswancolor/Kinnikuman II-Sei - Dream Tag Match (Japan).wsc
parked, duplicate of	wonderswan/Mr. Driller (J).wsc	wonderswancolor/Mr. Driller (Japan).wsc
parked, duplicate of	wonderswan/Guilty Gear Petit (J).wsc	wonderswancolor/Guilty Gear Petit (Japan).wsc
parked, duplicate of	wonderswan/GunPey Ex (J).wsc	wonderswancolor/GunPey EX (Japan).wsc
parked, duplicate of	wonderswan/Front Mission (J).wsc	wonderswancolor/Front Mission (Japan).wsc
parked, duplicate of	wonderswan/007 Riviera.ws	wonderswan/Yakusoku no Chi Riviera (J).wsc
parked, duplicate of	wonderswan/Raku Jongg (J).wsc	wonderswancolor/Raku Jongg (Japan).wsc
parked, duplicate of	wonderswan/Ultraman - Hikari no Kuni no Shisha (J).wsc	wonderswancolor/Ultraman - Hikari no Kuni no Shisha (Japan).wsc
parked, not on the server	arcade/argusg.zip	
parked, deleted from the server (Japanese quiz set)	arcade/atehate.zip	
parked, not on the server	arcade/avengers.zip	
parked, not on the server	arcade/backfirt.zip	
parked, deleted from the server (Japanese quiz set)	arcade/bkrtmaq.zip	
parked, not on the server	arcade/brkthru.zip	
parked, not on the server	arcade/cameltry.zip	
parked, not on the server	arcade/catacomb.zip	
parked, not on the server	arcade/chuckieegg.zip	
parked, deleted from the server (Japanese quiz set)	arcade/cworld.zip	
parked, deleted from the server (Japanese quiz set)	arcade/cworld2j.zip	
parked, not on the server	arcade/ddragon.zip	
parked, not on the server	arcade/dietgo.zip	
parked, deleted from the server (Japanese quiz set)	arcade/enmadaio.zip	
parked, not on the server	arcade/f1dream.zip	
parked, not on the server	arcade/glass.zip	
parked, not on the server	arcade/gngb.zip	
parked, deleted from the server (Japanese quiz set)	arcade/hatena.zip	
parked, deleted from the server (Japanese quiz set)	arcade/hayaosi1.zip	
parked, deleted from the server (Japanese quiz set)	arcade/hayaosi2.zip	
parked, deleted from the server (Japanese quiz set)	arcade/hayaosi3.zip	
parked, deleted from the server (Japanese quiz set)	arcade/hotdebut.zip	
parked, deleted from the server (Japanese quiz set)	arcade/inufuku.zip	
parked, not on the server	arcade/jojobar1.zip	
parked, deleted from the server (Japanese quiz set)	arcade/keithlcy.zip	
parked, not on the server	arcade/kikikai.zip	
parked, deleted from the server (Japanese quiz set)	arcade/kirameki.zip	
parked, deleted from the server (Japanese quiz set)	arcade/kokoroj2.zip	
parked, deleted from the server (Japanese quiz set)	arcade/livequiz.zip	
parked, not on the server	arcade/lordgun.zip	
parked, not on the server	arcade/maniacsq.zip	
parked, not on the server	arcade/mariog.zip	
parked, deleted from the server (Japanese quiz set)	arcade/marukodq.zip	
parked, not on the server	arcade/missw02.zip	
parked, not on the server	arcade/multchmp.zip	
parked, not on the server	arcade/mx5000.zip	
parked, deleted from the server (Japanese quiz set)	arcade/myangel.zip	
parked, deleted from the server (Japanese quiz set)	arcade/myangel2.zip	
parked, deleted from the server (Japanese quiz set)	arcade/nouryoku.zip	
parked, not on the server	arcade/packbang.zip	
parked, not on the server	arcade/pbancho.zip	
parked, not on the server	arcade/pitnrun.zip	
parked, not on the server	arcade/plgirls2.zip	
parked, not on the server	arcade/progearu.zip	
parked, not on the server	arcade/pururun.zip	
parked, not on the server	arcade/puzlclub.zip	
parked, deleted from the server (Japanese quiz set)	arcade/qcrayon.zip	
parked, deleted from the server (Japanese quiz set)	arcade/qgakumon.zip	
parked, deleted from the server (Japanese quiz set)	arcade/qgh.zip	
parked, deleted from the server (Japanese quiz set)	arcade/qjinsei.zip	
parked, deleted from the server (Japanese quiz set)	arcade/qndream.zip	
parked, deleted from the server (Japanese quiz set)	arcade/qrouka.zip	
parked, deleted from the server (Japanese quiz set)	arcade/qsangoku.zip	
parked, deleted from the server (Japanese quiz set)	arcade/qsww.zip	
parked, deleted from the server (Japanese quiz set)	arcade/qtheater.zip	
parked, deleted from the server (Japanese quiz set)	arcade/qtono1.zip	
parked, deleted from the server (Japanese quiz set)	arcade/qtono2j.zip	
parked, deleted from the server (Japanese quiz set)	arcade/qtorimon.zip	
parked, deleted from the server (Japanese quiz set)	arcade/quizdai2.zip	
parked, deleted from the server (Japanese quiz set)	arcade/quizdais.zip	
parked, deleted from the server (Japanese quiz set)	arcade/quizf1.zip	
parked, deleted from the server (Japanese quiz set)	arcade/quizhq.zip	
parked, deleted from the server (Japanese quiz set)	arcade/quizhuhu.zip	
parked, deleted from the server (Japanese quiz set)	arcade/quizkof.zip	
parked, deleted from the server (Japanese quiz set)	arcade/quizmeku.zip	
parked, deleted from the server (Japanese quiz set)	arcade/quizmoon.zip	
parked, deleted from the server (Japanese quiz set)	arcade/quiztou.zip	
parked, deleted from the server (Japanese quiz set)	arcade/qzchikyu.zip	
parked, deleted from the server (Japanese quiz set)	arcade/qzkklgy2.zip	
parked, deleted from the server (Japanese quiz set)	arcade/qzkklogy.zip	
parked, deleted from the server (Japanese quiz set)	arcade/qzquest.zip	
parked, deleted from the server (Japanese quiz set)	arcade/qzshowby.zip	
parked, not on the server	arcade/raiden.zip	
parked, not on the server	arcade/rezon.zip	
parked, deleted from the server (Japanese quiz set)	arcade/ryorioh.zip	
parked, not on the server	arcade/shimpact.zip	
parked, not on the server	arcade/strahl.zip	
parked, not on the server	arcade/tattasso.zip	
parked, not on the server	arcade/thoop2.zip	
parked, not on the server	arcade/touchgo.zip	
parked, not on the server	arcade/vball.zip	
parked, not on the server	arcade/wrally.zip	
parked, deleted from the server (Japanese quiz set)	arcade/xday2.zip	
parked, not on the server	arcade/yamato.zip	
parked, deleted from the server (Japanese quiz set)	arcade/yesnoj.zip	
parked, deleted from the server (Japanese quiz set)	arcade/yuyugogo.zip	
parked, not on the server	gba/Mother 3 (English v1.3) (Japan).gba	
parked, not on the server	mame/005.zip	
parked, not on the server	mame/1942.zip	
parked, not on the server	mame/1943.zip	
parked, not on the server	mame/1943kai.zip	
parked, not on the server	mame/1945kiii.zip	
parked, not on the server	mame/280zzzap.zip	
parked, not on the server	mame/3stooges.zip	
parked, not on the server	mame/3wonders.zip	
parked, not on the server	mame/40love.zip	
parked, not on the server	mame/4dwarrio.zip	
parked, not on the server	mame/64street.zip	
parked, not on the server	mame/720.zip	
parked, not on the server	mame/88games.zip	
parked, not on the server	mame/8ballact.zip	
parked, not on the server	mame/9ballsht.zip	
parked, not on the server	mame/aafb.zip	
parked, not on the server	mame/abcop.zip	
parked, not on the server	mame/aburner2.zip	
parked, not on the server	mame/acrobatm.zip	
parked, not on the server	mame/actfancr.zip	
parked, not on the server	mame/actionhw.zip	
parked, not on the server	mame/ad2083.zip	
parked, not on the server	mame/aerofgt.zip	
parked, not on the server	mame/afighter.zip	
parked, not on the server	mame/agallet.zip	
parked, not on the server	mame/airass.zip	
parked, not on the server	mame/airattck.zip	
parked, not on the server	mame/airbustr.zip	
parked, not on the server	mame/airduel.zip	
parked, not on the server	mame/airwolf.zip	
parked, not on the server	mame/ajax.zip	
parked, not on the server	mame/alcon.zip	
parked, not on the server	mame/alien3.zip	
parked, not on the server	mame/alienar.zip	
parked, not on the server	mame/aliencha.zip	
parked, not on the server	mame/aliens.zip	
parked, not on the server	mame/aliensec.zip	
parked, not on the server	mame/aliensyn.zip	
parked, not on the server	mame/aligator.zip	
parked, not on the server	mame/aligatorun.zip	
parked, not on the server	mame/alinvade.zip	
parked, not on the server	mame/alleymas.zip	
parked, not on the server	mame/alphaho.zip	
parked, not on the server	mame/alpine.zip	
parked, not on the server	mame/altair.zip	
parked, not on the server	mame/altbeast.zip	
parked, not on the server	mame/amazon.zip	
parked, not on the server	mame/ambush.zip	
parked, not on the server	mame/amidar.zip	
parked, not on the server	mame/amspdwy.zip	
parked, not on the server	mame/angelkds.zip	
parked, not on the server	mame/anteater.zip	
parked, not on the server	mame/apache3.zip	
parked, not on the server	mame/apb.zip	
parked, not on the server	mame/appoooh.zip	
parked, not on the server	mame/aquajack.zip	
parked, not on the server	mame/aquarium.zip	
parked, not on the server	mame/aquarush.zip	
parked, not on the server	mame/arabfgt.zip	
parked, not on the server	mame/arabian.zip	
parked, not on the server	mame/arabianm.zip	
parked, not on the server	mame/arbalest.zip	
parked, not on the server	mame/arcadecl.zip	
parked, not on the server	mame/arcadian.zip	
parked, not on the server	mame/archrivl.zip	
parked, not on the server	mame/argus.zip	
parked, not on the server	mame/arkanoid.zip	
parked, not on the server	mame/arkarea.zip	
parked, not on the server	mame/arknoid2.zip	
parked, not on the server	mame/arkretrn.zip	
parked, not on the server	mame/armedf.zip	
parked, not on the server	mame/armorcar.zip	
parked, not on the server	mame/ashura.zip	
parked, not on the server	mame/aso.zip	
parked, not on the server	mame/assault.zip	
parked, not on the server	mame/astdelux.zip	
parked, not on the server	mame/asterix.zip	
parked, not on the server	mame/asteroid.zip	
parked, not on the server	mame/astrob.zip	
parked, not on the server	mame/astrof.zip	
parked, not on the server	mame/astyanax.zip	
parked, not on the server	mame/asuka.zip	
parked, not on the server	mame/asurabld.zip	
parked, not on the server	mame/asurabus.zip	
parked, not on the server	mame/asylum.zip	
parked, not on the server	mame/ataxx.zip	
parked, not on the server	mame/atetris.zip	
parked, not on the server	mame/athena.zip	
parked, not on the server	mame/atlantis.zip	
parked, not on the server	mame/atomicp.zip	
parked, not on the server	mame/aurail.zip	
parked, not on the server	mame/avalnche.zip	
parked, not on the server	mame/avengers.zip	
parked, not on the server	mame/avengrgs.zip	
parked, not on the server	mame/avspirit.zip	
parked, not on the server	mame/aztarac.zip	
parked, not on the server	mame/azurian.zip	
parked, not on the server	mame/b2b.zip	
parked, not on the server	mame/backfirt.zip	
parked, not on the server	mame/baddudes.zip	
parked, not on the server	mame/badlands.zip	
parked, not on the server	mame/bagman.zip	
parked, not on the server	mame/bakubrkr.zip	
parked, not on the server	mame/bakutotu.zip	
parked, not on the server	mame/balcube.zip	
parked, not on the server	mame/ballbros.zip	
parked, not on the server	mame/balonfgt.zip	
parked, not on the server	mame/baluba.zip	
parked, not on the server	mame/bangball.zip	
parked, not on the server	mame/bankp.zip	
parked, not on the server	mame/baraduke.zip	
parked, not on the server	mame/barrier.zip	
parked, not on the server	mame/basebal2.zip	
parked, not on the server	mame/batman.zip	
parked, not on the server	mame/batrider.zip	
parked, not on the server	mame/batsugun.zip	
parked, not on the server	mame/battlane.zip	
parked, not on the server	mame/battlcry.zip	
parked, not on the server	mame/battleg.zip	
parked, not on the server	mame/battlera.zip	
parked, not on the server	mame/battlex.zip	
parked, not on the server	mame/battlnts.zip	
parked, not on the server	mame/battroad.zip	
parked, not on the server	mame/bayroute.zip	
parked, not on the server	mame/bbakraid.zip	
parked, not on the server	mame/bbbxing.zip	
parked, not on the server	mame/bbmanw.zip	
parked, not on the server	mame/bchopper.zip	
parked, not on the server	mame/bcruzm12.zip	
parked, not on the server	mame/beathead.zip	
parked, not on the server	mame/beezer.zip	
parked, not on the server	mame/benberob.zip	
parked, not on the server	mame/berabohm.zip	
parked, not on the server	mame/berlwall.zip	
parked, not on the server	mame/bermudat.zip	
parked, not on the server	mame/berzerk.zip	
parked, not on the server	mame/bestbest.zip	
parked, not on the server	mame/bigfight.zip	
parked, not on the server	mame/bigkarnk.zip	
parked, not on the server	mame/bigprowr.zip	
parked, not on the server	mame/bigrun.zip	
parked, not on the server	mame/bigstrik.zip	
parked, not on the server	mame/bioatack.zip	
parked, not on the server	mame/biomtoy.zip	
parked, not on the server	mame/bionicc.zip	
parked, not on the server	mame/birdiy.zip	
parked, not on the server	mame/birdtry.zip	
parked, not on the server	mame/bjtwin.zip	
parked, not on the server	mame/bking.zip	
parked, not on the server	mame/bking2.zip	
parked, not on the server	mame/bking3.zip	
parked, not on the server	mame/bladestl.zip	
parked, not on the server	mame/blandia.zip	
parked, not on the server	mame/blasted.zip	
parked, not on the server	mame/blaster.zip	
parked, not on the server	mame/blastoff.zip	
parked, not on the server	mame/blazeon.zip	
parked, not on the server	mame/blazer.zip	
parked, not on the server	mame/blazlaz.zip	
parked, not on the server	mame/blkheart.zip	
parked, not on the server	mame/blkhole.zip	
parked, not on the server	mame/blkpnthr.zip	
parked, not on the server	mame/blktiger.zip	
parked, not on the server	mame/blmbycar.zip	
parked, not on the server	mame/block.zip	
parked, not on the server	mame/blocken.zip	
parked, not on the server	mame/blockhl.zip	
parked, not on the server	mame/blockout.zip	
parked, not on the server	mame/bloodbro.zip	
parked, not on the server	mame/bloodstm.zip	
parked, not on the server	mame/bloodwar.zip	
parked, not on the server	mame/bloxeed.zip	
parked, not on the server	mame/blstroid.zip	
parked, not on the server	mame/blswhstl.zip	
parked, not on the server	mame/bluehawk.zip	
parked, not on the server	mame/blueprnt.zip	
parked, not on the server	mame/blzntrnd.zip	
parked, not on the server	mame/bmaster.zip	
parked, not on the server	mame/bnzabros.zip	
parked, not on the server	mame/bodyslam.zip	
parked, not on the server	mame/bogeyman.zip	
parked, not on the server	mame/boggy84.zip	
parked, not on the server	mame/bombbee.zip	
parked, not on the server	mame/bombjack.zip	
parked, not on the server	mame/bongo.zip	
parked, not on the server	mame/bonkadv.zip	
parked, not on the server	mame/bonzeadv.zip	
parked, not on the server	mame/boogwing.zip	
parked, not on the server	mame/boomrang.zip	
parked, not on the server	mame/boothill.zip	
parked, not on the server	mame/borench.zip	
parked, not on the server	mame/bosco.zip	
parked, not on the server	mame/boxyboy.zip	
parked, not on the server	mame/brival.zip	
parked, not on the server	mame/brkthru.zip	
parked, not on the server	mame/brubber.zip	
parked, not on the server	mame/brutforc.zip	
parked, not on the server	mame/brvblade.zip	
parked, not on the server	mame/bssoccer.zip	
parked, not on the server	mame/btime.zip	
parked, not on the server	mame/btlecity.zip	
parked, not on the server	mame/btlkroad.zip	
parked, not on the server	mame/btoads.zip	
parked, not on the server	mame/bubblem.zip	
parked, not on the server	mame/bubbles.zip	
parked, not on the server	mame/bublbob2.zip	
parked, not on the server	mame/bublbobl.zip	
parked, not on the server	mame/buccanrs.zip	
parked, not on the server	mame/buckrog.zip	
parked, not on the server	mame/bucky.zip	
parked, not on the server	mame/buggychl.zip	
parked, not on the server	mame/bullet.zip	
parked, not on the server	mame/bullfgt.zip	
parked, not on the server	mame/burglarx.zip	
parked, not on the server	mame/burnforc.zip	
parked, not on the server	mame/butasan.zip	
parked, not on the server	mame/bwidow.zip	
parked, not on the server	mame/bwing.zip	
parked, not on the server	mame/bwings.zip	
parked, not on the server	mame/bygone.zip	
parked, not on the server	mame/bzone.zip	
parked, not on the server	mame/cabal.zip	
parked, not on the server	mame/cachat.zip	
parked, not on the server	mame/cadash.zip	
parked, not on the server	mame/cairblad.zip	
parked, not on the server	mame/calibr50.zip	
parked, not on the server	mame/calipso.zip	
parked, not on the server	mame/calorie.zip	
parked, not on the server	mame/cameltry.zip	
parked, not on the server	mame/cannonbp.zip	
parked, not on the server	mame/canyon.zip	
parked, not on the server	mame/capbowl.zip	
parked, not on the server	mame/captaven.zip	
parked, not on the server	mame/carjmbre.zip	
parked, not on the server	mame/carnival.zip	
parked, not on the server	mame/carrera.zip	
parked, not on the server	mame/cavelon.zip	
parked, not on the server	mame/cavenger.zip	
parked, not on the server	mame/cbasebal.zip	
parked, not on the server	mame/cbombers.zip	
parked, not on the server	mame/cbuster.zip	
parked, not on the server	mame/ccastles.zip	
parked, not on the server	mame/cclimber.zip	
parked, not on the server	mame/cclimbr2.zip	
parked, not on the server	mame/centiped.zip	
parked, not on the server	mame/cerberus.zip	
parked, not on the server	mame/cgangpzl.zip	
parked, not on the server	mame/chainrec.zip	
parked, not on the server	mame/chaknpop.zip	
parked, not on the server	mame/challeng.zip	
parked, not on the server	mame/chameleo.zip	
parked, not on the server	mame/champbas.zip	
parked, not on the server	mame/champbb2.zip	
parked, not on the server	mame/champbwl.zip	
parked, not on the server	mame/champwr.zip	
parked, not on the server	mame/chanbara.zip	
parked, not on the server	mame/changes.zip	
parked, not on the server	mame/charlien.zip	
parked, not on the server	mame/chasehq.zip	
parked, not on the server	mame/chboxing.zip	
parked, not on the server	mame/checkman.zip	
parked, not on the server	mame/cheekyms.zip	
parked, not on the server	mame/cheesech.zip	
parked, not on the server	mame/chelnov.zip	
parked, not on the server	mame/cheyenne.zip	
parked, not on the server	mame/chiller.zip	
parked, not on the server	mame/chimerab.zip	
parked, not on the server	mame/chinagat.zip	
parked, not on the server	mame/chinhero.zip	
parked, not on the server	mame/chokchok.zip	
parked, not on the server	mame/choplift.zip	
parked, not on the server	mame/chopper.zip	
parked, not on the server	mame/chqflag.zip	
parked, not on the server	mame/chukatai.zip	
parked, not on the server	mame/chwrestl.zip	
parked, not on the server	mame/circusc.zip	
parked, not on the server	mame/cischeat.zip	
parked, not on the server	mame/citybomb.zip	
parked, not on the server	mame/citycon.zip	
parked, not on the server	mame/claypign.zip	
parked, not on the server	mame/cloak.zip	
parked, not on the server	mame/cloud9.zip	
parked, not on the server	mame/clshroad.zip	
parked, not on the server	mame/cltchitr.zip	
parked, not on the server	mame/cninja.zip	
parked, not on the server	mame/cobracom.zip	
parked, not on the server	mame/colony7.zip	
parked, not on the server	mame/columns.zip	
parked, not on the server	mame/columns2.zip	
parked, not on the server	mame/combat.zip	
parked, not on the server	mame/combh.zip	
parked, not on the server	mame/commando.zip	
parked, not on the server	mame/commsega.zip	
parked, not on the server	mame/complexx.zip	
parked, not on the server	mame/congo.zip	
parked, not on the server	mame/contcirc.zip	
parked, not on the server	mame/contra.zip	
parked, not on the server	mame/contraj.zip	
parked, not on the server	mame/cookbib.zip	
parked, not on the server	mame/cookbib2.zip	
parked, not on the server	mame/cookbib3.zip	
parked, not on the server	mame/cop01.zip	
parked, not on the server	mame/cosmccop.zip	
parked, not on the server	mame/cosmica.zip	
parked, not on the server	mame/cosmicg.zip	
parked, not on the server	mame/cosmo.zip	
parked, not on the server	mame/cosmogng.zip	
parked, not on the server	mame/countrunb.zip	
parked, not on the server	mame/countryc.zip	
parked, not on the server	mame/crater.zip	
parked, not on the server	mame/crazyfgt.zip	
parked, not on the server	mame/crbaloon.zip	
parked, not on the server	mame/crgolf.zip	
parked, not on the server	mame/crgolfhi.zip	
parked, not on the server	mame/crimec.zip	
parked, not on the server	mame/crimfght.zip	
parked, not on the server	mame/crkdown.zip	
parked, not on the server	mame/crospang.zip	
parked, not on the server	mame/crossbow.zip	
parked, not on the server	mame/crshrace.zip	
parked, not on the server	mame/crswd2bl.zip	
parked, not on the server	mame/crush.zip	
parked, not on the server	mame/crusherm.zip	
parked, not on the server	mame/crzrally.zip	
parked, not on the server	mame/cshift.zip	
parked, not on the server	mame/csprint.zip	
parked, not on the server	mame/ctribe.zip	
parked, not on the server	mame/cubybop.zip	
parked, not on the server	mame/cuebrick.zip	
parked, not on the server	mame/cupfinal.zip	
parked, not on the server	mame/curvebal.zip	
parked, not on the server	mame/cutieq.zip	
parked, not on the server	mame/cybattlr.zip	
parked, not on the server	mame/cyberbal.zip	
parked, not on the server	mame/cybertnk.zip	
parked, not on the server	mame/cyclwarr.zip	
parked, not on the server	mame/cyvern.zip	
parked, not on the server	mame/dadandrn.zip	
parked, not on the server	mame/daikaiju.zip	
parked, not on the server	mame/dambustr.zip	
parked, not on the server	mame/dangar.zip	
parked, not on the server	mame/dangerz.zip	
parked, not on the server	mame/dangseed.zip	
parked, not on the server	mame/daraku.zip	
parked, not on the server	mame/darius.zip	
parked, not on the server	mame/darius2.zip	
parked, not on the server	mame/dariusg.zip	
parked, not on the server	mame/darkmist.zip	
parked, not on the server	mame/darkseal.zip	
parked, not on the server	mame/darktowr.zip	
parked, not on the server	mame/darwin.zip	
parked, not on the server	mame/dblaxle.zip	
parked, not on the server	mame/dbreed.zip	
parked, not on the server	mame/dbz.zip	
parked, not on the server	mame/dbz2.zip	
parked, not on the server	mame/dcclub.zip	
parked, not on the server	mame/dcon.zip	
parked, not on the server	mame/dday.zip	
parked, not on the server	mame/ddcrew2.zip	
parked, not on the server	mame/ddonpach.zip	
parked, not on the server	mame/ddp2.zip	
parked, not on the server	mame/ddpdoj.zip	
parked, not on the server	mame/ddragon.zip	
parked, not on the server	mame/ddragon2.zip	
parked, not on the server	mame/ddragon3.zip	
parked, not on the server	mame/ddribble.zip	
parked, not on the server	mame/ddungeon.zip	
parked, not on the server	mame/ddux.zip	
parked, not on the server	mame/deadang.zip	
parked, not on the server	mame/deadconx.zip	
parked, not on the server	mame/defender.zip	
parked, not on the server	mame/demonwld.zip	
parked, not on the server	mame/denjinmk.zip	
parked, not on the server	mame/desertwr.zip	
parked, not on the server	mame/destryer.zip	
parked, not on the server	mame/devilfsh.zip	
parked, not on the server	mame/devilw.zip	
parked, not on the server	mame/devstors.zip	
parked, not on the server	mame/dharma.zip	
parked, not on the server	mame/diamond.zip	
parked, not on the server	mame/digdug.zip	
parked, not on the server	mame/digdug2.zip	
parked, not on the server	mame/diggerma.zip	
parked, not on the server	mame/dimahoo.zip	
parked, not on the server	mame/dingo.zip	
parked, not on the server	mame/dirtfoxj.zip	
parked, not on the server	mame/diverboy.zip	
parked, not on the server	mame/dogyuun.zip	
parked, not on the server	mame/donpachi.zip	
parked, not on the server	mame/downtown.zip	
parked, not on the server	mame/dragnblz.zip	
parked, not on the server	mame/dragoonj.zip	
parked, not on the server	mame/drgnbowl.zip	
parked, not on the server	mame/drgnbstr.zip	
parked, not on the server	mame/drgninja.zip	
parked, not on the server	mame/drgnmst.zip	
parked, not on the server	mame/drgnunit.zip	
parked, not on the server	mame/drifto94.zip	
parked, not on the server	mame/driftout.zip	
parked, not on the server	mame/drivfrcp.zip	
parked, not on the server	mame/drmicro.zip	
parked, not on the server	mame/drtoppel.zip	
parked, not on the server	mame/dsaber.zip	
parked, not on the server	mame/dspirit.zip	
parked, not on the server	mame/dyger.zip	
parked, not on the server	mame/dynagear.zip	
parked, not on the server	mame/edf.zip	
parked, not on the server	mame/edrandy.zip	
parked, not on the server	mame/eightfrc.zip	
parked, not on the server	mame/elevator.zip	
parked, not on the server	mame/elim2.zip	
parked, not on the server	mame/elvactr.zip	
parked, not on the server	mame/emeralda.zip	
parked, not on the server	mame/empcity.zip	
parked, not on the server	mame/enduror.zip	
parked, not on the server	mame/enforce.zip	
parked, not on the server	mame/eprom.zip	
parked, not on the server	mame/equites.zip	
parked, not on the server	mame/esckids.zip	
parked, not on the server	mame/espgal.zip	
parked, not on the server	mame/espial.zip	
parked, not on the server	mame/esprade.zip	
parked, not on the server	mame/exerion.zip	
parked, not on the server	mame/exprraid.zip	
parked, not on the server	mame/extdwnhl.zip	
parked, not on the server	mame/extrmatn.zip	
parked, not on the server	mame/fantzone.zip	
parked, not on the server	mame/ffight2b.zip	
parked, not on the server	mame/fghtatck.zip	
parked, not on the server	mame/fhawk.zip	
parked, not on the server	mame/finalizr.zip	
parked, not on the server	mame/firebarr.zip	
parked, not on the server	mame/firetrap.zip	
parked, not on the server	mame/flashgal.zip	
parked, not on the server	mame/fshark.zip	
parked, not on the server	mame/fstarfrc.zip	
parked, not on the server	mame/futspy.zip	
parked, not on the server	mame/ga2.zip	
parked, not on the server	mame/gaia.zip	
parked, not on the server	mame/gaiapols.zip	
parked, not on the server	mame/galaga.zip	
parked, not on the server	mame/galaga88.zip	
parked, not on the server	mame/galmedes.zip	
parked, not on the server	mame/gametngk.zip	
parked, not on the server	mame/gangwars.zip	
parked, not on the server	mame/gaplus.zip	
parked, not on the server	mame/garyoret.zip	
parked, not on the server	mame/gberet.zip	
parked, not on the server	mame/gbusters.zip	
parked, not on the server	mame/gcpinbal.zip	
parked, not on the server	mame/gemini.zip	
parked, not on the server	mame/ghox.zip	
parked, not on the server	mame/gijoe.zip	
parked, not on the server	mame/gladiatr.zip	
parked, not on the server	mame/gng.zip	
parked, not on the server	mame/gokuparo.zip	
parked, not on the server	mame/goldnaxe.zip	
parked, not on the server	mame/gondo.zip	
parked, not on the server	mame/gradius3.zip	
parked, not on the server	mame/gratia.zip	
parked, not on the server	mame/grdian.zip	
parked, not on the server	mame/grdians.zip	
parked, not on the server	mame/growl.zip	
parked, not on the server	mame/gseeker.zip	
parked, not on the server	mame/guardian.zip	
parked, not on the server	mame/gulfstrm.zip	
parked, not on the server	mame/gulfwar2.zip	
parked, not on the server	mame/gunbird.zip	
parked, not on the server	mame/gundamex.zip	
parked, not on the server	mame/gundhara.zip	
parked, not on the server	mame/gunforc2.zip	
parked, not on the server	mame/gunforce.zip	
parked, not on the server	mame/gunfront.zip	
parked, not on the server	mame/gunlock.zip	
parked, not on the server	mame/gunmast.zip	
parked, not on the server	mame/gunnail.zip	
parked, not on the server	mame/gunsmoke.zip	
parked, not on the server	mame/guwange.zip	
parked, not on the server	mame/gwar.zip	
parked, not on the server	mame/hachoo.zip	
parked, not on the server	mame/hangon.zip	
parked, not on the server	mame/hbarrel.zip	
parked, not on the server	mame/hcastle.zip	
parked, not on the server	mame/hedpanic.zip	
parked, not on the server	mame/hellfire.zip	
parked, not on the server	mame/hharry.zip	
parked, not on the server	mame/histryma.zip	
parked, not on the server	mame/hook.zip	
parked, not on the server	mame/hookj.zip	
parked, not on the server	mame/horekid.zip	
parked, not on the server	mame/hotdogst.zip	
parked, not on the server	mame/iganinju.zip	
parked, not on the server	mame/ikari.zip	
parked, not on the server	mame/ikari3.zip	
parked, not on the server	mame/imgfight.zip	
parked, not on the server	mame/insectx.zip	
parked, not on the server	mame/inthunt.zip	
parked, not on the server	mame/ironhors.zip	
parked, not on the server	mame/jackal.zip	
parked, not on the server	mame/jchan.zip	
parked, not on the server	mame/jchan2.zip	
parked, not on the server	mame/jpark.zip	
parked, not on the server	mame/junglek.zip	
parked, not on the server	mame/kaiserkn.zip	
parked, not on the server	mame/karatblz.zip	
parked, not on the server	mame/karnov.zip	
parked, not on the server	mame/kbash.zip	
parked, not on the server	mame/kbash2.zip	
parked, not on the server	mame/kengo.zip	
parked, not on the server	mame/kicker.zip	
parked, not on the server	mame/kikikai.zip	
parked, not on the server	mame/killbldp.zip	
parked, not on the server	mame/knckhead.zip	
parked, not on the server	mame/kodure.zip	
parked, not on the server	mame/kov2.zip	
parked, not on the server	mame/kov2p.zip	
parked, not on the server	mame/kovplus.zip	
parked, not on the server	mame/ktiger.zip	
parked, not on the server	mame/ktiger2.zip	
parked, not on the server	mame/kungfum.zip	
parked, not on the server	mame/kurikint.zip	
parked, not on the server	mame/lastday.zip	
parked, not on the server	mame/lastduel.zip	
parked, not on the server	mame/ldrun.zip	
parked, not on the server	mame/ldrun2.zip	
parked, not on the server	mame/ldrun3.zip	
parked, not on the server	mame/ldrun4.zip	
parked, not on the server	mame/legion.zip	
parked, not on the server	mame/lethalth.zip	
parked, not on the server	mame/lgtnfght.zip	
parked, not on the server	mame/lightbr.zip	
parked, not on the server	mame/lkage.zip	
parked, not on the server	mame/loht.zip	
parked, not on the server	mame/lwings.zip	
parked, not on the server	mame/machbrkr.zip	
parked, not on the server	mame/macross.zip	
parked, not on the server	mame/macross2.zip	
parked, not on the server	mame/macrossp.zip	
parked, not on the server	mame/madgear.zip	
parked, not on the server	mame/madmotor.zip	
parked, not on the server	mame/madshark.zip	
parked, not on the server	mame/mahoudai.zip	
parked, not on the server	mame/mappy.zip	
parked, not on the server	mame/martmast.zip	
parked, not on the server	mame/mazinger.zip	
parked, not on the server	mame/mcatadv.zip	
parked, not on the server	mame/megablst.zip	
parked, not on the server	mame/metafox.zip	
parked, not on the server	mame/metalb.zip	
parked, not on the server	mame/metamrph.zip	
parked, not on the server	mame/metlclsh.zip	
parked, not on the server	mame/metlhawk.zip	
parked, not on the server	mame/metlsavr.zip	
parked, not on the server	mame/metmqstr.zip	
parked, not on the server	mame/metrocrs.zip	
parked, not on the server	mame/mia.zip	
parked, not on the server	mame/midres.zip	
parked, not on the server	mame/mirninja.zip	
parked, not on the server	mame/mk.zip	
parked, not on the server	mame/mk2.zip	
parked, not on the server	mame/mk3.zip	
parked, not on the server	mame/mmaulers.zip	
parked, not on the server	mame/mnight.zip	
parked, not on the server	mame/moo.zip	
parked, not on the server	mame/moonwlkb.zip	
parked, not on the server	mame/mrgoemon.zip	
parked, not on the server	mame/mrjong.zip	
parked, not on the server	mame/msgundam.zip	
parked, not on the server	mame/mtlchamp.zip	
parked, not on the server	mame/mugsmash.zip	
parked, not on the server	mame/mutantf.zip	
parked, not on the server	mame/mx5000.zip	
parked, not on the server	mame/mysticri.zip	
parked, not on the server	mame/mystwarr.zip	
parked, not on the server	mame/narc.zip	
parked, not on the server	mame/nastar.zip	
parked, not on the server	mame/nbajam.zip	
parked, not on the server	mame/nbbatman.zip	
parked, not on the server	mame/nebulray.zip	
parked, not on the server	mame/ninjak.zip	
parked, not on the server	mame/ninjaw.zip	
parked, not on the server	mame/ninjemak.zip	
parked, not on the server	mame/nost.zip	
parked, not on the server	mame/nrallyx.zip	
parked, not on the server	mame/nslasher.zip	
parked, not on the server	mame/nslasherj.zip	
parked, not on the server	mame/nspirit.zip	
parked, not on the server	mame/numanath.zip	
parked, not on the server	mame/omegaf.zip	
parked, not on the server	mame/orlegend.zip	
parked, not on the server	mame/orunners.zip	
parked, not on the server	mame/oscar.zip	
parked, not on the server	mame/osman.zip	
parked, not on the server	mame/othunder.zip	
parked, not on the server	mame/outfxies.zip	
parked, not on the server	mame/outrun.zip	
parked, not on the server	mame/outzone.zip	
parked, not on the server	mame/p47.zip	
parked, not on the server	mame/p47aces.zip	
parked, not on the server	mame/pacmania.zip	
parked, not on the server	mame/parodius.zip	
parked, not on the server	mame/pgm.zip	
parked, not on the server	mame/phelios.zip	
parked, not on the server	mame/pirates.zip	
parked, not on the server	mame/plegends.zip	
parked, not on the server	mame/plusalph.zip	
parked, not on the server	mame/pooyan.zip	
parked, not on the server	mame/popeye.zip	
parked, not on the server	mame/pow.zip	
parked, not on the server	mame/powerins.zip	
parked, not on the server	mame/prehisle.zip	
parked, not on the server	mame/psychos.zip	
parked, not on the server	mame/punkshot.zip	
parked, not on the server	mame/pwrinst2.zip	
parked, not on the server	mame/raiden.zip	
parked, not on the server	mame/rallyx.zip	
parked, not on the server	mame/rambo3.zip	
parked, not on the server	mame/raphero.zip	
parked, not on the server	mame/rastan.zip	
parked, not on the server	mame/reikaids.zip	
parked, not on the server	mame/ridingf.zip	
parked, not on the server	mame/riotcity.zip	
parked, not on the server	mame/robocop.zip	
parked, not on the server	mame/robocop2.zip	
parked, not on the server	mame/robokid.zip	
parked, not on the server	mame/rshark.zip	
parked, not on the server	mame/rthun2.zip	
parked, not on the server	mame/rthunder.zip	
parked, not on the server	mame/rtype.zip	
parked, not on the server	mame/rtype2.zip	
parked, not on the server	mame/rtypeleo.zip	
parked, not on the server	mame/rygar.zip	
parked, not on the server	mame/ryujin.zip	
parked, not on the server	mame/ryukendn.zip	
parked, not on the server	mame/s1945.zip	
parked, not on the server	mame/s1945ii.zip	
parked, not on the server	mame/s1945iii.zip	
parked, not on the server	mame/sailormn.zip	
parked, not on the server	mame/saiyugou.zip	
parked, not on the server	mame/salamand.zip	
parked, not on the server	mame/salmndr2.zip	
parked, not on the server	mame/samsh5sp.zip	
parked, not on the server	mame/samsho2.zip	
parked, not on the server	mame/samuraia.zip	
parked, not on the server	mame/sandscrp.zip	
parked, not on the server	mame/sauro.zip	
parked, not on the server	mame/schmeisr.zip	
parked, not on the server	mame/searchar.zip	
parked, not on the server	mame/sexyparo.zip	
parked, not on the server	mame/sf1.zip	
parked, not on the server	mame/sftm.zip	
parked, not on the server	mame/sfz2al.zip	
parked, not on the server	mame/shadfrce.zip	
parked, not on the server	mame/shadowld.zip	
parked, not on the server	mame/shadoww.zip	
parked, not on the server	mame/sharrier.zip	
parked, not on the server	mame/shdancer.zip	
parked, not on the server	mame/shinobi.zip	
parked, not on the server	mame/shippumd.zip	
parked, not on the server	mame/shogwarr.zip	
parked, not on the server	mame/sidearms.zip	
parked, not on the server	mame/sidepckt.zip	
parked, not on the server	mame/silentd.zip	
parked, not on the server	mame/silkroad.zip	
parked, not on the server	mame/silkworm.zip	
parked, not on the server	mame/skyadvnt.zip	
parked, not on the server	mame/skyalert.zip	
parked, not on the server	mame/skysmash.zip	
parked, not on the server	mame/skysoldr.zip	
parked, not on the server	mame/slyspy.zip	
parked, not on the server	mame/sngkace.zip	
parked, not on the server	mame/snowbro2.zip	
parked, not on the server	mame/snowbros.zip	
parked, not on the server	mame/solfigtr.zip	
parked, not on the server	mame/sonicwi.zip	
parked, not on the server	mame/spacedx.zip	
parked, not on the server	mame/spidey.zip	
parked, not on the server	mame/spinlbrk.zip	
parked, not on the server	mame/splatter.zip	
parked, not on the server	mame/spy.zip	
parked, not on the server	mame/srumbler.zip	
parked, not on the server	mame/ssoldier.zip	
parked, not on the server	mame/ssprint.zip	
parked, not on the server	mame/ssrdrebc.zip	
parked, not on the server	mame/ssriders.zip	
parked, not on the server	mame/ssridersubc.zip	
parked, not on the server	mame/stmblade.zip	
parked, not on the server	mame/strahl.zip	
parked, not on the server	mame/streetsm.zip	
parked, not on the server	mame/superman.zip	
parked, not on the server	mame/superx.zip	
parked, not on the server	mame/survarts.zip	
parked, not on the server	mame/svg.zip	
parked, not on the server	mame/syvalion.zip	
parked, not on the server	mame/taotaido.zip	
parked, not on the server	mame/tattass.zip	
parked, not on the server	mame/tbyahhoo.zip	
parked, not on the server	mame/tdragon2.zip	
parked, not on the server	mame/tdragonb.zip	
parked, not on the server	mame/tengai.zip	
parked, not on the server	mame/terracre.zip	
parked, not on the server	mame/terraf.zip	
parked, not on the server	mame/tfrceac.zip	
parked, not on the server	mame/theglad.zip	
parked, not on the server	mame/thndzone.zip	
parked, not on the server	mame/thundfox.zip	
parked, not on the server	mame/tigeroad.zip	
parked, not on the server	mame/timesold.zip	
parked, not on the server	mame/tmnt.zip	
parked, not on the server	mame/tmnt2.zip	
parked, not on the server	mame/tmnt22p.zip	
parked, not on the server	mame/tmnt2p.zip	
parked, not on the server	mame/tndrcade.zip	
parked, not on the server	mame/totcarn.zip	
parked, not on the server	mame/trojan.zip	
parked, not on the server	mame/truxton.zip	
parked, not on the server	mame/truxton2.zip	
parked, not on the server	mame/tturf.zip	
parked, not on the server	mame/tumblep.zip	
parked, not on the server	mame/turbofrc.zip	
parked, not on the server	mame/twineagl.zip	
parked, not on the server	mame/twinhawk.zip	
parked, not on the server	mame/typhoon.zip	
parked, not on the server	mame/uccopsj.zip	
parked, not on the server	mame/umk3.zip	
parked, not on the server	mame/vandyke.zip	
parked, not on the server	mame/vaportra.zip	
parked, not on the server	mame/vasara.zip	
parked, not on the server	mame/vasara2.zip	
parked, not on the server	mame/vendetta.zip	
parked, not on the server	mame/vfive.zip	
parked, not on the server	mame/victroad.zip	
parked, not on the server	mame/vigilant.zip	
parked, not on the server	mame/viostorm.zip	
parked, not on the server	mame/warriorb.zip	
parked, not on the server	mame/wboy.zip	
parked, not on the server	mame/wizdfire.zip	
parked, not on the server	mame/xexex.zip	
parked, not on the server	mame/xmen.zip	
parked, not on the server	mame/xmen2p.zip	
parked, not on the server	mame/xmen2pe.zip	
parked, not on the server	mame/xmultipl.zip	
parked, not on the server	mame/xxmissio.zip	
parked, not on the server	mame/xybots.zip	
parked, not on the server	mame/yamagchi.zip	
parked, not on the server	mame/yiear.zip	
parked, not on the server	mame/zerowing.zip	
parked, not on the server	mame/zingzip.zip	
parked, not on the server	mame/zintrckb.zip	
parked, not on the server	mame/zunkyou.zip	
parked, not on the server	megadrive/ESWAT - City Under Siege (USA, Europe).7z	
parked, not on the server	megadrive/Monster World IV (Japan) (Translated En).7z	
parked, not on the server	megadrive/Shining Force II (USA).7z	
parked, not on the server	megadrive/Sparkster (USA).7z	
parked, not on the server	neogeoaes/2020bb.zip	
parked, not on the server	neogeoaes/3countb.zip	
parked, not on the server	neogeoaes/alpham2.zip	
parked, not on the server	neogeoaes/aodk.zip	
parked, not on the server	neogeoaes/aof.zip	
parked, not on the server	neogeoaes/aof2.zip	
parked, not on the server	neogeoaes/aof3.zip	
parked, not on the server	neogeoaes/bakatono.zip	
parked, not on the server	neogeoaes/bangbead.zip	
parked, not on the server	neogeoaes/bjourney.zip	
parked, not on the server	neogeoaes/blazstar.zip	
parked, not on the server	neogeoaes/breakers.zip	
parked, not on the server	neogeoaes/breakrev.zip	
parked, not on the server	neogeoaes/bstars.zip	
parked, not on the server	neogeoaes/bstars2.zip	
parked, not on the server	neogeoaes/burningf.zip	
parked, not on the server	neogeoaes/crsword.zip	
parked, not on the server	neogeoaes/ctomaday.zip	
parked, not on the server	neogeoaes/cyberlip.zip	
parked, not on the server	neogeoaes/diggerma.zip	
parked, not on the server	neogeoaes/doubledr.zip	
parked, not on the server	neogeoaes/eightman.zip	
parked, not on the server	neogeoaes/fatfursp.zip	
parked, not on the server	neogeoaes/fatfury1.zip	
parked, not on the server	neogeoaes/fatfury2.zip	
parked, not on the server	neogeoaes/fbfrenzy.zip	
parked, not on the server	neogeoaes/fightfev.zip	
parked, not on the server	neogeoaes/flipshot.zip	
parked, not on the server	neogeoaes/galaxyfg.zip	
parked, not on the server	neogeoaes/ganryu.zip	
parked, not on the server	neogeoaes/garou.zip	
parked, not on the server	neogeoaes/ghostlop.zip	
parked, not on the server	neogeoaes/goalx3.zip	
parked, not on the server	neogeoaes/gowcaizr.zip	
parked, not on the server	neogeoaes/gururin.zip	
parked, not on the server	neogeoaes/joyjoy.zip	
parked, not on the server	neogeoaes/kabukikl.zip	
parked, not on the server	neogeoaes/karnovr.zip	
parked, not on the server	neogeoaes/kizuna.zip	
parked, not on the server	neogeoaes/kof2001.zip	
parked, not on the server	neogeoaes/kof2003.zip	
parked, not on the server	neogeoaes/kof95.zip	
parked, not on the server	neogeoaes/kof96.zip	
parked, not on the server	neogeoaes/kof97.zip	
parked, not on the server	neogeoaes/kof98.zip	
parked, not on the server	neogeoaes/lastbld2.zip	
parked, not on the server	neogeoaes/lbowling.zip	
parked, not on the server	neogeoaes/legendos.zip	
parked, not on the server	neogeoaes/lresort.zip	
parked, not on the server	neogeoaes/magdrop2.zip	
parked, not on the server	neogeoaes/magdrop3.zip	
parked, not on the server	neogeoaes/maglord.zip	
parked, not on the server	neogeoaes/mahretsu.zip	
parked, deleted from the server (Japanese quiz set)	neogeoaes/marukodq.zip	
parked, not on the server	neogeoaes/matrim.zip	
parked, not on the server	neogeoaes/miexchng.zip	
parked, not on the server	neogeoaes/minasan.zip	
parked, not on the server	neogeoaes/mosyougi.zip	
parked, not on the server	neogeoaes/mslug.zip	
parked, not on the server	neogeoaes/mslug2.zip	
parked, not on the server	neogeoaes/mslug3.zip	
parked, not on the server	neogeoaes/mslug3b6.zip	
parked, not on the server	neogeoaes/mslug4.zip	
parked, not on the server	neogeoaes/mslugx.zip	
parked, not on the server	neogeoaes/mutnat.zip	
parked, not on the server	neogeoaes/nam1975.zip	
parked, not on the server	neogeoaes/ncombat.zip	
parked, not on the server	neogeoaes/ncommand.zip	
parked, not on the server	neogeoaes/neobombe.zip	
parked, not on the server	neogeoaes/neocup98.zip	
parked, not on the server	neogeoaes/neomrdo.zip	
parked, not on the server	neogeoaes/neopong.zip	
parked, not on the server	neogeoaes/ninjamas.zip	
parked, not on the server	neogeoaes/nitd.zip	
parked, not on the server	neogeoaes/overtop.zip	
parked, not on the server	neogeoaes/panicbom.zip	
parked, not on the server	neogeoaes/pbobbl2n.zip	
parked, not on the server	neogeoaes/pgoal.zip	
parked, not on the server	neogeoaes/pnyaa.zip	
parked, not on the server	neogeoaes/popbounc.zip	
parked, not on the server	neogeoaes/preisle2.zip	
parked, not on the server	neogeoaes/pspikes2.zip	
parked, not on the server	neogeoaes/puzzledp.zip	
parked, deleted from the server (Japanese quiz set)	neogeoaes/quizdai2.zip	
parked, deleted from the server (Japanese quiz set)	neogeoaes/quizdais.zip	
parked, deleted from the server (Japanese quiz set)	neogeoaes/quizkof.zip	
parked, not on the server	neogeoaes/ragnagrd.zip	
parked, not on the server	neogeoaes/rbff1.zip	
parked, not on the server	neogeoaes/rbff2.zip	
parked, not on the server	neogeoaes/ridhero.zip	
parked, not on the server	neogeoaes/roboarmy.zip	
parked, not on the server	neogeoaes/rotd.zip	
parked, not on the server	neogeoaes/s1945p.zip	
parked, not on the server	neogeoaes/samsh5sp.zip	
parked, not on the server	neogeoaes/samsho.zip	
parked, not on the server	neogeoaes/samsho2.zip	
parked, not on the server	neogeoaes/samsho3.zip	
parked, not on the server	neogeoaes/samsho4.zip	
parked, not on the server	neogeoaes/sdodgeb.zip	
parked, not on the server	neogeoaes/sengoku.zip	
parked, not on the server	neogeoaes/sengoku2.zip	
parked, not on the server	neogeoaes/sengoku3.zip	
parked, not on the server	neogeoaes/shocktr2.zip	
parked, not on the server	neogeoaes/shocktro.zip	
parked, not on the server	neogeoaes/socbrawl.zip	
parked, not on the server	neogeoaes/sonicwi2.zip	
parked, not on the server	neogeoaes/sonicwi3.zip	
parked, not on the server	neogeoaes/spinmast.zip	
parked, not on the server	neogeoaes/ssideki.zip	
parked, not on the server	neogeoaes/ssideki2.zip	
parked, not on the server	neogeoaes/ssideki3.zip	
parked, not on the server	neogeoaes/ssideki4.zip	
parked, not on the server	neogeoaes/stakwin.zip	
parked, not on the server	neogeoaes/stakwin2.zip	
parked, not on the server	neogeoaes/strhoop.zip	
parked, not on the server	neogeoaes/superspy.zip	
parked, not on the server	neogeoaes/tpgolf.zip	
parked, not on the server	neogeoaes/trally.zip	
parked, not on the server	neogeoaes/turfmast.zip	
parked, not on the server	neogeoaes/tws96.zip	
parked, not on the server	neogeoaes/viewpoin.zip	
parked, not on the server	neogeoaes/vliner.zip	
parked, not on the server	neogeoaes/wakuwak7.zip	
parked, not on the server	neogeoaes/wh1.zip	
parked, not on the server	neogeoaes/wh2.zip	
parked, not on the server	neogeoaes/wh2j.zip	
parked, not on the server	neogeoaes/whp.zip	
parked, not on the server	neogeoaes/wjammers.zip	
parked, not on the server	neogeoaes/zedblade.zip	
parked, not on the server	neogeoaes/zintrckb.zip	
parked, not on the server	neogeoaes/zupapa.zip	
parked, not on the server	nes/Circus Charlie.nes	
parked, not on the server	psx/Tony Hawks Pro Skater 2 (USA).chd	
parked, not on the server	sfc/Return of Double Dragon (Japan).7z	
parked, not on the server	sfc/Star Ocean (Japan) (Translated En).7z	
