# Games on the Super Game HDD that your server does not have, rated 80+.
# Rating is the one already in that drive's own gamelist.xml, not my opinion.
platform	game	rating	size_mb	source_folder	path_on_drive
3do	Primal Rage (USA, Europe)	100	195	3do	./roms/USA/Primal Rage (USA, Europe).chd
amiga500	QIX	100	0	amiga500	./roms/QIX.zip
amiga500	Supaplex	100	0	amiga500	./roms/Supaplex.zip
amiga500	Swords And Galleons	100	1	amiga500	./roms/Swords And Galleons.zip
amiga500	Troddlers	100	1	amiga500	./roms/Troddlers.zip
amiga500	Anarchy	100	1	amiga500	./roms/Anarchy.zip
amstradcpc	Saint Dragon (E)	100	0	amstradcpc	./roms/St Dragon (E).zip
atari2600	Phaser Patrol (USA)	100	0	atari2600	./roms/Phaser Patrol (USA).zip
atari2600	Tunnel Runner (USA)	100	0	atari2600	./roms/Tunnel Runner (USA).zip
atari2600	Solar Fox (USA)	100	0	atari2600	./roms/Solar Fox (USA).zip
atari5200	Miner 2049er Starring Bounty Bob (USA)	100	0	atari5200	./roms/Miner 2049er Starring Bounty Bob (USA).zip
atari7800	Tomcat : The F-14 Fighter Simulator (USA)	100	0	atari7800	./roms/Tomcat - The F-14 Fighter Simulator (USA).7z
c64	Altered Beast (USA)	100	0	c64	./roms/Altered Beast (USA).zip
c64	Creatures (Europe)	100	0	c64	./roms/Creatures (Europe).zip
c64	Fort Apocalypse (USA)	100	0	c64	./roms/Fort Apocalypse (USA).zip
c64	Gyropod (Europe)	100	0	c64	./roms/Gyropod (Europe).zip
c64	Super Hang-On (Europe)	100	0	c64	./roms/Super Hang-On (Europe).zip
c64	Zoom! (Europe)	100	0	c64	./roms/Zoom! (Europe).zip
colecovision	War Games (USA, Europe)	100	0	colecovision	./roms/War Games (USA, Europe).zip
famicom	Summer Carnival '92 : Recca (Japan) (Translated En)	100	0	famicom	./roms/Summer Carnival '92 - Recca (Japan) (Translated En).zip
gb	Puzznic (Japan)	100	0	gb	./roms/Puzznic (Japan).zip
gb	Superman (USA, Europe)	100	0	gb	./roms/Superman (USA, Europe).zip
gb	Osawagase! Penguin Boy (USA, Europe)	100	0	gb	./roms/Amazing Penguin (USA, Europe).zip
gba	Classic NES Series - Xevious (USA, Europe)	100	4	gba	./roms/Classic NES Series - Xevious (USA, Europe).zip
intellivision	Boxing (World)	100	0	intellivision	./roms/Boxing (World).zip
intellivision	Mouse Trap (World)	100	0	intellivision	./roms/Mouse Trap (World).zip
intellivision	Sea Battle (World)	100	0	intellivision	./roms/Sea Battle (World).zip
megadrive	Nikkan Sports Pro Yakyuu Van (Japan)	100	0	megadrive	./roms/Japan/Nikkan Sports Pro Yakyuu Van (Japan).zip
msx2	Metal Gear (Europe)	100	0	msx2	./roms/Metal Gear (Europe).zip
n64	F1 Racing Championship (Europe) (En,Fr,De,Es,It)	100	15	n64	./roms/USA/F1 Racing Championship (Europe) (En,Fr,De,Es,It).zip
n64	F-1 World Grand Prix II (Europe) (En,Fr,De,Es)	100	10	n64	./roms/USA/F-1 World Grand Prix II (Europe) (En,Fr,De,Es).zip
n64	Indy Racing 2000 (USA)	100	11	n64	./roms/USA/Indy Racing 2000 (USA).zip
nds	Avalon Code (USA)	100	61	nds	./roms/Avalon Code (USA).7z
nds	Diddy Kong Racing DS (USA)	100	20	nds	./roms/Diddy Kong Racing DS (USA).7z
nds	Giana Sisters Ds (USA)	100	4	nds	./roms/Giana Sisters DS (USA).7z
nds	Hoshi no Kirby - Ultra Super Deluxe (USA)	100	58	nds	./roms/Kirby Super Star Ultra (USA).7z
nds	Soul Bubbles (USA)	100	19	nds	./roms/Soul Bubbles (USA).7z
nds	Spider-Man 3 (USA)	100	35	nds	./roms/Spider-Man 3 (USA).7z
nes	Aussie Rules Footy (Australia)	100	0	nes	./roms/Aussie Rules Footy (Australia).zip
ngc	International Superstar Soccer 2 (Europe)	100	727	gamecube	./roms/International Superstar Soccer 2 (Europe).rvz
ngc	Nba Live 06 (USA)	100	1009	gamecube	./roms/NBA Live 06 (USA).rvz
ngc	NBA Street Vol.3 (USA)	100	999	gamecube	./roms/NBA Street V3 (USA).rvz
ngc	V-Rally 3 (Europe)	100	944	gamecube	./roms/V-Rally 3 (Europe).rvz
ngc	International Superstar Soccer 3 (Europe)	100	1080	gamecube	./roms/International Superstar Soccer 3 (Europe).rvz
psx	Earthworm Jim 2 (Europe)	100	204	psx	./roms/Earthworm Jim 2 (Europe).chd
psx	Gundam Battle Assault 2 (USA)	100	124	psx	./roms/Gundam Battle Assault 2 (USA).chd
psx	NBA Live 2003 (USA)	100	271	psx	./roms/NBA Live 2003 (USA).chd
saturn	Cyberia (USA)	100	260	saturn	./roms/Cyberia (USA).chd
segacd	The Adventures of Batman & Robin (USA)	100	274	segacd	./roms/Adventures Of Batman & Robin, The (USA).chd
segacd	Wolfchild (USA)	100	340	segacd	./roms/Wolfchild (USA).chd
sfc	Downtown : Nekketsu Baseball Monogatari, Yakyuu de Shoubu da! Kunio-kun (Japan)	100	1	sfc	./roms/Downtown - Nekketsu Baseball Monogatari - Yakyuu de Shoubu da! Kunio-kun (Japan).7z
sfc	Kunio no Oden (Japan)	100	0	sfc	./roms/Kunio no Oden (Japan).7z
sfc	Shin Nekketsu Kouha : Kunio-tachi no Banka (Japan) (Translated En)	100	1	sfc	./roms/Shin Nekketsu Kouha - Kunio-tachi no Banka (Japan) (Translated En).7z
sfc	Super Famista 3 (Japan)	100	1	sfc	./roms/Super Famista 3 (Japan).7z
sfc	Super Trump Collection 2 (Japan)	100	0	sfc	./roms/Super Trump Collection 2 (Japan).7z
sgb	Lolo no Daibouken (Europe)	100	0	sgb	./roms/Adventures of Lolo (Europe).zip
snes	Kunio no Oden (Japan)	100	0	snes	./roms/Japan/Kunio no Oden (Japan).zip
snes	Shin Nekketsu Kouha : Kunio-tachi no Banka (Japan) (Translated En)	100	1	snes	./roms/USA/Shin Nekketsu Kouha - Kunio-tachi no Banka (Japan) (Translated En).7z
snes	Super F1 Circus Gaiden (Japan)	100	1	snes	./roms/Japan/Super F1 Circus Gaiden (Japan).zip
snes	Super Famista 3 (Japan)	100	1	snes	./roms/Japan/Super Famista 3 (Japan).zip
snes	Super Kyuukyoku Harikiri Stadium (Japan)	100	1	snes	./roms/Japan/Super Kyuukyoku Harikiri Stadium (Japan).zip
snes	Super Kyuukyoku Harikiri Stadium 2 (Japan)	100	1	snes	./roms/Japan/Super Kyuukyoku Harikiri Stadium 2 (Japan).zip
snes	Super Real Mahjong PIV (Japan)	100	1	snes	./roms/Japan/Super Real Mahjong PIV (Japan).zip
snes	Super Real Mahjong PV Paradise : All-Star 4-nin Uchi (Japan)	100	1	snes	./roms/Japan/Super Real Mahjong PV Paradise - All-Star 4-nin Uchi (Japan).zip
snes	Super Tetris 3 (Japan) (En)	100	1	snes	./roms/Japan/Super Tetris 3 (Japan) (En).zip
snes	Super Trump Collection (Japan)	100	0	snes	./roms/Japan/Super Trump Collection (Japan).zip
snes	Super Trump Collection 2 (Japan)	100	0	snes	./roms/Japan/Super Trump Collection 2 (Japan).zip
snes	Downtown : Nekketsu Baseball Monogatari, Yakyuu de Shoubu da! Kunio-kun (Japan)	100	1	snes	./roms/Japan/Downtown - Nekketsu Baseball Monogatari - Yakyuu de Shoubu da! Kunio-kun (Japan).zip
wii	Metroid Prime: Trilogy (USA)	100	7988	wii	./roms/Metroid Prime - Trilogy (USA).wbfs
wii	Nitrobike (USA)	100	891	wii	./roms/Nitro Bike (USA).wbfs
wii	Resident Evil Archives: Resident Evil (USA)	100	3997	wii	./roms/Resident Evil Archives - Resident Evil (USA).wbfs
wii	Samurai Shodown Anthology (USA)	100	2789	wii	./roms/Samurai Shodown Anthology (USA).wbfs
wii	Tony Hawk's Proving Ground (USA)	100	2707	wii	./roms/Tony Hawk's Proving Ground (USA).wbfs
wii	Wing Island (USA)	100	210	wii	./roms/Wing Island (USA).wbfs
wii	Iron Man (USA)	100	1307	wii	./roms/Iron Man (USA).wbfs
wiiware	Cave Story (USA) (v258)	100	29	wiiware	./roms/Cave Story (USA) (v258).wad
wiiware	Defend Your Castle (USA)	100	24	wiiware	./roms/Defend Your Castle (USA).wad
wiiware	LostWinds : Winter of the Melodias (USA)	100	45	wiiware	./roms/LostWinds - Winter of the Melodias (USA).wad
wonderswancolor	Neo Cherry Master Color : Real Casino Series (World) (En,Ja)	100	0	ngpc	./roms/Neo Cherry Master Color - Real Casino Series (World) (En,Ja).zip
wonderswancolor	Wizardry Scenario 1 - Proving Grounds of the Mad O (Japan)	100	1	wswanc	./roms/Wizardry Scenario 1 - Proving Grounds of the Mad Overlord (Japan).zip
zxspectrum	La Abadía del Crimen (Spain)	100	0	zxspectrum	./roms/Abadia del Crimen, La (Spain).zip
zxspectrum	Starquake (Europe)	100	0	zxspectrum	./roms/Starquake (Europe).zip
zxspectrum	Tau Ceti - Special Edition (Europe)	100	0	zxspectrum	./roms/Tau Ceti - Special Edition (Europe).zip
zxspectrum	Boulder Dash II : Rockford's Revenge (Europe)	100	0	zxspectrum	./roms/Boulder Dash II - Rockford's Riot (Europe).zip
3do	Mad Dog II : The Lost Gold (USA)	95	210	3do	./roms/USA/Mad Dog II - the Lost Gold (USA).chd
3do	Starblade (USA)	95	210	3do	./roms/USA/StarBlade (USA).chd
3do	Killing Time (USA)	95	427	3do	./roms/USA/Killing Time (USA).chd
3do	Battlesport (USA)	95	311	3do	./roms/USA/BattleSport (USA).chd
amiga500	Antago	95	0	amiga500	./roms/Antago.zip
amiga500	Bob's Bad Day	95	1	amiga500	./roms/Bob's Bad Day.zip
amiga500	Deuteros : The Next Millennium	95	1	amiga500	./roms/Deuteros - The Next Millennium.zip
amiga500	Giganoid	95	0	amiga500	./roms/Giganoid.zip
amiga500	Kick Off	95	0	amiga500	./roms/Kick Off.zip
amiga500	Midwinter [EU]	95	0	amiga500	./roms/Midwinter [EU].zip
amiga500	Moonstone : A Hard Days Knight	95	2	amiga500	./roms/Moonstone  A Hard Days Knight.zip
amiga500	Out of this World	95	1	amiga500	./roms/Out of this World.zip
amiga500	P.P. Hammer and His Pneumatic Weapon	95	1	amiga500	./roms/P.P. Hammer and His Pneumatic Weapon.zip
amiga500	Pinball Fantasies	95	1	amiga500	./roms/Pinball Fantasies.zip
amiga500	Simon the Sorcerer [EU]	95	6	amiga500	./roms/Simon The Sorcerer [EU].zip
amiga500	SwitchBlade II	95	1	amiga500	./roms/SwitchBlade II.zip
amiga500	Turrican II: The Final Fight	95	1	amiga500	./roms/Turrican II  The Final Fight.zip
amiga500	Uridium 2 [EU]	95	1	amiga500	./roms/Uridium 2 [EU].zip
amiga500	Volfied	95	1	amiga500	./roms/Volfied.zip
amiga500	Xenon 2 : Megablast	95	1	amiga500	./roms/Xenon 2  Megablast.zip
amiga500	Agony	95	2	amiga500	./roms/Agony.zip
amiga500	A Question of Sport	95	0	amiga500	./roms/A Question of Sport.zip
amiga500	Cannon Fodder	95	2	amiga500	./roms/Cannon Fodder.zip
amiga500	Disposable Hero [EU]	95	2	amiga500	./roms/Disposable Hero [EU].zip
amiga500	Double Dragon	95	1	amiga500	./roms/Double Dragon.zip
amiga500	Dune II - The Battle for Arrakis	95	2	amiga500	./roms/Dune II - The Battle for Arrakis.zip
amstradcpc	Bruce Lee (E)	95	0	amstradcpc	./roms/Bruce Lee (E).zip
amstradcpc	Le 5ème Axe (E)	95	0	amstradcpc	./roms/Fifth Axis (E), The.zip
amstradcpc	Rick Dangerous II (E)	95	0	amstradcpc	./roms/Rick Dangerous II (E).zip
amstradcpc	R-Type (E)	95	0	amstradcpc	./roms/R-Type (E) - Disk 1B.zip
amstradcpc	Trivial Pursuit - Edition Genius (E)	95	0	amstradcpc	./roms/Trivial Pursuit - Genus Edition (E) - Disk 1B.zip
atari2600	Cakewalk (USA)	95	0	atari2600	./roms/Cakewalk (USA).zip
atari2600	The Official Frogger (USA)	95	0	atari2600	./roms/Official Frogger, The (USA).zip
c64	Miner 2049er (USA)	95	0	c64	./roms/Miner 2049'er (USA).zip
c64	Suspended (USA)	95	0	c64	./roms/Suspended (USA).zip
c64	Theatre Europe (Europe)	95	0	c64	./roms/Theatre Europe (Europe).zip
c64	They Stole a Million (Europe)	95	0	c64	./roms/They $tole a Million (Europe).zip
c64	Thing on a Spring (Europe)	95	0	c64	./roms/Thing on a Spring (Europe).zip
c64	Zoids : The Battle Begins (Europe)	95	0	c64	./roms/Zoids (Europe).zip
colecovision	Mr. Do!'s Castle (USA)	95	0	colecovision	./roms/Mr Do!'s Castle (USA).zip
colecovision	BC's Quest for Tires (USA, Europe)	95	0	colecovision	./roms/BC's Quest for Tires (USA, Europe).zip
dc	Resident Evil Code : Veronica (USA) (Disc 1)	95	721	dreamcast	./roms/Resident Evil Code - Veronica (USA) (Disc 1).chd
dc	Space Channel 5 : Part 2 (Japan)	95	823	dreamcast	./roms/Space Channel 5 Part 2 (Japan).chd
dc	Tony Hawk's Pro Skater 2 (USA)	95	799	dreamcast	./roms/Tony Hawk's Pro Skater 2 (USA).chd
dc	Dead or Alive 2 (USA)	95	319	dreamcast	./roms/Dead or Alive 2 (USA).chd
dc	Phantasy Star Online (USA)	95	720	dreamcast	./roms/Phantasy Star Online (USA).chd
famicom	Labyrinth (Japan) (Translated En)	95	0	famicom	./roms/Labyrinth - Maou no Meikyuu (Japan) (Translated En).zip
famicom	Super Mario Bros. 3 (Japan)	95	0	famicom	./roms/Super Mario Bros. 3 (Japan).zip
famicom	Fire Emblem : Ankoku Ryuu to Hikari no Tsurugi (Japan) (Translated En)	95	0	famicom	./roms/Fire Emblem (Japan) (Translated En).zip
gamegear	James Pond II : Codename RoboCod (USA)	95	0	gamegear	./roms/James Pond II - Codename RoboCod (USA).zip
gba	Droopy's Tennis Open (Europe)	95	2	gba	./roms/Droopy's Tennis Open (Europe).zip
gba	ESPN International Winter Sports 2002 (USA)	95	3	gba	./roms/ESPN International Winter Sports 2002 (USA).zip
gba	Mother 3 (Japan) (Translated En)	95	12	gba	./roms/Mother 3 (Japan) (Translated En).7z
gba	Zooo : Action Puzzle Game (Europe)	95	5	gba	./roms/Zooo (Europe).zip
gba	Beyblade : GRevolution (USA)	95	2	gba	./roms/Beyblade G-Revolution (USA).zip
genesish	Knuckles The Echidna In Sonic The Hedgehog	95	0	genesish	./roms/Knuckles the Echidna in Sonic the Hedgehog.zip
genesish	Sonic 1 and 2	95	1	genesish	./roms/Sonic 1 and 2.zip
genesish	Sonic 3 Complete	95	2	genesish	./roms/Sonic 3 Complete.zip
hikaru	Brave Firefighters : Real Life Heroes	95	56	hikaru	./roms/braveff.zip
intellivision	Happy Trails (World)	95	0	intellivision	./roms/Happy Trails (World).zip
intellivision	Motocross (World)	95	0	intellivision	./roms/Moto-Cross (World).zip
intellivision	U.s. Ski Team Skiing (World)	95	0	intellivision	./roms/U.S. Ski Team Skiing (World).zip
megadrive	Astérix and the Power of the Gods (Europe)	95	1	megadrive	./roms/Europe/Asterix and the Power of the Gods (Europe).7z
megadrive	Flashback (Japan)	95	1	megadrive	./roms/Japan/Flashback (Japan).zip
megadrive	Ys : Wanderers from Ys (Japan)	95	1	megadrive	./roms/Japan/Ys - Wanderers from Ys (Japan).zip
megadriveh	Knuckles The Echidna In Sonic The Hedgehog	95	1	megadriveh	./roms/Knuckles the Echidna in Sonic the Hedgehog.md
msx1	Metal Gear 2 - Solid Snake (Japan) (Translated En)	95	0	msx1	./roms/Metal Gear 2 - Solid Snake (Japan) (Translated En).zip
msx1	Road Fighter (Japan) (Alt 1)	95	0	msx1	./roms/Road Fighter (Japan) (Alt 1).zip
msx1	The Treasure of Usas (Japan, Europe)	95	0	msx1	./roms/Treasure of Usas, The (Japan, Europe).zip
msx2	Metal Gear 2 - Solid Snake (Japan)	95	0	msx2	./roms/Metal Gear 2 - Solid Snake (Japan).zip
msx2	The Treasure of Usas (Japan, Europe)	95	0	msx2	./roms/Treasure of Usas, The (Japan, Europe).zip
n64	Centre Court Tennis (Europe)	95	9	n64	./roms/USA/Centre Court Tennis (Europe).zip
n64	Vigilante 8 : 2nd Offense (USA)	95	11	n64	./roms/USA/Vigilante 8 - 2nd Offense (USA).zip
n64	WCW Mayhem (USA)	95	13	n64	./roms/USA/WCW Mayhem (USA).zip
n64	Ogre Battle 64 : Person of Lordly Caliber (USA)	95	33	n64	./roms/USA/Ogre Battle 64 - Person of Lordly Caliber (USA).7z
nds	Cookie Shop - Create Your Dream Shop (USA)	95	6	nds	./roms/Cookie Shop - Create Your Dream Shop (USA).7z
nds	Elvenland (Europe)	95	3	nds	./roms/Elvenland (Europe).zip
nds	Imagine Fashion Designer New York (USA)	95	65	nds	./roms/Imagine - Fashion Designer - New York (USA).7z
nds	InuYasha : Secret of the Divine Jewel (USA)	95	23	nds	./roms/InuYasha - Secret of the Divine Jewel (USA).7z
nds	Marvel Super Hero Squad - The Infinity Gauntlet (USA)	95	48	nds	./roms/Marvel Super Hero Squad - The Infinity Gauntlet (USA).zip
nds	Mega Man Zero Collection (USA)	95	44	nds	./roms/Mega Man Zero Collection (USA).zip
nds	New International Track & Field (USA)	95	23	nds	./roms/New International Track & Field (USA).7z
nds	Phoenix Wright - Ace Attorney - Trials and Tribulations (USA)	95	11	nds	./roms/Phoenix Wright - Ace Attorney - Trials and Tribulations (USA).7z
nds	Power Play Pool (USA)	95	2	nds	./roms/Power Play Pool (USA).7z
nds	Retro Game Challenge (USA)	95	7	nds	./roms/Retro Game Challenge (USA).7z
nds	Treasure World (USA)	95	14	nds	./roms/Treasure World (USA).7z
nes	Chris Evert & Ivan Lendl in Top Players' Tennis (USA)	95	0	nes	./roms/Top Players' Tennis Featuring Chris Evert & Ivan Lendl (USA).zip
nesh	Super Mario Bros. 3	95	0	nesh	./roms/Super Mario Bros 3 - Chaos Control (X).zip
ngc	Conflict: Desert Storm II : Back to Baghdad (USA)	95	1063	gamecube	./roms/Conflict - Desert Storm II - Back to Baghdad (USA).rvz
ngc	The Legend of Zelda Collection (USA)	95	943	gamecube	./roms/Legend of Zelda, The - Collector's Edition (USA).rvz
ngc	Madden Nfl 2005 (USA)	95	1059	gamecube	./roms/Madden NFL 2005 (USA).rvz
ngc	Medabots : Infinity (USA)	95	288	gamecube	./roms/Medabots Infinity (USA).rvz
ngc	NHL Hitz Pro (USA)	95	1000	gamecube	./roms/NHL Hitz Pro (USA).rvz
ngc	Harvest Moon: Magical Melody (USA)	95	80	gamecube	./roms/Harvest Moon - Magical Melody (USA).rvz
ngc	Madden Nfl 07 (USA)	95	1046	gamecube	./roms/Madden NFL 07 (USA).rvz
ngc	Nba Street Vol.2 (USA)	95	806	gamecube	./roms/NBA Street Vol. 2 (USA).rvz
ps2	ESPN NHL Hockey (USA)	95	1361	ps2	./roms/USA/ESPN NHL Hockey (USA).chd
ps2	Madden NFL 2004 (USA)	95	2995	ps2	./roms/USA/Madden NFL 2004 (USA).chd
ps2	Madden NFL 2005 (USA)	95	3253	ps2	./roms/USA/Madden NFL 2005 (USA).chd
ps2	MTX Mototrax (USA)	95	3190	ps2	./roms/USA/MTX Mototrax (USA).chd
ps2	NHL 2005 (USA)	95	3272	ps2	./roms/USA/NHL 2005 (USA).chd
ps2	NHL 2K7 (USA)	95	2671	ps2	./roms/USA/NHL 2K7 (USA).chd
ps2	ESPN NFL Football (USA)	95	3071	ps2	./roms/USA/ESPN NFL Football (USA).chd
ps2	Full Spectrum Warrior : Ten Hammers (USA)	95	2056	ps2	./roms/USA/Full Spectrum Warrior - Ten Hammers (USA).chd
ps2	Grand Theft Auto : San Andreas (USA)	95	2710	ps2	./roms/USA/Grand Theft Auto - San Andreas (USA).chd
ps2	Madden NFL 08 (USA)	95	1657	ps2	./roms/USA/Madden NFL 08 (USA).chd
ps2	Midnight Club 3 : DUB Edition Remix (USA)	95	3889	ps2	./roms/USA/Midnight Club 3 - DUB Edition Remix (USA).chd
ps2	NHL Hitz Pro (USA)	95	1500	ps2	./roms/USA/NHL Hitz Pro (USA).chd
ps2	TimeSplitters : Future Perfect (USA)	95	3041	ps2	./roms/USA/TimeSplitters - Future Perfect (USA).chd
ps3	Uncharted 2 : Among Thieves	95	0	ps3	./roms/Uncharted 2 - Among Thieves.ps3
psp	Activision Hits Remixed (USA)	95	204	psp	./roms/Activision Hits Remixed (USA).cso
psp	Armored Core : Silent Line Portable (USA)	95	323	psp	./roms/Armored Core - Silent Line Portable (USA).cso
psp	Crush (USA)	95	325	psp	./roms/Crush (USA).cso
psp	Knights in the Nightmare (USA)	95	314	psp	./roms/Knights in the Nightmare (USA).cso
psp	NBA 07 (USA)	95	510	psp	./roms/NBA 07 (USA).cso
psp	NBA 09 : The Inside (USA)	95	645	psp	./roms/NBA 09 - The Inside (USA).cso
psp	Pinball Hall of Fame : The Williams Collection (USA)	95	285	psp	./roms/Pinball Hall of Fame - The Williams Collection (USA).cso
psp	PixelJunk Monsters Deluxe (USA)	95	105	psp	./roms/Pixel Junk Monsters Deluxe (USA).cso
psp	Syphon Filter : Combat Ops (USA)	95	70	psp	./roms/Syphon Filter - Combat Ops (USA).cso
psp	Test Drive Unlimited (USA)	95	1006	psp	./roms/Test Drive Unlimited (USA).cso
pspminis	Fieldrunners (USA)	95	28	pspminis	./roms/Fieldrunners (USA).cso
pspminis	Vector Td (USA)	95	12	pspminis	./roms/Vector Td (USA).cso
psx	Brave Fencer Musashi (USA)	95	211	psx	./roms/Brave Fencer Musashi (USA).chd
psx	Break Out (USA)	95	399	psx	./roms/Break Out (USA).chd
psx	Broken Sword : The Shadow of the Templars (USA)	95	358	psx	./roms/Broken Sword - The Shadow of the Templars (USA).chd
psx	Bust A Groove 2 (USA)	95	260	psx	./roms/Bust A Groove 2 (USA).chd
psx	Colony Wars : Red Sun (USA)	95	384	psx	./roms/Colony Wars III - Red Sun (USA).chd
psx	Darkstalkers : The Night Warriors (USA)	95	305	psx	./roms/Darkstalkers - The Night Warriors (USA).chd
psx	Little Big Adventure (Europe)	95	357	psx	./roms/Little Big Adventure (Europe).chd
psx	Megaman : Battle & Chase (Europe)	95	172	psx	./roms/Megaman - Battle & Chase (Europe).chd
psx	NASCAR 98 (USA)	95	304	psx	./roms/NASCAR 98 (USA).chd
psx	The Note (Europe)	95	194	psx	./roms/Note, The (Europe).chd
psx	Rage Racer (USA)	95	496	psx	./roms/Rage Racer (USA).chd
psx	Rally Cross (USA)	95	350	psx	./roms/Rally Cross (USA).chd
psx	Ten Pin Alley (USA)	95	325	psx	./roms/Ten Pin Alley (USA).chd
psx	X-COM : UFO Defense (USA)	95	308	psx	./roms/X-Com - UFO Defense (USA).chd
psx	Akumajo Dracula X: Gekka no Yasokyoku (Japan) (Translated En)	95	375	psx	./roms/Akumajou Dracula X - Gekka no Yasoukyoku (Japan) (Translated En).chd
saturn	Mr. Bones (USA) (Disc 2)	95	342	saturn	./roms/Mr. Bones (USA) (Disc 2).chd
saturn	Rayman (USA)	95	311	saturn	./roms/Rayman (USA).chd
saturn	Sega Worldwide Soccer '97 (USA)	95	359	saturn	./roms/Sega Worldwide Soccer '97 (USA).chd
saturn	UEFA Euro 96 : England (Europe)	95	187	saturn	./roms/UEFA Euro 96 England (Europe).chd
saturn	Vampire Savior (Japan)	95	413	saturn	./roms/Vampire Savior (Japan).chd
saturn	Virtua Fighter Kids (USA)	95	362	saturn	./roms/Virtua Fighter Kids (USA).chd
saturn	World League Soccer '98 (Europe)	95	312	saturn	./roms/World League Soccer '98 (Europe).chd
saturn	World Series Baseball 98 (USA)	95	270	saturn	./roms/World Series Baseball '98 (USA).chd
saturn	Crimewave (USA)	95	41	saturn	./roms/Crime Wave (USA).chd
saturn	Dark Savior (USA)	95	186	saturn	./roms/Dark Savior (USA).chd
sega32x	Star Wars Arcade (USA)	95	2	sega32x	./roms/Star Wars Arcade (USA).zip
segacd	Ecco : The Tides of Time (USA)	95	602	segacd	./roms/Ecco - The Tides of Time (USA).chd
segacd	Flashback : The Quest for Identity (USA)	95	439	segacd	./roms/Flashback - The Quest For Identity (USA).chd
sfc	Dragon Quest III : Soshite Densetsu e... (Japan) (Translated En)	95	2	sfc	./roms/Dragon Quest III - Soshite Densetsu e... (Japan) (Translated En).7z
sfc	Final Fantasy VI (Japan) (Translated En)	95	2	sfc	./roms/Final Fantasy VI (Japan) (Translated En).zip
sfc	Mazinger Z (Japan)	95	1	sfc	./roms/Mazinger Z (Japan).7z
sfc	Puzzle'n Desu! (Japan)	95	0	sfc	./roms/Puzzle'n Desu! (Japan).7z
sfc	Super Puyo Puyo (Japan)	95	1	sfc	./roms/Super Puyo Puyo (Japan).7z
sfc	Tetris Battle Gaiden (Japan)	95	1	sfc	./roms/Tetris Battle Gaiden (Japan).7z
sgb	The Legend of Zelda : Link's Awakening (USA, Europe) (Rev B)	95	0	sgb	./roms/Legend of Zelda, The - Link's Awakening DX (USA, Europe) (Rev B).zip
snes	Super Aleste (Japan)	95	1	snes	./roms/Japan/Super Aleste (Japan).zip
snes	Final Fantasy VI (Japan) (Translated En)	95	2	snes	./roms/USA/Final Fantasy VI (Japan) (Translated En).7z
snes	Fire Emblem : Seisen no Keifu (Japan)	95	3	snes	./roms/Japan/Fire Emblem - Seisen no Keifu (Japan).zip
snes	Mazinger Z (Japan)	95	1	snes	./roms/Japan/Mazinger Z (Japan).zip
snes	Oraga Land Shusai : Best Farmer Shuukakusai (Japan)	95	0	snes	./roms/Japan/Oraga Land Shusai - Best Farmer Shuukakusai (Japan).zip
snes	Puzzle'n Desu! (Japan)	95	0	snes	./roms/Japan/Puzzle'n Desu! (Japan).zip
snes	Super Puyo Puyo (Japan)	95	1	snes	./roms/Japan/Super Puyo Puyo (Japan).zip
snes	Tetris Battle Gaiden (Japan)	95	1	snes	./roms/Japan/Tetris Battle Gaiden (Japan).zip
snes	Wakuwaku Ski Wonder Spur (Japan)	95	1	snes	./roms/Japan/Wakuwaku Ski Wonder Spur (Japan).zip
snes	Donkey Kong Country 2 : Diddy's Kong Quest (Europe)	95	3	snes	./roms/Europe/Donkey Kong Country 2 - Diddy's Kong Quest (Europe).zip
snes	Kirby Super Star (USA)	95	3	snes	./roms/USA/Kirby Super Star (USA).zip
snes	Kirby's Fun Pak (Europe)	95	3	snes	./roms/Europe/Kirby's Fun Pak (Europe).zip
snes	Dragon Quest III : Soshite Densetsu e... (Japan)	95	2	snes	./roms/Japan/Dragon Quest III - Soshite Densetsu e... (Japan).zip
snes-msu	Dragon Quest 3 (Japan) (MSU1) [T-En] [n]	95	612	snes-msu	./roms/Dragon Quest III (Japan) (MSU1) [T-En] [n].zip
snes-msu	The Legend of Zelda : A Link to the Past (USA) (MSU1)	95	543	snes-msu	./roms/Legend of Zelda, The - A Link to the Past (USA) (MSU1).zip
snes-msu	The Legend of Zelda : A Link to the Past DX (USA) (MSU1)	95	1753	snes-msu	./roms/Legend of Zelda, The - A Link to the Past Deluxe (USA) (MSU1).zip
switch	Persona 5: Royal	95	27980	switch	./roms/Persona 5 Royal.xci
switch	Super Mario Odyssey	95	6111	switch	./roms/Super Mario Odyssey (World).xci
switch	The Legend of Zelda: Breath of the Wild	95	16863	switch	./roms/The Legend of Zelda Breath of the Wild.xci
switch	The Legend of Zelda : Tears of the Kingdom	95	17537	switch	./roms/TOTK.xci
switch	Undertale	95	181	switch	./roms/Undertale.nsp
wii	Angry Birds Trilogy (USA)	95	805	wii	./roms/Angry Birds Trilogy (USA).wbfs
wii	The Dog Island (USA)	95	656	wii	./roms/Dog Island, The (USA).wbfs
wii	Kirby's Dream Collection : Special Edition (USA)	95	1911	wii	./roms/Kirby's Dream Collection - Special Edition (USA).wbfs
wii	The Legend of Zelda : Twilight Princess (USA)	95	1158	wii	./roms/Legend of Zelda, The - Twilight Princess (USA).wbfs
wii	Manhunt 2 (USA)	95	3609	wii	./roms/Manhunt 2 (USA).wbfs
wii	Scooby-Doo! and the Spooky Swamp (USA)	95	1850	wii	./roms/Scooby-Doo! and the Spooky Swamp (USA).wbfs
wii	Super Mario Galaxy 2 (USA)	95	1388	wii	./roms/Super Mario Galaxy 2 (USA).wbfs
wii	Super Smash Bros. Brawl (USA)	95	4293	wii	./roms/Super Smash Bros. Brawl (USA).wbfs
wii	Data East Arcade Classics (USA)	95	1197	wii	./roms/Data East Arcade Classics (USA).wbfs
wiiu	Teslagrad	95	550	wiiu	./roms/Teslagrad (EU).wua
wiiware	Blaster Master Overdrive (USA)	95	37	wiiware	./roms/Blaster Master - Overdrive (USA).wad
wiiware	Eco-Shooter: Plant 530 (USA)	95	19	wiiware	./roms/Eco Shooter - Plant 530 (USA).wad
wiiware	Hydroventure (USA)	95	36	wiiware	./roms/Fluidity (USA).wad
wiiware	Enjoy Your Massage! (USA)	95	23	wiiware	./roms/Enjoy your Massage! (USA).wad
wonderswancolor	Neo Mystery Bonus : Real Casino Series (World) (En,Ja)	95	0	ngpc	./roms/Neo Mystery Bonus - Real Casino Series (World) (En,Ja).zip
xbox	Heroes Of The Pacific	95	1948	xbox	./roms/Heroes of the Pacific (USA).iso
xbox360	Red Dead Redemption (Disc 2)	95	7171	xbox360	./roms/Red Dead Redemption (Disc 2).iso
zxspectrum	Turbo Esprit (Europe)	95	0	zxspectrum	./roms/Turbo Esprit (Europe).zip
zxspectrum	Vulcan (Europe)	95	0	zxspectrum	./roms/Vulcan (Europe).zip
zxspectrum	Alien Syndrome (Europe)	95	0	zxspectrum	./roms/Alien Syndrome (Europe).zip
3do	BC Racers (USA, Europe)	90	166	3do	./roms/USA/BC Racers (USA, Europe).chd
3do	Pro Stadium (Japan)	90	111	3do	./roms/Japan/Pro Stadium (Japan).chd
3do	Virtual Horror: Norowarate Yakata (USA)	90	362	3do	./roms/USA/Escape from Monster Manor - A Terrifying Hunt for the Undead (USA).chd
3do	Panzer General (USA, Europe)	90	119	3do	./roms/USA/Panzer General (USA, Europe).chd
3do	Road Rash (USA)	90	503	3do	./roms/USA/Road Rash (USA).chd
3do	Wolfenstein 3d (USA)	90	58	3do	./roms/USA/Wolfenstein 3D (USA).chd
amiga500	Aladdin	90	2	amiga500	./roms/Aladdin.zip
amiga500	Apache	90	1	amiga500	./roms/Apache.zip
amiga500	Benefactor	90	2	amiga500	./roms/Benefactor.zip
amiga500	Cadaver	90	1	amiga500	./roms/Cadaver.zip
amiga500	Captain Fizz Meets the Blaster-Trons	90	0	amiga500	./roms/Captain Fizz Meets the Blaster-Trons.zip
amiga500	Gods	90	1	amiga500	./roms/Gods.zip
amiga500	James Bond : The Stealth Affair	90	2	amiga500	./roms/James Bond  The Stealth Affair.zip
amiga500	Jim Power in Mutant Planet	90	2	amiga500	./roms/Jim Power in Mutant Planet.zip
amiga500	Lemmings 2 : The Tribes	90	2	amiga500	./roms/Lemmings 2  The Tribes.zip
amiga500	Lotus Turbo Challenge 2	90	1	amiga500	./roms/Lotus Turbo Challenge 2.zip
amiga500	Mortville Manor [EU]	90	1	amiga500	./roms/Mortville Manor [EU].zip
amiga500	New York Warriors	90	1	amiga500	./roms/New York Warriors.zip
amiga500	North & South	90	1	amiga500	./roms/North & South.zip
amiga500	Oil Imperium	90	1	amiga500	./roms/Oil Imperium.zip
amiga500	Pang	90	1	amiga500	./roms/Pang.zip
amiga500	Paperboy	90	0	amiga500	./roms/Paperboy.zip
amiga500	Parasol Stars - Rainbow Islands 2	90	1	amiga500	./roms/Parasol Stars - Rainbow Islands 2.zip
amiga500	Pinball Dreams	90	1	amiga500	./roms/Pinball Dreams.zip
amiga500	Project-X	90	3	amiga500	./roms/Project-X.zip
amiga500	Projectyle	90	0	amiga500	./roms/Projectyle.zip
amiga500	Scooby-Doo and Scrappy-Doo	90	1	amiga500	./roms/Scooby-Doo and Scrappy-Doo.zip
amiga500	Superfrog	90	3	amiga500	./roms/Superfrog.zip
amiga500	The Colonel's Bequest	90	3	amiga500	./roms/The Colonel's Bequest.zip
amiga500	The Faery Tale Adventure	90	0	amiga500	./roms/The Faery Tale Adventure.zip
amiga500	Time Machine	90	0	amiga500	./roms/Time Machine.zip
amiga500	Turrican	90	1	amiga500	./roms/Turrican.zip
amiga500	TwinWorld : Land of Vision	90	1	amiga500	./roms/TwinWorld  Land of Vision.zip
amiga500	UFO : Enemy Unknown	90	3	amiga500	./roms/UFO  Enemy Unknown.zip
amiga500	Ugh!	90	0	amiga500	./roms/Ugh!.zip
amiga500	Virocop	90	2	amiga500	./roms/Virocop.zip
amiga500	Vroom	90	1	amiga500	./roms/Vroom.zip
amiga500	Warhead	90	0	amiga500	./roms/Warhead.zip
amiga500	Wicked	90	0	amiga500	./roms/Wicked.zip
amiga500	Xenomorph	90	1	amiga500	./roms/Xenomorph.zip
amiga500	Yogi's Great Escape	90	0	amiga500	./roms/Yogi's Great Escape.zip
amiga500	Zeewolf 2 - Wild Justice	90	0	amiga500	./roms/Zeewolf 2 - Wild Justice.zip
amiga500	4D Sports Driving	90	1	amiga500	./roms/4D Sports Driving.zip
amiga500	Blob	90	0	amiga500	./roms/Blob.zip
amiga500	Brian the Lion	90	2	amiga500	./roms/Brian the Lion.zip
amiga500	Colonization	90	2	amiga500	./roms/Colonization.zip
amiga500	Dragon Wars	90	1	amiga500	./roms/Dragon Wars.zip
amiga500	Epic	90	3	amiga500	./roms/Epic.zip
amstradcpc	Avenger (E)	90	0	amstradcpc	./roms/Avenger (E).zip
amstradcpc	Batman - The Movie (E)	90	0	amstradcpc	./roms/Batman (E).zip
amstradcpc	Chimera (E)	90	0	amstradcpc	./roms/Chimera (E).zip
amstradcpc	Crafton And Xunk (E)	90	0	amstradcpc	./roms/Get Dexter ! (E).zip
amstradcpc	Dan Dare 3 - The Escape (E)	90	0	amstradcpc	./roms/Dan Dare III - The Escape (E).zip
amstradcpc	Fighter Pilot (E,F,G)	90	0	amstradcpc	./roms/Fighter Pilot (E,F,G).zip
amstradcpc	Forest At World's End, The (E)	90	0	amstradcpc	./roms/Forest at Worlds End (E), The.zip
amstradcpc	Game Over (E)	90	0	amstradcpc	./roms/Game Over (E).zip
amstradcpc	Ghostbusters (E)	90	0	amstradcpc	./roms/Ghostbusters (E).zip
amstradcpc	Gunship (F)	90	0	amstradcpc	./roms/Gunship (F) - Disk 1A.zip
amstradcpc	Heroes Of Karn (E)	90	0	amstradcpc	./roms/Heroes of Karn (E).zip
amstradcpc	Highway Encounter (E)	90	0	amstradcpc	./roms/Highway Encounter (E).zip
amstradcpc	Hotshot (E)	90	0	amstradcpc	./roms/Hotshot (E).zip
amstradcpc	Manic Miner (E)	90	0	amstradcpc	./roms/Manic Miner (E).zip
amstradcpc	Megablasters (E)	90	0	amstradcpc	./roms/Megablasters (E) - Disk 0.zip
amstradcpc	Power Drift (E)	90	0	amstradcpc	./roms/Power Drift (E).zip
amstradcpc	Saboteur (E)	90	0	amstradcpc	./roms/Saboteur (E).zip
amstradcpc	Shinobi (E)	90	0	amstradcpc	./roms/Shinobi (E).zip
amstradcpc	Tai-Pan (E)	90	0	amstradcpc	./roms/Tai-Pan (E).zip
amstradcpc	Thing on a Spring (E)	90	0	amstradcpc	./roms/Thing on a Spring (E).zip
amstradcpc	Thrust (E)	90	0	amstradcpc	./roms/Thrust (E).zip
amstradcpc	Trailblazer (E)	90	0	amstradcpc	./roms/Trailblazer (E).zip
amstradcpc	Vindicators (E)	90	0	amstradcpc	./roms/Vindicators (E).zip
amstradcpc	WEC Le Mans (E)	90	0	amstradcpc	./roms/WEC le Mans (E).zip
amstradcpc	Who Dares Wins 2 (E)	90	0	amstradcpc	./roms/Who Dares Wins II (E).zip
amstradcpc	Zap't'Balls: The Advanced Edition (E)	90	0	amstradcpc	./roms/Zap 'T' Balls - The Advanced Edition (E) - Disk 1B.zip
atari2600	Beany Bopper (USA)	90	0	atari2600	./roms/Beany Bopper (USA).zip
atari2600	Berzerk (USA)	90	0	atari2600	./roms/Berzerk (USA).zip
atari2600	Lady Bug (USA) (Unl)	90	0	atari2600	./roms/Lady Bug (USA) (Unl).zip
atari2600	Demolition Herby (USA)	90	0	atari2600	./roms/Demolition Herby (USA).zip
atari2600	Pressure Cooker (USA)	90	0	atari2600	./roms/Pressure Cooker (USA).zip
atari2600	2005 MiniGame MultiCart (USA) (Unl)	90	0	atari2600	./roms/2005 Minigame Multicart (USA) (Unl).zip
atari5200	Gremlins (USA)	90	0	atari5200	./roms/Gremlins (USA).zip
atari5200	Moon Patrol (USA)	90	0	atari5200	./roms/Moon Patrol (USA).zip
atari5200	Star Trek : Strategic Operations Simulator (USA)	90	0	atari5200	./roms/Star Trek - Strategic Operations Simulator (USA).zip
atari5200	Zenji (USA)	90	0	atari5200	./roms/Zenji (USA).zip
atari5200	Wizard of Wor (USA)	90	0	atari5200	./roms/Wizard of Wor (USA).zip
atari7800	Joust (USA)	90	0	atari7800	./roms/Joust (USA).7z
atari7800	Robotron : 2084 (USA)	90	0	atari7800	./roms/Robotron - 2084 (USA).7z
atari800	Chimera	90	0	atari800	./roms/Chimera.atr
c64	Bomberland (Europe) (Unl)	90	0	c64	./roms/Bomberland (Europe) (Unl).zip
c64	Bruce Lee (USA)	90	0	c64	./roms/Bruce Lee (USA).zip
c64	Championship 3D Snooker (Europe)	90	0	c64	./roms/Championship 3D Snooker (Europe).zip
c64	Count Duckula in No Sax Please : We're Egyptian (Europe)	90	0	c64	./roms/Count Duckula - No Sax Please, We're Egyptian (Europe).zip
c64	Dropzone (Europe)	90	0	c64	./roms/Dropzone (Europe).zip
c64	FireTrap (Europe)	90	0	c64	./roms/FireTrap (Europe).zip
c64	Grand Prix Circuit (USA)	90	0	c64	./roms/Grand Prix Circuit (USA).zip
c64	Henry's House (Europe)	90	0	c64	./roms/Henry's House (Europe).zip
c64	Impossible Mission II (USA)	90	0	c64	./roms/Impossible Mission II (USA).zip
c64	Koronis Rift (USA)	90	0	c64	./roms/Koronis Rift (USA).zip
c64	The Lurking Horror (USA)	90	0	c64	./roms/Lurking Horror, The (USA).zip
c64	Master of the Lamps (USA)	90	0	c64	./roms/Master of the Lamps (USA).zip
c64	Match Day II (Europe)	90	0	c64	./roms/Match Day II (Europe).zip
c64	Keith Von Eron's Pro Soccer (USA)	90	0	c64	./roms/Microprose Soccer (USA).zip
c64	Mikie (Europe)	90	0	c64	./roms/Mikie (Europe).zip
c64	Night Shift (Europe)	90	0	c64	./roms/Night Shift (Europe).zip
c64	Pyjamarama (Europe)	90	0	c64	./roms/Pyjamarama! (Europe).zip
c64	Ramparts (Europe)	90	0	c64	./roms/Ramparts (Europe).zip
c64	Rolling Thunder (Europe)	90	0	c64	./roms/Rolling Thunder (Europe).zip
c64	Silicon Dreams (Europe)	90	0	c64	./roms/Silicon Dreams (Europe).zip
c64	Starquake (Europe)	90	0	c64	./roms/Starquake (Europe).zip
c64	Stormlord (Europe)	90	0	c64	./roms/Stormlord (Europe).zip
c64	Super Robin Hood (Europe)	90	0	c64	./roms/Super Robin Hood (Europe).zip
c64	Time Machine (USA)	90	0	c64	./roms/Time Machine (USA).zip
c64	Who Dares Wins II (Europe)	90	0	c64	./roms/Who Dares Wins II (Europe).zip
c64	Winter Camp (Europe)	90	0	c64	./roms/Winter Camp (Europe).zip
c64	WWF Wrestlemania Challenge (Europe)	90	0	c64	./roms/WWF WrestleMania (Europe).zip
c64	Yogi's Great Escape (Europe)	90	0	c64	./roms/Yogi's Great Escape (Europe).zip
c64	Zeta-7 (Europe)	90	0	c64	./roms/Zeta-7 (Europe).zip
c64	Zolyx (Europe)	90	0	c64	./roms/Zolyx (Europe).zip
colecovision	The Heist (USA)	90	0	colecovision	./roms/Heist, The (USA).zip
colecovision	Mouse Trap (USA, Europe)	90	0	colecovision	./roms/Mousetrap (USA, Europe).zip
colecovision	Galaxian (USA)	90	0	colecovision	./roms/Galaxian (USA).zip
dc	Shenmue II (Europe) (Disc 4)	90	677	dreamcast	./roms/Shenmue II (Europe) (Disc 4).gdi
dc	Soldier of Fortune (USA)	90	904	dreamcast	./roms/Soldier of Fortune (USA).chd
dc	Sonic Adventure (Japan)	90	1086	dreamcast	./roms/Sonic Adventure International (Japan).chd
dc	Tennis 2K2 (USA)	90	277	dreamcast	./roms/Tennis 2K2 (USA).chd
dc	Test Drive Le Mans (USA)	90	320	dreamcast	./roms/Test Drive Le Mans (USA).chd
dc	Virtua Tennis (USA)	90	198	dreamcast	./roms/Virtua Tennis (USA).chd
dc	Border Down (Japan)	90	403	dreamcast	./roms/Border Down (Japan).chd
dc	Dance Dance Revolution Club Version Dreamcast Edition (Japan)	90	1020	dreamcast	./roms/Dance Dance Revolution Club Mix (Japan).chd
dc	F1 World Grand Prix II for Dreamcast (Europe)	90	633	dreamcast	./roms/F1 World Grand Prix II (Europe).chd
dc	Giant Gram 2000 : Zen Nihon Pro Wres 3 Eikou no Yuushatachi (Japan)	90	575	dreamcast	./roms/Giant Gram 2000 - All-Japan Pro Wrestling 3 (Japan).chd
dc	Hidden & Dangerous (USA)	90	470	dreamcast	./roms/Hidden & Dangerous (USA).chd
dc	Phantasy Star Online Ver. 2 (USA)	90	785	dreamcast	./roms/Phantasy Star Online Ver. 2 (USA).chd
dc	Samba de Amigo (USA)	90	1150	dreamcast	./roms/Samba de Amigo (USA).chd
dc	Skies of Arcadia (USA) (Disc 1)	90	762	dreamcast	./roms/Skies of Arcadia (USA) (Disc 1).chd
dc	Jet Set Radio (Europe)	90	665	dreamcast	./roms/Jet Set Radio (Europe).chd
dc	Metropolis Street Racer (USA)	90	654	dreamcast	./roms/Metropolis Street Racer (USA).chd
dc	Jet Grind Radio (USA)	90	819	dreamcast	./roms/Jet Grind Radio (USA).chd
dc	Omikron : The Nomad Soul (USA)	90	884	dreamcast	./roms/Omikron - The Nomad Soul (USA).chd
dc	Ooga Booga (USA)	90	119	dreamcast	./roms/Ooga Booga (USA).chd
dc	Power Stone (USA)	90	161	dreamcast	./roms/Power Stone (USA).chd
dc	Quake III Arena (USA)	90	693	dreamcast	./roms/Quake III Arena (USA).chd
dc	Sturmwind (World) (Unl)	90	817	dreamcast	./roms/Sturmwind (World) (Unl).cdi
famicom	Famicom Wars (Japan) (Translated En)	90	0	famicom	./roms/Famicom Wars (Japan) (Translated En).zip
famicom	Just Breed (Japan) (Translated En)	90	0	famicom	./roms/Just Breed (Japan) (Translated En).zip
famicom	Kunio-kun no Nekketsu Soccer League (Japan) (Translated En)	90	0	famicom	./roms/Kunio-kun no Nekketsu Soccer League (Japan) (Translated En).zip
famicom	Spelunker II : Yuusha e no Chousen (Japan) (Translated En)	90	0	famicom	./roms/Spelunker II - Yuusha e no Chousen (Japan) (Translated En).zip
famicom	Super Mario Bros. (25 Anniversary Edition) (Japan)	90	0	famicom	./roms/Super Mario Bros (25 Anniversary Edition) (Japan).zip
famicom	Sweet Home (Japan) (Translated En)	90	0	famicom	./roms/Sweet Home (Japan) (Translated En).zip
famicom	Akumajou Densetsu (Japan) (Translated En)	90	0	famicom	./roms/Akumajou Densetsu (Japan) (Translated En).zip
famicom	Gun Nac (Japan) (Translated En)	90	0	famicom	./roms/Gun Nac (Japan) (Translated En).zip
famicom	Hebereke (Japan) (Translated En)	90	0	famicom	./roms/Hebereke (Japan) (Translated En).zip
gamegear	Urban Strike (USA, Europe)	90	0	gamegear	./roms/Urban Strike (USA, Europe).zip
gb	Pokémon Yellow Special Pikachu Edition (USA, Europe) (GBC,SGB Enhanced)	90	1	gb	./roms/Pokemon - Yellow Version - Special Pikachu Edition (USA, Europe) (GBC,SGB Enhanced).zip
gb	Super Mario Land 2 : 6 Golden Coins (USA, Europe)	90	0	gb	./roms/Super Mario Land 2 - 6 Golden Coins (USA, Europe).zip
gb	Wario Land : Super Mario Land 3 (World)	90	0	gb	./roms/Wario Land - Super Mario Land 3 (World).zip
gb	Yogi Bear in Yogi Bear's Goldrush (USA)	90	0	gb	./roms/Yogi Bear in Yogi Bear's Goldrush (USA).zip
gba	Classic NES Series - Dr. Mario (USA, Europe)	90	4	gba	./roms/Classic NES Series - Dr. Mario (USA, Europe).zip
gba	Classic NES Series - The Legend of Zelda (USA, Europe)	90	4	gba	./roms/Classic NES Series - Legend of Zelda (USA, Europe).zip
gba	Classic NES Series : Metroid (USA, Europe)	90	4	gba	./roms/Classic NES Series - Metroid (USA, Europe).zip
gba	Dogz : Fashion (USA)	90	3	gba	./roms/Dogz - Fashion (USA).zip
gba	Extreme Ghostbusters (USA)	90	2	gba	./roms/Extreme Ghostbusters - Code Ecto-1 (USA).zip
gba	Hamtaro : Rainbow Rescue (Europe)	90	7	gba	./roms/Hamtaro - Rainbow Rescue (Europe).zip
gba	Mario Tennis: Power Tour (USA, Australia)	90	12	gba	./roms/Mario Tennis - Power Tour (USA, Australia).zip
gba	Pinball Challenge Deluxe (Europe)	90	2	gba	./roms/Pinball Challenge Deluxe (Europe).zip
gba	Puyo Pop Fever (Europe)	90	5	gba	./roms/Puyo Pop Fever (Europe).zip
gba	Samurai Jack : The Amulet of Time (USA, Europe)	90	3	gba	./roms/Samurai Jack - The Amulet of Time (USA, Europe).zip
gba	Shaman King : Master of Spirits 2 (USA)	90	6	gba	./roms/Shaman King - Master of Spirits 2 (USA).zip
gbah	Fire Emblem : The Sacred Stones (X)	90	12	gbah	./roms/Fire Emblem 7 - Sacred Contention (X).zip
gbah	Miteluode : Lingdian Renwu (X)	90	5	gbah	./roms/Metroid - ZM Disturbance (X).zip
gbah	Advance Wars 2 : Black Hole Rising (X)	90	4	gbah	./roms/Advance Wars_2 - War Room C (X).zip
gbah	Final Fantasy VI Advance (X)	90	10	gbah	./roms/Final Fantasy VI Advance (X).zip
gbc	Le Mans 24 Hours (Europe) (En,Fr,De,Es,It)	90	1	gbc	./roms/Le Mans 24 Hours (Europe) (En,Fr,De,Es,It).zip
gbc	Mario Tennis GB (USA)	90	1	gbc	./roms/Mario Tennis (USA).zip
gbc	Mickey's Racing Adventure (USA)	90	1	gbc	./roms/Mickey's Racing Adventure (USA).zip
gbc	Deja Vu I & II: The Casebooks of Ace Harding (USA)	90	0	gbc	./roms/Deja Vu I & II - The Casebooks of Ace Harding (USA).zip
genesish	Contra : Hard Corps (Enhanced Edition)	90	1	genesish	./roms/Contra - Hard Corps (Enhanced Edition).zip
genesish	Pana Der Hejhog	90	1	genesish	./roms/Pana Der Hejhog.zip
genesish	Probotector (X)	90	1	genesish	./roms/Probotector (X).zip
genesish	Shinobi III : Return of the Ninja Master (Enhanced Edition)	90	1	genesish	./roms/Shinobi III - Return of the Ninja Master (Enhanced Edition).zip
genesish	Super Street Fighter II	90	3	genesish	./roms/Super Street Fighter II - Enhanced Colors.zip
gx4000	Switchblade (Europe)	90	0	gx4000	./roms/Switchblade (Europe).7z
intellivision	Snafu (World)	90	0	intellivision	./roms/Snafu (World).zip
intellivision	Microsurgeon (World)	90	0	intellivision	./roms/Microsurgeon (World).zip
jaguar	Attack of the Mutant Penguins (World)	90	2	jaguar	./roms/Attack of the Mutant Penguins (World).zip
jaguar	Rayman (World)	90	3	jaguar	./roms/Rayman (World).zip
jaguar	Defender 2000 (World)	90	3	jaguar	./roms/Defender 2000 (World).zip
lynx	Gauntlet : The Third Encounter (USA, Europe)	90	0	lynx	./roms/Gauntlet - The Third Encounter (USA, Europe).zip
lynx	Joust (USA, Europe)	90	0	lynx	./roms/Joust (USA, Europe).zip
lynx	Kung Food (USA, Europe)	90	0	lynx	./roms/Kung Food (USA, Europe).zip
lynx	Pinball Jam (USA, Europe)	90	0	lynx	./roms/Pinball Jam (USA, Europe).zip
lynx	Roadblasters (USA, Europe)	90	0	lynx	./roms/RoadBlasters (USA, Europe).zip
lynx	Zarlor Mercenary (USA, Europe)	90	0	lynx	./roms/Zarlor Mercenary (USA, Europe).zip
mastersystem	Ultima IV : Quest of the Avatar (Europe)	90	0	mastersystem	./roms/Ultima IV - Quest of the Avatar (Europe).zip
mastersystem	Desert Strike (Europe)	90	0	mastersystem	./roms/Desert Strike (Europe).zip
mastersystem	Fantasy Zone II (USA, Europe)	90	0	mastersystem	./roms/Fantasy Zone II - The Tears of Opa-Opa (USA, Europe).zip
megadrive	Aladdin (Japan)	90	1	megadrive	./roms/Japan/Aladdin (Japan).zip
megadrive	Gynoug (Japan)	90	0	megadrive	./roms/Japan/Gynoug (Japan).zip
megadrive	Lightening Force : Quest for the Darkstar (USA)	90	1	genesis	./roms/Lightening Force - Quest for the Darkstar (USA).zip
megadrive	S.S. Lucifer : Man Overboard (Europe)	90	0	megadrive	./roms/Europe/Man Overboard! (Europe).7z
megadrive	Mortal Kombat III (Europe)	90	3	megadrive	./roms/Europe/Mortal Kombat 3 (Europe).7z
megadrive	Panorama Cotton (Japan)	90	1	megadrive	./roms/Japan/Panorama Cotton (Japan).zip
megadrive	Super Street Fighter II (USA)	90	3	genesis	./roms/Super Street Fighter II - The New Challengers (USA).zip
megadrive	The Disney Collection : QuackShot + Castle of Illu (Europe)	90	1	megadrive	./roms/Europe/Disney Collection, The (Europe).7z
megadrive	Landstalker : The Treasures of King Nole (Europe)	90	2	megadrive	./roms/Europe/Landstalker   The Treasures of King Nole (Europe).7z
megadrive	Mazin Wars (Europe)	90	1	megadrive	./roms/Europe/Mazin Wars (Europe).zip
megadrive	Mega Games 6 Vol. 3 (Europe)	90	1	megadrive	./roms/Europe/Mega Games 6 Vol. 3 (Europe).7z
megadrive	Probotector (Europe)	90	1	megadrive	./roms/Europe/Probotector (Europe).zip
megadrive	Super Real Basketball (Japan, Korea)	90	0	megadrive	./roms/Japan/Super Real Basketball (Japan, Korea).zip
megadrive	Garou Densetsu 2 : Aratanaru Tatakai (Japan)	90	2	megadrive	./roms/Japan/Garou Densetsu 2 - Aratanaru Tatakai (Japan).zip
megadrive	Landstalker : Koutei no Zaihou (Japan)	90	1	megadrive	./roms/Japan/Landstalker - Koutei no Zaihou (Japan).zip
megadrive	Mazin Saga (Japan, Korea)	90	1	megadrive	./roms/Japan/Mazin Saga (Japan, Korea).zip
megadrive	Musha Aleste : Full Metal Fighter Ellinor (Japan)	90	0	megadrive	./roms/Japan/Musha Aleste - Full Metal Fighter Ellinor (Japan).zip
megadrive	Nobunaga no Yabou : Zenkoku Ban (Japan)	90	0	megadrive	./roms/Japan/Nobunaga no Yabou - Zenkoku Ban (Japan).zip
megadrive	Street Fighter II' Plus : Champion Edition (Asia)	90	2	megadrive	./roms/Japan/Street Fighter II' Plus - Champion Edition (Asia).zip
megadrive	The Super Shinobi II (Japan, Korea)	90	1	megadrive	./roms/Japan/Super Shinobi II, The (Japan, Korea).zip
megadrive	Wardner no Mori Special (Japan)	90	0	megadrive	./roms/Japan/Wardner no Mori Special (Japan).zip
megadrive	Castlevania : The New Generation (Europe)	90	1	megadrive	./roms/Europe/Castlevania   The New Generation (Europe).zip
megadrive	EA Sports Double Header (Europe)	90	0	megadrive	./roms/Europe/EA Sports Double Header (Europe).7z
megadrive	Contra : The Hard Corps (Japan)	90	1	megadrive	./roms/Japan/Contra - The Hard Corps (Japan).zip
megadrive	Akumajou Dracula - Vampire Killer (Japan)	90	1	megadrive	./roms/Japan/Vampire Killer (Japan).zip
megadrive	Aero Blasters (Japan)	90	0	megadrive	./roms/Japan/Aero Blasters (Japan).zip
megadriveh	Castlevania : Bloodlines (Enhanced Colors)	90	1	megadriveh	./roms/Castlevania - Bloodlines (Enhanced Colors).md
megadriveh	Contra : Hard Corps (Enhanced Editon)	90	2	megadriveh	./roms/Contra - Hard Corps (Enhanced Editon).md
megadriveh	Kirby In Sonic The Hedgehog	90	1	megadriveh	./roms/Kirby in Sonic the Hedgehog.md
megadriveh	Pana Der Hejhog	90	1	megadriveh	./roms/Pana Der Hejhog.md
megadriveh	Street Fighter II' : Special Champion Edition (Enhanced Colors and Sound)	90	3	megadriveh	./roms/Street Fighter II' - Special Champion Edition (Enhanced Colors and Sound).md
msx1	Gradius 2 (Japan, Europe) (Beta)	90	0	msx1	./roms/Nemesis 2 (Japan, Europe) (Beta).zip
msx1	Gofer no Yabou Episode II (Japan, Europe) (Alt 2)	90	0	msx1	./roms/Nemesis 3 - The Eve of Destruction (Japan, Europe) (Alt 2).zip
msx1	Majou Densetsu (Japan)	90	0	msx1	./roms/Knightmare - Majou Densetsu (Japan).zip
msx1	The Light Corridor (Europe)	90	0	msx1	./roms/Light Corridor, The (Europe).zip
msx1	Yumetairiku Adventure (Japan, Europe)	90	0	msx1	./roms/Penguin Adventure (Japan, Europe).zip
msx1	Penguin Kun Wars (Japan)	90	0	msx1	./roms/Penguin-kun Wars (Japan).zip
msx1	Space Manbow (Japan)	90	0	msx1	./roms/Space Manbow (Japan).zip
msx1	Yie Ar Kung-Fu (Japan) (Alt 1)	90	0	msx1	./roms/Yie Ar Kung-Fu (Japan) (Alt 1).zip
msx1	Castle Excellent	90	0	msx1	./roms/Castle Excellent (Japan).zip
msx2	Kontora (Japan)	90	0	msx2	./roms/Contra (Japan).zip
msx2	Space Manbow (Japan)	90	0	msx2	./roms/Space Manbow (Japan).zip
msx2+	Space Manbow (Japan)	90	0	msx2+	./roms/Space Manbow (Japan).zip
msx2+	Xak : The Tower of Gazzel (Japan) (Disc 1 of 4)	90	0	msx2+	./roms/Xak III - The Tower of Gazzel (Japan)(Disc 1 of 4).zip
n64	Donald Duck : Qu@k Att@ck?*! (Europe) (En,Fr,De,Es,It)	90	12	n64	./roms/Europe/Donald Duck - Quack Attack (Europe) (En,Fr,De,Es,It).zip
n64	FIFA: Road to World Cup 98 (USA) (En,Fr,De,Es,It,Nl,Sv)	90	10	n64	./roms/USA/FIFA - Road to World Cup 98 (USA) (En,Fr,De,Es,It,Nl,Sv).zip
n64	Hexen (USA)	90	8	n64	./roms/USA/Hexen (USA).zip
n64	The Legend of Zelda : Ocarina of Time Master Quest (Europe) (GameCube Edition)	90	27	n64	./roms/Europe/Legend of Zelda, The - Ocarina of Time - Master Quest (Europe) (GameCube Edition).zip
n64	Rayman 2 : The Great Escape (USA) (En,Fr,De,Es,It)	90	19	n64	./roms/USA/Rayman 2 - The Great Escape (USA) (En,Fr,De,Es,It).zip
n64	Resident Evil 2 (USA) (Rev A)	90	65	n64	./roms/USA/Resident Evil 2 (USA) (Rev A).zip
n64	Space Station Silicon Valley (USA)	90	6	n64	./roms/USA/SpaceStation Silicon Valley (USA).zip
n64	Tarzan (USA)	90	15	n64	./roms/USA/Tarzan (USA).zip
n64	Top Gear Hyper-Bike (USA)	90	16	n64	./roms/USA/Top Gear Hyper-Bike (USA).zip
n64	Top Gear Overdrive (USA)	90	12	n64	./roms/USA/Top Gear Overdrive (USA).zip
n64	Donald Duck : Goin' Qu@ckers*! (USA) (En,Fr,De,Es,It)	90	12	n64	./roms/USA/Donald Duck - Goin' Quackers (USA) (En,Fr,De,Es,It).zip
n64	F-1 World Grand Prix (Europe)	90	9	n64	./roms/Europe/F-1 World Grand Prix (Europe).zip
n64	Spider-Man (USA)	90	29	n64	./roms/USA/Spider-Man (USA).zip
nds	999 : Nine Hours Nine Persons Nine Doors (USA)	90	110	nds	./roms/Nine Hours, Nine Persons, Nine Doors (USA).7z
nds	Bejeweled Twist (USA)	90	29	nds	./roms/Bejeweled Twist (USA).zip
nds	Big Bang Mini (USA)	90	7	nds	./roms/Big Bang Mini (USA).7z
nds	Brothers In Arms Ds (USA)	90	14	nds	./roms/Brothers in Arms DS (USA).7z
nds	Bleach - Dark Souls (USA)	90	87	nds	./roms/Bleach - Dark Souls (USA).7z
nds	Diddl Puzzle - Echter Puzzlespass fuer Unterwegs (Europe)	90	4	nds	./roms/Diddl Puzzle - Echter Puzzlespass fuer Unterwegs (Europe).zip
nds	Digimon World - Dusk (USA)	90	19	nds	./roms/Digimon World - Dusk (USA).7z
nds	Disney Friends (USA)	90	31	nds	./roms/Disney Friends (USA).7z
nds	Dragon Quest V: Hand of the Heavenly Bride (USA)	90	55	nds	./roms/Dragon Quest V - Hand of the Heavenly Bride (USA).7z
nds	Konchuu Wars (USA)	90	32	nds	./roms/Drone Tactics (USA).7z
nds	Gyakuten Kenji 2 (Japan) (Translated En)	90	36	nds	./roms/Gyakuten Kenji 2 (Japan) (Translated En).zip
nds	Inazuma Eleven 2 - Blizzard (Europe)	90	179	nds	./roms/Inazuma Eleven 2 - Blizzard (Europe).7z
nds	Inazuma Eleven 2 - Firestorm (Europe)	90	179	nds	./roms/Inazuma Eleven 2 - Firestorm (Europe).7z
nds	Indianapolis 500 Legends (USA)	90	50	nds	./roms/Indianapolis 500 Legends (USA).7z
nds	Daigasso! Band Brothers DX (Europe)	90	63	nds	./roms/Jam with the Band (Europe).zip
nds	The Legendary Starfy (USA)	90	37	nds	./roms/Legendary Starfy, The (USA).7z
nds	Lux-Pain (USA)	90	63	nds	./roms/Lux-Pain (USA).7z
nds	M&M's : Kart Racing (USA)	90	7	nds	./roms/M&M's - Kart Racing (USA).7z
nds	Maestro! Jump In Music (Europe)	90	11	nds	./roms/Maestro! - Jump in Music (Europe).7z
nds	Pang : Magical Michael (Europe)	90	10	nds	./roms/Magical Michael Pang (Europe).7z
nds	Martin Mystère : L'Attaque des Monstres (Europe)	90	15	nds	./roms/Martin Mystery (Europe).7z
nds	Mega Man Star Force 2 - Zerker x Ninja (USA)	90	14	nds	./roms/Mega Man Star Force 2 - Zerker x Ninja (USA).7z
nds	Mega Man ZX (USA)	90	30	nds	./roms/Mega Man ZX (USA).7z
nds	Might & Magic - Clash of Heroes (USA)	90	18	nds	./roms/Might & Magic - Clash of Heroes (USA).7z
nds	Music Monstars - The Ultimate Music Machine (Europe)	90	7	nds	./roms/Music Monstars - The Ultimate Music Machine (Europe).7z
nds	Orcs & Elves (USA)	90	9	nds	./roms/Orcs & Elves (USA).7z
nds	Phoenix Wright - Ace Attorney (USA)	90	34	nds	./roms/Phoenix Wright - Ace Attorney (USA).7z
nds	Panel De Pon DS (USA)	90	13	nds	./roms/Planet Puzzle League (USA).7z
nds	Pokémon HeartGold Version (USA)	90	61	nds	./roms/Pokemon - HeartGold Version (USA).zip
nds	Pokémon SoulSilver Version (USA)	90	61	nds	./roms/Pokemon - SoulSilver Version (USA).zip
nds	Prism : Light the Way (USA)	90	2	nds	./roms/Prism - Light the Way (USA).7z
nds	Radiant Historia (USA)	90	55	nds	./roms/Radiant Historia (USA).zip
nds	Rune Factory 2 - A Fantasy Harvest Moon (USA)	90	58	nds	./roms/Rune Factory 2 - A Fantasy Harvest Moon (USA).7z
nds	Secret Files : Tunguska (USA)	90	52	nds	./roms/Secret Files - Tunguska (USA).zip
nds	SEGA Casino (USA)	90	3	nds	./roms/Sega Casino (USA).7z
nds	Shamu's Deep Sea Adventures (USA)	90	5	nds	./roms/Shamu's Deep Sea Adventures (USA).7z
nds	Shin Megami Tensei - Devil Survivor (USA)	90	48	nds	./roms/Shin Megami Tensei - Devil Survivor (USA).7z
nds	Shin Megami Tensei - Devil Survivor 2 (USA)	90	110	nds	./roms/Shin Megami Tensei - Devil Survivor 2 (USA).zip
nds	Sonic Rush Adventure (USA)	90	29	nds	./roms/Sonic Rush Adventure (USA).7z
nds	Super Robot Wars OG Saga : Endless Frontier (USA)	90	78	nds	./roms/Super Robot Taisen OG Saga - Endless Frontier (USA).7z
nds	Otona no DS Golf (USA)	90	22	nds	./roms/True Swing Golf (USA).7z
nds	Virtual Villagers - A New Home (USA)	90	10	nds	./roms/Virtual Villagers - A New Home (USA).zip
nds	Zoo Keeper (USA)	90	2	nds	./roms/Zoo Keeper (USA).7z
nes	Baseball Stars II (USA)	90	0	nes	./roms/Baseball Stars II (USA).zip
nes	Hammerin' Harry (Europe)	90	0	nes	./roms/Hammerin' Harry (Europe).zip
nes	Super Turrican (Europe)	90	0	nes	./roms/Super Turrican (Europe).zip
nes	Radia Senki : Reimei Hen (USA) (Proto)	90	0	nes	./roms/Tower of Radia (USA) (Proto).zip
nesh	Super Mario Bros. 2	90	0	nesh	./roms/Blob Bros 2 (X).zip
nesh	Castlevania III : Dracula's Curse	90	0	nesh	./roms/Castlevania III - Resurrection (X).zip
nesh	Contra	90	0	nesh	./roms/Contra - Super Contra II (X).zip
nesh	Super Mario Bros.	90	0	nesh	./roms/Super Mario Bros 3 - PnD TUQ (X).zip
nesh	The Legend of Zelda	90	0	nesh	./roms/Zelda II - The Adventure of Link MQ (X.zip
ngc	Mega Man X Collection (USA)	90	702	gamecube	./roms/Mega Man X Collection (USA).rvz
ngc	Naruto: Gekitou Ninja Taisen! 4 (Japan)	90	1044	gamecube	./roms/Naruto - Gekitou Ninja Taisen! 4 (Japan).rvz
ngc	Nba Live 2005 (USA)	90	1015	gamecube	./roms/NBA Live 2005 (USA).rvz
ngc	Ncaa Football 2004 (USA)	90	1161	gamecube	./roms/NCAA Football 2004 (USA).rvz
ngc	Pool Paradise (USA)	90	215	gamecube	./roms/Pool Paradise (USA).rvz
ngc	Rayman 3 : Hoodlum Havoc (USA)	90	1156	gamecube	./roms/Rayman 3 - Hoodlum Havoc (USA).rvz
ngc	Smuggler's Run: Warzones (USA)	90	1240	gamecube	./roms/Smuggler's Run - Warzones (USA).rvz
ngc	Sonic Adventure 2 (USA)	90	1172	gamecube	./roms/Sonic Adventure 2 - Battle (USA).rvz
ngc	Splinter Cell Chaos Theory (USA) (Disc 2)	90	1034	gamecube	./roms/Tom Clancy's Splinter Cell - Chaos Theory (USA) (Disc 2).rvz
ngc	Splinter Cell (USA)	90	1115	gamecube	./roms/Tom Clancy's Splinter Cell (USA).rvz
ngc	Bleach : Tasogare Ni Mamieru Shinigami (Japan)	90	798	gamecube	./roms/Bleach GC - Tasogare Ni Mamieru Shinigami (Japan).rvz
ngc	FIFA Soccer 2005 (USA)	90	902	gamecube	./roms/FIFA Soccer 2005 (USA).rvz
ngc	Madden NFL 2002 (USA)	90	535	gamecube	./roms/Madden NFL 2002 (USA).rvz
ngc	Metroid Prime 2 : Dark Echoes (USA)	90	1303	gamecube	./roms/Metroid Prime 2 - Echoes (USA).rvz
ngc	Mortal Kombat: Deception (USA)	90	1068	gamecube	./roms/Mortal Kombat - Deception (USA).rvz
ngc	NASCAR Thunder 2005 : Chase for the Cup (USA)	90	798	gamecube	./roms/NASCAR 2005 - Chase for the Cup (USA).rvz
ngc	Prince of Persia: The Two Thrones (USA)	90	968	gamecube	./roms/Prince of Persia - The Two Thrones (USA).rvz
ngc	RedCard 20-30 (USA)	90	1148	gamecube	./roms/RedCard 2003 (USA).rvz
ngc	Sonic Gems Collection (USA)	90	1177	gamecube	./roms/Sonic Gems Collection (USA).rvz
ngc	Conflict : Desert Storm (USA)	90	938	gamecube	./roms/Conflict - Desert Storm (USA).rvz
ngc	Def Jam: Fight For NY (USA)	90	1064	gamecube	./roms/Def Jam - Fight for NY (USA).rvz
ngc	ATV Quad Power Racing 2 (USA)	90	446	gamecube	./roms/ATV - Quad Power Racing 2 (USA).rvz
pcengine	Wai Wai Mahjong : Yukai na Janyuu-tachi (Japan)	90	0	pcengine	./roms/Wai Wai Mahjong - Yukaina Janyuu Tachi (Japan).zip
pcengine	Adventure Island (Japan)	90	0	pcengine	./roms/Adventure Island (Japan).zip
pcenginecd	Akumajou Dracula X - Chi no Rondo (Japan)	90	296	pcenginecd	./roms/Akumajou Dracula X - Chi no Rondo (Japan).chd
pcenginecd	Gain Ground Sx (Japan)	90	227	pcenginecd	./roms/Gain Ground SX (Japan).chd
pcenginecd	Strider Hiryuu (Japan)	90	400	pcenginecd	./roms/Strider Hiryuu (Japan).chd
ps2	Fight Night 2004 (USA)	90	857	ps2	./roms/USA/Fight Night 2004 (USA).chd
ps2	Fight Night Round 2 (USA)	90	1549	ps2	./roms/USA/Fight Night Round 2 (USA).chd
ps2	Freestyle Metal X (USA)	90	2382	ps2	./roms/USA/Freestyle Metal X (USA).chd
ps2	Gradius V (USA)	90	319	ps2	./roms/USA/Gradius V (USA).chd
ps2	Grand Theft Auto : Vice City (USA)	90	2203	ps2	./roms/USA/Grand Theft Auto - Vice City (USA).chd
ps2	NASCAR 07 (USA)	90	2203	ps2	./roms/USA/NASCAR 07 (USA).chd
ps2	NBA Live 2005 (USA)	90	2164	ps2	./roms/USA/NBA Live 2005 (USA).chd
ps2	Need for Speed : Most Wanted (USA)	90	3025	ps2	./roms/USA/Need for Speed - Most Wanted - Black Edition (USA).chd
ps2	Need for Speed : Underground 2 (USA)	90	1582	ps2	./roms/USA/Need for Speed - Underground 2 (USA).chd
ps2	Prince of Persia : The Sands of Time (USA)	90	2034	ps2	./roms/USA/Prince of Persia - The Sands of Time (USA).chd
ps2	S.L.A.I. : Steel Lancer Arena International (USA)	90	1600	ps2	./roms/USA/S.L.A.I. - Steel Lancer Arena International (USA).chd
ps2	Soulcalibur III (USA)	90	2080	ps2	./roms/USA/Soulcalibur III (USA).chd
ps2	Sphinx and the Cursed Mummy (USA)	90	867	ps2	./roms/USA/Sphinx and the Cursed Mummy (USA).chd
ps2	SpyHunter 2 (USA)	90	1463	ps2	./roms/USA/Spy Hunter 2 (USA).chd
ps2	Thrillville (USA)	90	1895	ps2	./roms/USA/Thrillville (USA).chd
ps2	Tiger Woods PGA Tour 2005 (USA)	90	2573	ps2	./roms/USA/Tiger Woods PGA Tour 2005 (USA).chd
ps2	TOCA Race Driver 3 : The Ultimate Racing Simulator (USA)	90	2588	ps2	./roms/USA/TOCA Race Driver 3 (USA).chd
ps2	Tony Hawk's Pro Skater 4 (USA)	90	2938	ps2	./roms/USA/Tony Hawk's Pro Skater 4 (USA).chd
ps2	Tony Hawk's Underground (USA)	90	3700	ps2	./roms/USA/Tony Hawk's Underground (USA).chd
ps2	The Warriors (USA)	90	2839	ps2	./roms/USA/Warriors, The (USA).chd
ps2	Baldur's Gate : Dark Alliance II (USA)	90	2175	ps2	./roms/USA/Baldur's Gate - Dark Alliance II (USA).chd
ps2	Beyond Good & Evil (USA)	90	1643	ps2	./roms/USA/Beyond Good & Evil (USA).chd
ps2	Blitz : The League (USA)	90	1370	ps2	./roms/USA/Blitz - The League (USA).chd
ps2	Burnout 3 : Takedown (USA)	90	1919	ps2	./roms/USA/Burnout 3 - Takedown (USA).chd
ps2	Chessmaster (USA)	90	3008	ps2	./roms/USA/Chessmaster (USA).chd
ps2	Conflict: Global Terror (USA)	90	1758	ps2	./roms/USA/Conflict - Global Terror (USA).chd
ps2	Devil May Cry (USA)	90	2161	ps2	./roms/USA/Devil May Cry (USA).chd
ps2	Dynasty Warriors 5 (USA)	90	3174	ps2	./roms/USA/Dynasty Warriors 5 (USA).chd
ps2	Fatal Frame II : Crimson Butterfly (USA)	90	2115	ps2	./roms/USA/Fatal Frame II - Crimson Butterfly (USA).chd
ps2	Grand Theft Auto III (USA)	90	1092	ps2	./roms/USA/Grand Theft Auto III (USA).chd
ps2	Hitman : Blood Money (USA)	90	2693	ps2	./roms/USA/Hitman - Blood Money (USA).chd
ps2	Hitman 2 : Silent Assassin (USA)	90	1511	ps2	./roms/USA/Hitman 2 - Silent Assassin (USA).chd
ps2	Karaoke Revolution Party (USA)	90	1626	ps2	./roms/USA/Karaoke Revolution Party (USA).chd
ps2	Legacy of Kain : Defiance (USA)	90	3265	ps2	./roms/USA/Legacy of Kain - Defiance (USA).chd
ps2	The Lord of the Rings : The Return of the King (USA)	90	2455	ps2	./roms/USA/Lord of the Rings, The - The Return of the King (USA).chd
ps2	Madden NFL 2002 (USA)	90	456	ps2	./roms/USA/Madden NFL 2002 (USA).chd
ps2	Mercenaries - Playground of Destruction (USA)	90	1689	ps2	./roms/USA/Mercenaries - Playground of Destruction (USA).chd
ps2	NBA 2K2 (USA)	90	1220	ps2	./roms/USA/NBA 2K2 (USA).chd
ps2	NBA 06 (USA)	90	2916	ps2	./roms/USA/NBA 2K6 (USA).chd
ps2	NBA Street V3 (USA)	90	2099	ps2	./roms/USA/NBA Street V3 (USA).chd
ps2	NFL Street (USA)	90	1724	ps2	./roms/USA/NFL Street (USA).chd
ps2	NHL 2002 (USA)	90	529	ps2	./roms/USA/NHL 2002 (USA).chd
ps2	NHL 2003 (USA)	90	3248	ps2	./roms/USA/NHL 2003 (USA).chd
ps2	OutRun 2006 : Coast 2 Coast (USA)	90	851	ps2	./roms/USA/OutRun 2006 - Coast 2 Coast (USA).chd
ps2	Pitfall : The Lost Expedition (USA)	90	666	ps2	./roms/USA/Pitfall - The Lost Expedition (USA).chd
ps2	Prince of Persia : The Two Thrones (USA)	90	1588	ps2	./roms/USA/Prince of Persia - The Two Thrones (USA).chd
ps2	Psychonauts (USA)	90	2097	ps2	./roms/USA/Psychonauts (USA).chd
ps2	Rayman 3 : Hoodlum Havoc (USA)	90	2310	ps2	./roms/USA/Rayman 3 - Hoodlum Havoc (USA).chd
ps2	Silent Hill 2 (USA)	90	2374	ps2	./roms/USA/Silent Hill 2 (USA).chd
ps2	Silent Hill 3 (USA)	90	2194	ps2	./roms/USA/Silent Hill 3 (USA).chd
ps2	Soulcalibur II (USA)	90	751	ps2	./roms/USA/Soulcalibur II (USA).chd
ps2	SSX 3 (USA)	90	2093	ps2	./roms/USA/SSX 3 (USA).chd
ps2	Star Wars : Battlefront II (USA)	90	2125	ps2	./roms/USA/Star Wars - Battlefront II (USA).chd
ps2	Super Monkey Ball Deluxe (USA)	90	1710	ps2	./roms/USA/Super Monkey Ball Deluxe (USA).chd
ps2	Test Drive : Eve of Destruction (USA)	90	1514	ps2	./roms/USA/Test Drive - Eve of Destruction (USA).chd
ps2	Tiger Woods PGA Tour 07 (USA)	90	2395	ps2	./roms/USA/Tiger Woods PGA Tour 07 (USA).chd
ps2	Tiger Woods PGA Tour 2003 (USA)	90	1723	ps2	./roms/USA/Tiger Woods PGA Tour 2003 (USA).chd
ps2	TimeSplitters 2 (USA)	90	1124	ps2	./roms/USA/TimeSplitters 2 (USA).chd
ps2	Tom Clancy's Ghost Recon (USA)	90	1425	ps2	./roms/USA/Tom Clancy's Ghost Recon (USA).chd
ps2	Tom Clancy's Splinter Cell : Chaos Theory (USA)	90	3397	ps2	./roms/USA/Tom Clancy's Splinter Cell - Chaos Theory (USA).chd
ps2	Tony Hawk's Underground 2 (USA)	90	2511	ps2	./roms/USA/Tony Hawk's Underground 2 (USA).chd
ps2	World Soccer : Winning Eleven 8 International (USA)	90	1797	ps2	./roms/USA/World Soccer Winning Eleven 8 International (USA).chd
ps2	XIII (USA)	90	1887	ps2	./roms/USA/XIII (USA).chd
ps3	Call of Duty 4 : Modern Warfare	90	0	ps3	./roms/Call of Duty 4 Modern Warfare.ps3
ps3	Putty Squad	90	0	ps3	./roms/Putty Squad.ps3
ps3	Rayman Origins	90	0	ps3	./roms/Rayman Origins.ps3
ps3	Uncharted 3: Drake's Deception	90	0	ps3	./roms/Uncharted 3 - Drake's Deception.ps3
psp	The Legend of Heroes : Trails in the Sky (USA)	90	1240	psp	./roms/Legend of Heroes, The - Trails in the Sky (USA).cso
psp	Madden NFL 09 (USA)	90	671	psp	./roms/Madden NFL 09 (USA).cso
psp	100-Man Ton no Barabara (USA)	90	281	psp	./roms/Patchwork Heroes (USA).cso
psp	Power Stone Collection (USA)	90	321	psp	./roms/Power Stone Collection (USA).cso
psp	Shin Megami Tensei : Persona 3 Portable (USA)	90	1124	psp	./roms/Shin Megami Tensei - Persona 3 Portable (USA).cso
psp	Blitz : Overtime (USA)	90	668	psp	./roms/Blitz - Overtime (USA).cso
psp	CID The Dummy (USA)	90	344	psp	./roms/CID The Dummy (USA).cso
psp	Cover Girl (Europe)	90	238	psp	./roms/Cover Girl (Europe).cso
psp	Disgaea : Afternoon of Darkness (USA)	90	470	psp	./roms/Disgaea - Afternoon of Darkness (USA).cso
psp	Dissidia : Final Fantasy (USA)	90	1380	psp	./roms/Dissidia - Final Fantasy (USA).cso
psp	DJ Max Portable 3 (USA)	90	1618	psp	./roms/DJ Max Portable 3 (USA).cso
psp	Fate-Tiger Colosseum (JAP)	90	413	psp	./roms/Fate Tiger Colosseum (JAP).cso
psp	Go! Sudoku (USA)	90	255	psp	./roms/Go! Sudoku (USA).cso
psp	Guilty Gear XX Accent Core Plus (USA)	90	660	psp	./roms/Guilty Gear XX Accent Core Plus (USA).cso
psp	Jellycar 2 (USA)	90	23	psp	./roms/JellyCar 2 (USA).cso
psp	Lumines II (USA)	90	1059	psp	./roms/Lumines II (USA).cso
psp	MLB (USA)	90	698	psp	./roms/MLB (USA).cso
psp	Mortal Kombat : Unchained (USA)	90	1135	psp	./roms/Mortal Kombat - Unchained (USA).cso
psp	NBA Live 06 (USA)	90	503	psp	./roms/NBA Live 06 (USA).cso
psp	NBA Live 07 (USA)	90	867	psp	./roms/NBA Live 07 (USA).cso
psp	NFL Street 3 (USA)	90	224	psp	./roms/NFL Street 3 (USA).cso
psp	Pac-man Championship Edition (USA)	90	21	psp	./roms/Pac-Man Championship Edition (USA).cso
psp	Tiger Woods PGA Tour 10 (USA)	90	993	psp	./roms/Tiger Woods PGA Tour 10 (USA).cso
psp	Tony Hawk's Underground 2 Remix (USA)	90	951	psp	./roms/Tony Hawk's Underground 2 Remix (USA).cso
psp	Warriors Orochi 2 (USA)	90	1454	psp	./roms/Warriors Orochi 2 (USA).cso
psp	Yuusha no Kuse ni Namaikida (USA)	90	39	psp	./roms/What Did I Do to Deserve This, My Lord! (USA).cso
psp	Wild Arms XF (USA)	90	1126	psp	./roms/Wild Arms XF (USA).cso
psp	WWE SmackDown! vs. RAW 2006 (USA)	90	1451	psp	./roms/WWE SmackDown! vs. RAW 2006 (USA).cso
psp	Yu-Gi-Oh! GX : Tag Force 2 (USA)	90	1644	psp	./roms/Yu-Gi-Oh! GX - Tag Force 2 (USA).cso
psp	Z.H.P. : Unlosing Ranger vs. Darkdeath Evilman (USA)	90	661	psp	./roms/Z.H.P. - Unlosing Ranger vs. Darkdeath Evilman (USA).cso
pspminis	Space Shooter For Two Bucks!, A (USA)	90	53	pspminis	./roms/A Space Shooter For 2 Bucks! (USA).cso
pspminis	Flying Hamster (USA)	90	47	pspminis	./roms/Flying Hamster, The (USA).cso
pspminis	The Impossible Game (Europe)	90	11	pspminis	./roms/Impossible Game, The (Europe).cso
pspminis	Jellycar 2 (USA)	90	23	pspminis	./roms/Jelly Car 2 (USA).cso
pspminis	Let's Golf! (USA)	90	52	pspminis	./roms/Let's Golf! (USA).cso
pspminis	Pac-man Championship Edition (USA)	90	23	pspminis	./roms/PAC-MAN Championship Edition (USA).cso
pspminis	Shapo (USA)	90	8	pspminis	./roms/Shapo (USA).cso
pspminis	Stand O'food (USA)	90	11	pspminis	./roms/Stand O'food (USA).cso
pspminis	Urbanix (USA)	90	17	pspminis	./roms/Urbanix (USA).cso
psx	The Amazing Virtual Sea-Monkeys (USA)	90	165	psx	./roms/Amazing Virtual Sea-Monkeys, The (USA).chd
psx	Blood Omen : Legacy of Kain (USA)	90	473	psx	./roms/Blood Omen - Legacy of Kain (USA).chd
psx	Bloody Roar II (USA)	90	325	psx	./roms/Bloody Roar II (USA).chd
psx	Broken Sword II : The Smoking Mirror (USA)	90	434	psx	./roms/Broken Sword II - The Smoking Mirror (USA).chd
psx	Capcom vs. SNK Pro (USA)	90	342	psx	./roms/Capcom vs. SNK Pro (USA).chd
psx	Casper (USA)	90	145	psx	./roms/Casper (USA).chd
psx	Colony Wars : Vengeance (USA)	90	363	psx	./roms/Colony Wars - Vengeance (USA).chd
psx	Crisis Beat (Europe)	90	365	psx	./roms/Crisis Beat (Europe).chd
psx	Dancing Stage : Euromix (Europe)	90	178	psx	./roms/Dancing Stage - Euromix (Europe).chd
psx	Descent MAXIMUM (USA)	90	302	psx	./roms/Descent Maximum (USA).chd
psx	Diver's Dream (Europe)	90	353	psx	./roms/Diver's Dream (Europe).chd
psx	Einhander (USA)	90	331	psx	./roms/Einhander (USA).chd
psx	Elemental Gearbolt (USA)	90	361	psx	./roms/Elemental Gearbolt (USA).chd
psx	Final Fantasy Anthology : Final Fantasy VI (USA)	90	138	psx	./roms/Final Fantasy Anthology - Final Fantasy VI (USA).chd
psx	Final Fantasy VI (Europe, Australia)	90	138	psx	./roms/Final Fantasy VI (Europe, Australia).chd
psx	Fisherman's Bait : A Bass Challenge (USA)	90	26	psx	./roms/Fisherman's Bait - A Bass Challenge (USA).chd
psx	Fluid (Europe)	90	161	psx	./roms/Fluid (Europe).chd
psx	Formula 1 (USA)	90	376	psx	./roms/Formula 1 (USA).chd
psx	Gex : Enter the Gecko (USA)	90	162	psx	./roms/Gex - Enter the Gecko (USA).chd
psx	Goal Storm '97 (USA)	90	182	psx	./roms/Goal Storm '97 (USA).chd
psx	Grind Session (USA)	90	318	psx	./roms/Grind Session (USA).chd
psx	Gubble (USA)	90	397	psx	./roms/Gubble (USA).chd
psx	Hot Shots Golf 2 (USA)	90	148	psx	./roms/Hot Shots Golf 2 (USA).chd
psx	International Superstar Soccer Pro '98 (USA)	90	276	psx	./roms/International Superstar Soccer Pro '98 (USA).chd
psx	Kingsley's Adventure (USA)	90	326	psx	./roms/Kingsley's Adventure (USA).chd
psx	LEGO Rock Raiders (USA)	90	407	psx	./roms/LEGO Rock Raiders (USA).chd
psx	Marvel Super Heroes vs. Street Fighter (USA)	90	304	psx	./roms/Marvel Super Heroes vs. Street Fighter (USA).chd
psx	MediEvil II (USA)	90	272	psx	./roms/MediEvil II (USA).chd
psx	Micro Machines V3 (USA)	90	224	psx	./roms/Micro Machines V3 (USA).chd
psx	MLB 2000 (USA)	90	301	psx	./roms/MLB 2000 (USA).chd
psx	Motocross Mania (USA)	90	278	psx	./roms/Motocross Mania (USA).chd
psx	Motor Toon Grand Prix (USA)	90	263	psx	./roms/Motor Toon Grand Prix (USA).chd
psx	NBA Hoopz (USA)	90	113	psx	./roms/NBA Hoopz (USA).chd
psx	Necronomicon : The Dawning of Darkness (Europe) (Disc 2)	90	604	psx	./roms/Necronomicon - The Dawning of Darkness (Europe) (Disc 2).chd
psx	Persona 2 : Eternal Punishment (USA)	90	431	psx	./roms/Persona 2 - Eternal Punishment (USA).chd
psx	Point Blank 2 (USA)	90	236	psx	./roms/Point Blank 2 (USA).chd
psx	Point Blank 3 (USA)	90	74	psx	./roms/Point Blank 3 (USA).chd
psx	Red Asphalt (USA)	90	469	psx	./roms/Red Asphalt (USA).chd
psx	Rescue Shot (Europe)	90	453	psx	./roms/Rescue Shot (Europe).chd
psx	Resident Evil : Director's Cut (USA)	90	331	psx	./roms/Resident Evil - Director's Cut (USA).chd
psx	Resident Evil 2 (USA) (Disc 2)	90	459	psx	./roms/Resident Evil 2 - Dual Shock Edition (USA) (Disc 2).chd
psx	Rogue Trip : Vacation 2012 (USA)	90	516	psx	./roms/Rogue Trip - Vacation 2012 (USA).chd
psx	Super Robot Taisen Alpha Gaiden (Japan) (Translated En)	90	420	psx	./roms/Super Robot Wars Alpha Gaiden (Japan) (Translated En).chd
psx	Team Buddies (USA)	90	266	psx	./roms/Team Buddies (USA).chd
psx	Test Drive Off-Road 3 (USA)	90	201	psx	./roms/Test Drive Off-Road 3 (USA).chd
psx	Tiger Woods PGA Tour Golf (USA)	90	154	psx	./roms/Tiger Woods PGA Tour Golf (USA).chd
psx	Time Commando (USA)	90	383	psx	./roms/Time Commando (USA).chd
psx	Tomb Raider (USA)	90	343	psx	./roms/Tomb Raider (USA).chd
psx	Tony Hawk's Pro Skater (USA)	90	344	psx	./roms/Tony Hawk's Pro Skater (USA).chd
psx	Um Jammer Lammy (USA)	90	518	psx	./roms/Um Jammer Lammy (USA).chd
psx	Vegas Games 2000 (USA)	90	165	psx	./roms/Vegas Games 2000 (USA).chd
psx	Wipeout 3 - Special Edition (Europe)	90	439	psx	./roms/WipEout 3 - Special Edition (Europe).chd
psx	World Championship Snooker (Europe)	90	177	psx	./roms/World Championship Snooker (Europe).chd
psx	World Cup 98 (USA)	90	491	psx	./roms/World Cup 98 (USA).chd
psx	WWF SmackDown! 2 : Know Your Role (USA)	90	507	psx	./roms/WWF SmackDown! 2 - Know Your Role (USA).chd
psx	WWF WrestleMania : The Arcade Game (USA)	90	42	psx	./roms/WWF WrestleMania - The Arcade Game (USA).chd
psx	Activision Classics (USA)	90	51	psx	./roms/Activision Classics (USA).chd
psx	Alundra (USA)	90	305	psx	./roms/Alundra (USA).chd
saturn	The Lost World : Jurassic Park (USA)	90	307	saturn	./roms/Lost World, The - Jurassic Park (USA).chd
saturn	Mortal Kombat Trilogy (USA)	90	277	saturn	./roms/Mortal Kombat Trilogy (USA).chd
saturn	Night Warriors : Darkstalkers' Revenge (USA)	90	364	saturn	./roms/Night Warriors - Darkstalkers' Revenge (USA).chd
saturn	Parodius (Europe)	90	409	saturn	./roms/Parodius (Europe).chd
saturn	Quake (USA)	90	291	saturn	./roms/Quake (USA).chd
saturn	Shining Wisdom (USA)	90	38	saturn	./roms/Shining Wisdom (USA).chd
saturn	Super Puzzle Fighter II Turbo (USA)	90	336	saturn	./roms/Super Puzzle Fighter II Turbo (USA).chd
saturn	Swagman (Europe)	90	243	saturn	./roms/Swagman (Europe).chd
saturn	Tetris Plus (USA)	90	352	saturn	./roms/Tetris Plus (USA).chd
saturn	Tomb Raider (USA)	90	257	saturn	./roms/Tomb Raider (USA).chd
saturn	Virtua Cop (USA)	90	317	saturn	./roms/Virtua Cop (USA).chd
saturn	Virtua Fighter Remix (USA)	90	388	saturn	./roms/Virtua Fighter Remix (USA).chd
saturn	Christmas NiGHTS into Dreams... (USA)	90	433	saturn	./roms/Christmas NiGHTS (USA).chd
saturn	Iron Storm (USA)	90	244	saturn	./roms/Iron Storm (USA).chd
saturn	Mystaria: The Realms of Lore, (USA)	90	97	saturn	./roms/Blazing Heroes (USA).chd
saturn	Astal (USA)	90	455	saturn	./roms/Astal (USA).chd
segacd	Chuck Rock (USA)	90	282	segacd	./roms/Chuck Rock (USA).chd
segacd	Dark Wizard (USA)	90	316	segacd	./roms/Dark Wizard (USA).chd
segacd	Earthworm Jim : Special Edition (USA)	90	338	segacd	./roms/Earthworm Jim - Special Edition (USA).chd
segacd	Fatal Fury Special (USA)	90	451	segacd	./roms/Fatal Fury Special (USA).chd
segacd	Lunar : Eternal Blue (USA)	90	329	segacd	./roms/Lunar - Eternal Blue (USA).chd
segacd	NHL '94 (USA)	90	425	segacd	./roms/NHL '94 (USA).chd
sfc	Dragon Quest V : Tenkuu no Hanayome (Japan) (Translated En)	90	2	sfc	./roms/Dragon Quest V - Tenkuu no Hanayome (Japan) (Translated En).7z
sfc	Dragon Quest VI : Maboroshi no Daichi (Japan) (Translated En)	90	4	sfc	./roms/Dragon Quest VI - Maboroshi no Daichi (Japan) (Translated En).7z
sfc	Jikkyou Oshaberi Parodius (Japan)	90	3	sfc	./roms/Jikkyou Oshaberi Parodius (Japan).7z
sfc	Madou Monogatari : Hanamaru Daiyouchienji (Japan) (Translated En)	90	1	sfc	./roms/Madou Monogatari - Hanamaru Daiyouchienji (Japan) (Translated En).7z
sfc	Mario no Super Picross (Japan)	90	0	sfc	./roms/Mario no Super Picross (Japan).7z
sfc	Nintama Rantarou (Japan)	90	1	sfc	./roms/Nintama Rantarou (Japan).7z
sfc	Nintama Rantarou 2 (Japan)	90	1	sfc	./roms/Nintama Rantarou 2 (Japan).7z
sfc	Picross NP Vol. 3 (Japan)	90	2	sfc	./roms/Picross NP Vol. 3 (Japan).7z
sfc	Rudra no Hihou (Japan) (Translated En)	90	2	sfc	./roms/Rudra no Hihou (Japan) (Translated En).7z
sfc	Rushing Beat Shura (Japan)	90	1	sfc	./roms/Rushing Beat Shura (Japan).zip
sfc	Super Loopz (Japan)	90	0	sfc	./roms/Super Loopz (Japan).7z
sfc	Tales of Phantasia (Japan) (Translated En)	90	7	sfc	./roms/Tales of Phantasia (Japan) (Translated En).7z
sfc	Torneko no Daibouken : Fushigi no Dungeon (Japan) (Translated En)	90	1	sfc	./roms/Torneko no Daibouken - Fushigi no Dungeon (Japan) (Translated En).7z
sfc	Bahamut Lagoon (Japan) (Translated En)	90	3	sfc	./roms/Bahamut Lagoon (Japan) (Translated En).7z
sfc	Battle Zeque Den (Japan)	90	1	sfc	./roms/Battle Zeque Den (Japan).7z
sfc	Bishoujo Senshi Sailor Moon S : Jougai Rantou! Shuyaku Soudatsusen (Japan)	90	1	sfc	./roms/Bishoujo Senshi Sailor Moon S - Jougai Rantou! Shuyaku Soudatsusen (Japan).7z
sg1000	Bank Panic (Japan)	90	0	sg1000	./roms/Bank Panic (Japan).7z
snes	Donkey Kong Country 3 : Dixie Kong's Double Trouble! (USA)	90	3	snes	./roms/USA/Donkey Kong Country 3 - Dixie Kong's Double Trouble! (USA).zip
snes	F1 Pole Position 2 (Europe)	90	1	snes	./roms/USA/F1 Pole Position 2 (Europe).zip
snes	Illusion of Time (Europe)	90	2	snes	./roms/Europe/Illusion of Time (Europe).zip
snes	Madden NFL 95 (USA)	90	1	snes	./roms/USA/Madden NFL 95 (USA).zip
snes	NBA Jam : Tournament Edition (USA)	90	2	snes	./roms/USA/NBA Jam - Tournament Edition (USA).zip
snes	NHL Hockey '94 (Europe)	90	1	snes	./roms/Europe/NHL Hockey '94 (Europe).zip
snes	Nigel Mansell's World Championship Racing (USA)	90	1	snes	./roms/USA/Nigel Mansell's World Championship Racing (USA).zip
snes	Operation Logic Bomb : The Ultimate Search & Destroy (USA)	90	1	snes	./roms/USA/Operation Logic Bomb (USA).zip
snes	Phalanx (USA)	90	1	snes	./roms/USA/Phalanx - The Enforce Fighter A-144 (USA).zip
snes	R-Type III (USA)	90	1	snes	./roms/USA/R-Type III - The Third Lightning (USA).zip
snes	Super Smash T.V. (USA)	90	0	snes	./roms/USA/Super Smash T.V. (USA).zip
snes	Super SWIV (Europe)	90	0	snes	./roms/Europe/Super SWIV (Europe).zip
snes	Tiny Toon Adventures : Wild & Wacky Sports (Europe)	90	1	snes	./roms/Europe/Tiny Toon Adventures - Wild & Wacky Sports (Europe).zip
snes	Animaniacs (USA)	90	1	snes	./roms/USA/Animaniacs (USA).zip
snes	Dragon Quest V : Tenkuu no Hanayome (Japan)	90	1	snes	./roms/Japan/Dragon Quest V - Tenkuu no Hanayome (Japan).zip
snes	Jikkyou Oshaberi Parodius (Japan)	90	3	snes	./roms/USA/Jikkyou Oshaberi Parodius (Japan).7z
snes	Madou Monogatari : Hanamaru Daiyouchienji (Japan)	90	1	snes	./roms/Japan/Madou Monogatari - Hanamaru Daiyouchienji (Japan).zip
snes	Mario no Super Picross (Japan)	90	0	snes	./roms/Japan/Mario no Super Picross (Japan).zip
snes	Nintama Rantarou (Japan)	90	1	snes	./roms/Japan/Nintama Rantarou (Japan).zip
snes	Nintama Rantarou 2 (Japan)	90	1	snes	./roms/Japan/Nintama Rantarou 2 (Japan).zip
snes	Oekaki Logic 2 (Japan) (NP)	90	0	snes	./roms/Japan/Oekaki Logic 2 (Japan) (NP).zip
snes	Picross NP Vol. 3 (Japan) (Rev 1) (NP)	90	1	snes	./roms/Japan/Picross NP Vol. 3 (Japan) (Rev 1) (NP).zip
snes	Rudra no Hihou (Japan)	90	2	snes	./roms/Japan/Rudra no Hihou (Japan).zip
snes	Rushing Beat Shura (Japan)	90	1	snes	./roms/Japan/Rushing Beat Shura (Japan).zip
snes	Super Fire Pro Wrestling X Premium (Japan)	90	2	snes	./roms/Japan/Super Fire Pro Wrestling X Premium (Japan).zip
snes	Super Loopz (Japan)	90	0	snes	./roms/Japan/Super Loopz (Japan).zip
snes	Tales of Phantasia (Japan)	90	5	snes	./roms/Japan/Tales of Phantasia (Japan).zip
snes	Toride (Japan)	90	1	snes	./roms/Japan/Toride (Japan).zip
snes	Torneko no Daibouken : Fushigi no Dungeon (Japan)	90	1	snes	./roms/Japan/Torneko no Daibouken - Fushigi no Dungeon (Japan).zip
snes	World Class Rugby 2 : Kokunai Gekitou Hen '93 (Japan)	90	1	snes	./roms/Japan/World Class Rugby 2 - Kokunai Gekitou Hen '93 (Japan).zip
snes	Super Baseball 2020 (USA)	90	1	snes	./roms/USA/2020 Super Baseball (USA).zip
snes	Extra Innings (USA)	90	1	snes	./roms/USA/Extra Innings (USA).zip
snes	Ganbare Goemon 2 : Kiteretsu Shougun Magginesu (Japan)	90	2	snes	./roms/Japan/Ganbare Goemon 2 - Kiteretsu Shougun Magginesu (Japan).zip
snes	NBA Showdown (USA)	90	1	snes	./roms/USA/NBA Showdown (USA).zip
snes	NHL '94 (USA)	90	1	snes	./roms/USA/NHL '94 (USA).zip
snes	Super Mario RPG : Legend of the Seven Stars (USA)	90	3	snes	./roms/USA/Super Mario RPG - Legend of the Seven Stars (USA).zip
snes	Tiny Toon Adventures : Wacky Sports Challenge (USA)	90	1	snes	./roms/USA/Tiny Toon Adventures - Wacky Sports Challenge (USA).zip
snes	Flashback (Europe)	90	1	snes	./roms/Europe/Flashback (Europe).zip
snes	2020 Super Baseball (Japan)	90	1	snes	./roms/Japan/2020 Super Baseball (Japan).zip
snes	Bahamut Lagoon (Japan) (Translated En)	90	2	snes	./roms/USA/Bahamut Lagoon (Japan) (Translated En).7z
snes	Bishoujo Senshi Sailor Moon S : Jougai Rantou! Shuyaku Soudatsusen (Japan)	90	2	snes	./roms/Japan/Bishoujo Senshi Sailor Moon S - Jougai Rantou! Shuyaku Soudatsusen (Japan).zip
snes	Dragon Quest VI : Maboroshi no Daichi (Japan)	90	3	snes	./roms/Japan/Dragon Quest VI - Maboroshi no Daichi (Japan).zip
snes	Battle Zeque Den (Japan)	90	1	snes	./roms/Japan/Battle Zeque Den (Japan).zip
snes-msu	Flashback : The Quest for Identity (USA) (MSU1)	90	138	snes-msu	./roms/Flashback (USA) (MSU1).zip
snes-msu	Jikkyou Oshaberi Parodius (Japan) (MSU1)	90	252	snes-msu	./roms/Jikkyou Oshaberi Parodius (Japan) (MSU1).zip
snes-msu	NBA Jam - Tournament Edition (USA) (MSU1)	90	121	snes-msu	./roms/NBA Jam - Tournament Edition (USA) (MSU1).zip
snes-msu	R-Type III (USA) (MSU1)	90	280	snes-msu	./roms/R-Type III (USA) (MSU1).zip
snes-msu	Super Mario RPG : Legend of the Seven Stars (USA) (MSU1)	90	981	snes-msu	./roms/Super Mario RPG - Legend of the Seven Stars (USA) (MSU1).zip
snes-msu	Super Smash T.V. (USA) (MSU1)	90	138	snes-msu	./roms/Super Smash T.V. (USA) (MSU1).zip
snes-msu	Tetris & Dr. Mario (USA) (MSU1)	90	247	snes-msu	./roms/Tetris Dr. Mario (USA) (MSU1).zip
snes-msu	Hagane : The Final Conflict (USA) (MSU1)	90	321	snes-msu	./roms/Hagane - The Final Conflict (USA) (MSU1).zip
snes-msu	Illusion of Gaia (USA) (MSU1)	90	673	snes-msu	./roms/Illusion of Gaia (USA) (MSU1).zip
switch	Animal Crossing : New Horizons	90	7253	switch	./roms/Animal Crossing - New Horizons (World).xci
switch	Bayonetta 2	90	13710	switch	./roms/Bayonetta 2 (World).xci
switch	Celeste	90	1643	switch	./roms/Celeste.xci
switch	Collection of Mana	90	360	switch	./roms/COLLECTION of MANA.xci
switch	Dead Cells	90	2559	switch	./roms/Dead Cells.xci
switch	Fire Emblem: Three Houses	90	13518	switch	./roms/Fire Emblem Three Houses.xci
switch	Hades	90	6005	switch	./roms/Hades.xci
switch	Hollow Knight	90	5675	switch	./roms/Hollow Knight.xci
switch	Mario Kart 8 Deluxe	90	8547	switch	./roms/Mario Kart 8 Deluxe.xci
switch	Owlboy	90	634	switch	./roms/Owlboy (World).xci
switch	Pikmin 4	90	11119	switch	./roms/Pikmin 4.xci
switch	Rayman Legends: Definitive Edition	90	3529	switch	./roms/Rayman Legends - Definitive Edition (World).xci
switch	SteamWorld Dig 2	90	280	switch	./roms/SteamWorld Dig 2.xci
switch	Super Mario 3D World + Bowser's Fury	90	3177	switch	./roms/Super Mario 3D World + Bowser's Fury.xci
switch	Super Mario Bros. Wonder	90	3769	switch	./roms/Super Mario Bros. Wonder.xci
switch	Super Smash Bros. Ultimate	90	15972	switch	./roms/Super Smash Bros Ultimate.xci
vectrex	3D Crazy Coaster (USA)	90	0	vectrex	./roms/3D Crazy Coaster (USA).zip
virtualboy	Virtual Boy Wario Land (Japan, USA)	90	1	virtualboy	./roms/Virtual Boy Wario Land (Japan, USA).zip
wii	Avatar: The Last Airbender - Into The Inferno (USA)	90	1481	wii	./roms/Avatar - The Last Airbender - Into the Inferno (USA).wbfs
wii	Boom Blox (USA)	90	1405	wii	./roms/Boom Blox (USA).wbfs
wii	A Boy and His Blob (USA)	90	1160	wii	./roms/Boy and His Blob, A (USA).wbfs
wii	Donkey Kong Country Returns (USA)	90	3586	wii	./roms/Donkey Kong Country Returns (USA).wbfs
wii	The Godfather: Blackhand Edition (USA)	90	3280	wii	./roms/Godfather, The - Blackhand Edition (USA).wbfs
wii	Marble Saga: Kororinpa (USA)	90	988	wii	./roms/Marble Saga - Kororinpa (USA).wbfs
wii	Marvel Ultimate Alliance (USA)	90	4419	wii	./roms/Marvel - Ultimate Alliance (USA).wbfs
wii	Metal Slug Anthology (USA)	90	1648	wii	./roms/Metal Slug Anthology (USA).wbfs
wii	Metroid Prime 3: Corruption (USA)	90	4425	wii	./roms/Metroid Prime 3 - Corruption (USA).wbfs
wii	Monster Hunter 3 (USA)	90	3035	wii	./roms/Monster Hunter Tri (USA).wbfs
wii	Rayman Origins (USA)	90	3695	wii	./roms/Rayman Origins (USA).wbfs
wii	Reel Fishing : Angler's Dream (USA)	90	377	wii	./roms/Reel Fishing - Angler's Dream (USA).wbfs
wii	Rhythm Heaven Fever (USA)	90	463	wii	./roms/Rhythm Heaven Fever (USA).wbfs
wii	Rune Factory Frontier (USA)	90	2563	wii	./roms/Rune Factory - Frontier (USA).wbfs
wii	Wii Fit Plus (USA)	90	1296	wii	./roms/Wii Fit Plus (USA).wbfs
wii	Zack & Wiki: Quest for Barbaros Treasure (USA)	90	2091	wii	./roms/Zack & Wiki - Quest for Barbaros' Treasure (USA).wbfs
wii	Harvest Moon: Animal Parade (USA)	90	2246	wii	./roms/Harvest Moon - Animal Parade (USA).wbfs
wiiu	Bayonetta	90	11168	wiiu	./roms/BAYONETTA (US).wua
wiiu	Minecraft  - Wii U Edition	90	437	wiiu	./roms/Minecraft Wii U Edition (US).wua
wiiu	Rayman Legends	90	6697	wiiu	./roms/Rayman Legends (US).wua
wiiu	Shovel Knight	90	137	wiiu	./roms/Shovel Knight (US).wua
wiiu	Super Mario 3d World	90	1484	wiiu	./roms/SUPER MARIO 3D WORLD (US).wua
wiiu	Super Mario Maker	90	764	wiiu	./roms/Super Mario Maker (US).wua
wiiu	Super Smash Bros. For Wii U	90	12033	wiiu	./roms/Super Smash Bros. (US).wua
wiiu	The Book of Unwritten Tales 2	90	5187	wiiu	./roms/The Book of Unwritten Tales 2 (US).wua
wiiu	Wonderful 101, The	90	9221	wiiu	./roms/The Wonderful 101 (US).wua
wiiu	Unepic	90	225	wiiu	./roms/Unepic (EU).wua
wiiware	And Yet It Moves (USA)	90	41	wiiware	./roms/And Yet It Moves (USA).wad
wiiware	Bubble Bobble Plus! (USA)	90	40	wiiware	./roms/Bubble Bobble Plus! (USA).wad
wiiware	Driift Mania (USA)	90	34	wiiware	./roms/Driift Mania (USA).wad
wiiware	Excitebike : World Rally (USA) (v512)	90	30	wiiware	./roms/Excitebike - World Rally (USA) (v512).wad
wiiware	Helix (USA)	90	41	wiiware	./roms/Helix (USA).wad
wiiware	Jungle Speed (USA)	90	41	wiiware	./roms/Jungle Speed (USA).wad
wiiware	Learning with the PooYoos: Episode 2 (USA)	90	39	wiiware	./roms/Learning with The PooYoos - Episode 3 (USA).wad
wiiware	Phoenix Wright : Ace Attorney : Trials and Tribula (USA)	90	38	wiiware	./roms/Phoenix Wright - Ace Attorney Trials and Tribulations (USA).wad
wiiware	Family & Friends Party (USA) (v257)	90	25	wiiware	./roms/Family & Friends Party (USA) (v257).wad
wiiware	ZZZ(notgame):Succès au Primaire : Mathématiques CM 1 (Europe)	90	30	wiiware	./roms/Successfully Learning Mathematics - Year 5 (Europe).wad
wonderswancolor	SNK vs. Capcom - The Match of the Millennium (World) (En,Ja)	90	2	ngpc	./roms/SNK vs. Capcom - The Match of the Millennium (World) (En,Ja).zip
wonderswancolor	SNK vs. Capcom Gekitotsu Card Fighters : Capcom Supporters Version (USA, Europe)	90	1	ngpc	./roms/SNK vs. Capcom - Card Fighters' Clash - Capcom Version (USA, Europe).zip
wonderswancolor	SNK vs. Capcom : Card Fighter's Clash - SNK Version (USA, Europe)	90	1	ngpc	./roms/SNK vs. Capcom - Card Fighters' Clash - SNK Version (USA, Europe).zip
wonderswancolor	Sonic the Hedgehog - Pocket Adventure (World)	90	1	ngpc	./roms/Sonic the Hedgehog - Pocket Adventure (World).zip
wonderswancolor	Kidou Senshi Gundam Vol. 3 - A Baoa Qu (Japan)	90	4	wswanc	./roms/Kidou Senshi Gundam Vol. 3 - A Baoa Qu (Japan).zip
xbox	Baldur's Gate : Dark Alliance II	90	2808	xbox	./roms/Baldur's Gate - Dark Alliance II (USA).iso
xbox	Buffy The Vampire Slayer	90	4055	xbox	./roms/Buffy the Vampire Slayer (USA).iso
xbox	Conker : Live & Reloaded	90	4758	xbox	./roms/Conker - Live & Reloaded (USA) (En,Ja,Fr,De,Es,It).iso
xbox	Forza Motorsport	90	3573	xbox	./roms/Forza Motorsport (USA) (En,Ja,Fr,De,Es,It,Pt,Zh,Ko) (Rev 1).iso
xbox360	Darkest Of Days	90	2714	xbox360	./roms/Darkest of Days.iso
xbox360	Dead Space	90	6841	xbox360	./roms/Dead Space.iso
xbox360	Gears Of War 2	90	6707	xbox360	./roms/Gears of War 2.iso
xbox360	Halo: Combat Evolved  Anniversary	90	7895	xbox360	./roms/Halo - Combat Evolved Anniversary.iso
xbox360	Halo Reach	90	6991	xbox360	./roms/Halo Reach.iso
zxspectrum	Kosmic Kanga (Europe)	90	0	zxspectrum	./roms/Kosmic Kanga (Europe).zip
zxspectrum	The Lords of Midnight (Europe)	90	0	zxspectrum	./roms/Lords of Midnight, The (Europe).zip
zxspectrum	Platoon (Europe)	90	0	zxspectrum	./roms/Platoon (Europe).zip
zxspectrum	Spy vs Spy (Europe)	90	0	zxspectrum	./roms/Spy vs Spy (Europe).zip
zxspectrum	Uridium (Europe)	90	0	zxspectrum	./roms/Uridium (Europe).zip
zxspectrum	WWF Wrestle Mania (Europe)	90	0	zxspectrum	./roms/WWF Wrestle Mania (Europe).zip
zxspectrum	Back to Skool (Europe)	90	0	zxspectrum	./roms/Back to Skool (Europe).zip
zxspectrum	Booty (Europe)	90	0	zxspectrum	./roms/Booty (Europe).zip
zxspectrum	Bruce Lee (Europe)	90	0	zxspectrum	./roms/Bruce Lee (Europe).zip
zxspectrum	Bubble Bobble (Europe)	90	0	zxspectrum	./roms/Bubble Bobble (Europe).zip
zxspectrum	Cybernoid : The Fighting Machine (Europe)	90	0	zxspectrum	./roms/Cybernoid - The Fighting Machine (Europe).zip
zxspectrum	Livingstone, I Presume? (Europe)	90	0	zxspectrum	./roms/Livingstone, I Presume (Europe).zip
zxspectrum	A.M.C. : Astro Marine Corps (Side B) (Europe)	90	0	zxspectrum	./roms/Astro Marine Corps (Side B) (Europe).zip
3do	Demolition Man (USA)	85	336	3do	./roms/USA/Demolition Man (USA).chd
3do	Peter Frankel - Puzzle No Tou (Japan)	85	216	3do	./roms/Japan/Peter Frankl - Puzzle no Tou (Japan).chd
3do	Flashback (USA)	85	153	3do	./roms/USA/Flashback - The Quest for Identity (USA).chd
3do	Sewer Shark (USA)	85	533	3do	./roms/USA/Sewer Shark (USA).chd
3do	Shock Wave (USA)	85	357	3do	./roms/USA/Shockwave - Invasion Earth 2019 (USA).chd
3do	Super Street Fighter II Turbo (USA)	85	201	3do	./roms/USA/Super Street Fighter II Turbo (USA).chd
3do	Wing Commander III : Heart of the Tiger (USA) (Disc 4)	85	582	3do	./roms/USA/Wing Commander III - Heart of the Tiger (USA) (Disc 4).chd
3do	The Need for Speed (USA, Europe)	85	353	3do	./roms/USA/Need for Speed, The (USA, Europe).chd
amiga500	Black Crypt	85	1	amiga500	./roms/Black Crypt.zip
amiga500	Castle Master	85	0	amiga500	./roms/Castle Master.zip
amiga500	Chicago 90	85	0	amiga500	./roms/Chicago 90.zip
amiga500	Coala	85	1	amiga500	./roms/Coala.zip
amiga500	Continental Circus	85	0	amiga500	./roms/Continental Circus.zip
amiga500	Deluxe Galaga	85	1	amiga500	./roms/Deluxe Galaga.zip
amiga500	Dimo's Quest	85	1	amiga500	./roms/Dimo's Quest.zip
amiga500	Double Dragon II : The Revenge	85	1	amiga500	./roms/Double Dragon II  The Revenge.zip
amiga500	Dyna Blaster	85	1	amiga500	./roms/Dyna Blaster.zip
amiga500	Final Fight	85	1	amiga500	./roms/Final Fight.zip
amiga500	Fire & Ice : The Daring Adventures of Cool Coyote	85	1	amiga500	./roms/Fire & Ice - The Daring Adventures of Cool Coyote.zip
amiga500	First Samurai	85	1	amiga500	./roms/First Samurai.zip
amiga500	Flashback	85	2	amiga500	./roms/Flashback.zip
amiga500	Gobliiins	85	1	amiga500	./roms/Gobliiins.zip
amiga500	Ikari Warriors	85	0	amiga500	./roms/Ikari Warriors.zip
amiga500	Katakis [EU]	85	1	amiga500	./roms/Katakis [EU].zip
amiga500	Krusty's Fun House	85	0	amiga500	./roms/Krusty's Fun House.zip
amiga500	Lancelot	85	1	amiga500	./roms/Lancelot.zip
amiga500	Lionheart	85	3	amiga500	./roms/Lionheart.zip
amiga500	MicroProse Formula One Grand Prix [EU]	85	1	amiga500	./roms/MicroProse Formula One Grand Prix [EU].zip
amiga500	Monkey Island 2 : LeChuck's Revenge	85	6	amiga500	./roms/Monkey Island 2  LeChuck's Revenge.zip
amiga500	Mr. Nutz : Hoppin' Mad	85	2	amiga500	./roms/Mr. Nutz - Hoppin' Mad.zip
amiga500	Nicky 2	85	1	amiga500	./roms/Nicky 2.zip
amiga500	Ork	85	1	amiga500	./roms/Ork.zip
amiga500	Oscar	85	2	amiga500	./roms/Oscar.zip
amiga500	PGA European Tour [EU]	85	1	amiga500	./roms/Pga European Tour [EU].zip
amiga500	Pinball Illusions	85	3	amiga500	./roms/Pinball Illusions.zip
amiga500	Qwak	85	0	amiga500	./roms/Qwak.zip
amiga500	Rampart	85	1	amiga500	./roms/Rampart.zip
amiga500	Roadkill	85	2	amiga500	./roms/Roadkill.zip
amiga500	Rubicon	85	1	amiga500	./roms/Rubicon.zip
amiga500	Ruff 'n' Tumble	85	2	amiga500	./roms/Ruff 'n' Tumble.zip
amiga500	Shadow of the Beast	85	1	amiga500	./roms/Shadow of the Beast.zip
amiga500	Slam Tilt - The Pinball Game	85	4	amiga500	./roms/Slam Tilt.zip
amiga500	Soccer Kid [EU]	85	4	amiga500	./roms/Soccer Kid [EU].zip
amiga500	Space Gun	85	1	amiga500	./roms/Space Gun.zip
amiga500	Speedball 2 : Brutal Deluxe	85	1	amiga500	./roms/Speedball 2  Brutal Deluxe.zip
amiga500	Stardust	85	2	amiga500	./roms/Stardust.zip
amiga500	Stunt Track Racer	85	0	amiga500	./roms/Stunt Track Racer.zip
amiga500	The Immortal	85	1	amiga500	./roms/The Immortal.zip
amiga500	Traps 'n Treasures	85	1	amiga500	./roms/Traps 'n Treasures.zip
amiga500	Wayne Gretzky Hockey	85	1	amiga500	./roms/Wayne Gretzky Hockey.zip
amiga500	World Class Rugby	85	0	amiga500	./roms/World Class Rugby.zip
amiga500	Worms - The Director's Cut	85	2	amiga500	./roms/Worms - The Director's Cut.zip
amiga500	Zool 2 [EU]	85	1	amiga500	./roms/Zool 2 [EU].zip
amiga500	Captain Blood	85	0	amiga500	./roms/Captain Blood.zip
amiga500	Civilization	85	2	amiga500	./roms/Civilization.zip
amiga500	Desert Strike : Return to the Gulf	85	2	amiga500	./roms/Desert Strike  Return to the Gulf.zip
amiga500	1943 - The Battle Of Midway	85	0	amiga500	./roms/1943 - The Battle Of Midway.zip
amstradcpc	Agent Orange (E)	85	0	amstradcpc	./roms/Agent Orange (E).zip
amstradcpc	Arkanoid (E)	85	0	amstradcpc	./roms/Arkanoid (E).zip
amstradcpc	Bomb Jack 2 (E)	85	0	amstradcpc	./roms/Bomb Jack II (E).zip
amstradcpc	Captain Blood (E,F,G,I,S)	85	0	amstradcpc	./roms/Captain Blood (E,F,G,I,S).zip
amstradcpc	Double Dragon 3 - The Rosetta Stone (E)	85	0	amstradcpc	./roms/Double Dragon III - The Rosetta Stone (E) - Disk 1B.zip
amstradcpc	Gauntlet 2 (E)	85	0	amstradcpc	./roms/Gauntlet II (E).zip
amstradcpc	Ghouls 'n Ghosts (E)	85	0	amstradcpc	./roms/Ghouls 'n Ghosts (E).zip
amstradcpc	Green Beret (E)	85	0	amstradcpc	./roms/Green Beret (E).zip
amstradcpc	Gryzor (E)	85	0	amstradcpc	./roms/Gryzor (E).zip
amstradcpc	Hobbit, The (E)	85	0	amstradcpc	./roms/Hobbit (E), The.zip
amstradcpc	Hostages (E)	85	0	amstradcpc	./roms/Hostages (E) - Disk 1B.zip
amstradcpc	Mission Genocide (E)	85	0	amstradcpc	./roms/Mission Genocide (E).zip
amstradcpc	Prince Of Persia (E)	85	0	amstradcpc	./roms/Prince of Persia (E).zip
amstradcpc	Renegade (E)	85	0	amstradcpc	./roms/Renegade (E).zip
amstradcpc	The Rocky Horror Show (E)	85	0	amstradcpc	./roms/Rocky Horror Show (E), The.zip
amstradcpc	Spherical (E)	85	0	amstradcpc	./roms/Spherical (E) - Disk 1B.zip
amstradcpc	Super Trux (E)	85	0	amstradcpc	./roms/Super Trux (E).zip
amstradcpc	Tetris (E)	85	0	amstradcpc	./roms/Tetris (E).zip
amstradcpc	Untouchables (E)	85	0	amstradcpc	./roms/Untouchables (E), The - Disk 1B.zip
amstradcpc	Xenon (E)	85	0	amstradcpc	./roms/Xenon (E).zip
atari2600	Thrust (USA) (Unl)	85	0	atari2600	./roms/Thrust+ DC Edition (USA) (Unl).zip
atari2600	Pitfall II : Lost Caverns (USA)	85	0	atari2600	./roms/Pitfall II - Lost Caverns (USA).zip
atari2600	Road Runner (USA)	85	0	atari2600	./roms/Road Runner (USA).zip
atari2600	Tac-Scan (USA)	85	0	atari2600	./roms/Tac-Scan (USA).zip
atari2600	Frogger II : Threeedeep! (USA)	85	0	atari2600	./roms/Frogger II - Threeedeep! (USA).zip
atari5200	Frogger II : Threeedeep! (USA)	85	0	atari5200	./roms/Frogger II - Threeedeep! (USA).zip
atari5200	Joust (USA)	85	0	atari5200	./roms/Joust (USA).zip
atari5200	Centipede (USA)	85	0	atari5200	./roms/Centipede (USA).zip
atari5200	Keystone Kapers (USA)	85	0	atari5200	./roms/Keystone Kapers (USA).zip
atari5200	Pengo (USA)	85	0	atari5200	./roms/Pengo (USA).zip
atari5200	Vanguard (USA)	85	0	atari5200	./roms/Vanguard (USA).zip
atari5200	Castle Blast (USA) (Unl)	85	0	atari5200	./roms/Castle Blast (USA) (Unl).zip
atari5200	Blue Print (USA)	85	0	atari5200	./roms/Blue Print (USA).zip
atari7800	Crossbow (USA)	85	0	atari7800	./roms/Crossbow (USA).7z
atari7800	Midnight Mutants (USA)	85	0	atari7800	./roms/Midnight Mutants (USA).7z
atari7800	Centipede (USA)	85	0	atari7800	./roms/Centipede (USA).7z
atari7800	Klax (USA) (Proto)	85	0	atari7800	./roms/Klax (USA) (Proto).zip
c64	10th Frame (USA)	85	0	c64	./roms/10th Frame (USA).zip
c64	Action Biker (Europe)	85	0	c64	./roms/Action Biker (Europe).zip
c64	After Burner (USA)	85	0	c64	./roms/Afterburner (USA).zip
c64	Battle Valley (Europe)	85	0	c64	./roms/Battle Valley (Europe).zip
c64	Blade Runner (Europe)	85	0	c64	./roms/Blade Runner (Europe).zip
c64	Blasteroids (Europe)	85	0	c64	./roms/Blasteroids (Europe).zip
c64	Bubble Bobble (Europe)	85	0	c64	./roms/Bubble Bobble (Europe).zip
c64	C64anabalt (Ghormak) (Europe) (Unl)	85	0	c64	./roms/C64anabalt (Ghormak) (Europe) (Unl).zip
c64	The Castles of Doctor Creep (USA)	85	0	c64	./roms/Castles of Doctor Creep , The (USA).zip
c64	Chop N' Drop (USA)	85	0	c64	./roms/Chop n' Drop (USA).zip
c64	Collapse (Europe)	85	0	c64	./roms/Collapse (Europe).zip
c64	Deadline (Infocom) (USA)	85	0	c64	./roms/Deadline (Infocom) (USA).zip
c64	Ghosts 'n Goblins (Europe)	85	0	c64	./roms/Ghosts'n Goblins (Europe).zip
c64	H.E.R.O. - Helicopter Emergency Rescue Operation (USA)	85	0	c64	./roms/HERO - Helicopter Emergency Rescue Operation (USA).zip
c64	Magic Johnson's Basketball (Europe)	85	0	c64	./roms/Magic Johnson's Basketball (Europe).zip
c64	Mega-Apocalypse (Europe)	85	0	c64	./roms/Mega-Apocalypse (Europe).zip
c64	Octapolis (Europe)	85	0	c64	./roms/Octapolis (Europe).zip
c64	Raid Over Moscow (USA)	85	0	c64	./roms/Raid over Moscow (USA).zip
c64	Samurai Warrior - The Battles of Usagi Yojimbo (Europe)	85	0	c64	./roms/Samurai Warrior - The Battles of Usagi Yojimbo (Europe).zip
c64	Split Personalities (Europe)	85	0	c64	./roms/Split Personalities (Europe).zip
c64	Wicked (Europe)	85	0	c64	./roms/Wicked (Europe).zip
c64	Wizball (USA)	85	0	c64	./roms/Wizball (USA).zip
c64	Z-Pilot (Europe)	85	0	c64	./roms/Z (Europe).zip
colecovision	Burgertime (USA, Europe)	85	0	colecovision	./roms/BurgerTime (USA, Europe).zip
colecovision	Jumpman Junior (USA)	85	0	colecovision	./roms/Jumpman Junior (USA).zip
colecovision	Smurf: Paint 'n' Play Workshop (USA, Europe)	85	0	colecovision	./roms/Smurf Paint 'n Play Workshop (USA, Europe).zip
colecovision	DragonFire (USA)	85	0	colecovision	./roms/DragonFire (USA).zip
colecovision	Gorf (USA, Europe)	85	0	colecovision	./roms/Gorf (USA, Europe).zip
colecovision	Frenzy (USA, Europe)	85	0	colecovision	./roms/Frenzy! (USA, Europe).zip
dc	F355 Challenge : Passione Rossa (USA)	85	343	dreamcast	./roms/F355 Challenge - Passione Rossa (USA).chd
dc	Fatal Fury : Mark of the Wolves (USA)	85	507	dreamcast	./roms/Fatal Fury - Mark of the Wolves (USA).chd
dc	The House of the Dead 2 (USA)	85	561	dreamcast	./roms/House of the Dead 2, The (USA).chd
dc	Power Stone 2 (USA)	85	357	dreamcast	./roms/Power Stone 2 (USA).chd
dc	Ready 2 Rumble Boxing (USA)	85	966	dreamcast	./roms/Ready 2 Rumble Boxing (USA).chd
dc	Super Street Fighter II X for Matching Service (Japan)	85	199	dreamcast	./roms/Super Street Fighter 2 X (Japan).chd
dc	Tony Hawk's Pro Skater (USA)	85	476	dreamcast	./roms/Tony Hawk's Pro Skater (USA).chd
dc	TrickStyle (USA)	85	443	dreamcast	./roms/TrickStyle (USA).chd
dc	The Typing of the Dead (USA)	85	1111	dreamcast	./roms/Typing of the Dead, The (USA).chd
dc	Vampire Chronicle for Matching Service (Japan)	85	1069	dreamcast	./roms/Vampire Chronicle for Matching Service (Japan).chd
dc	Alone in the Dark : The New Nightmare (USA) (Disc 1)	85	953	dreamcast	./roms/Alone in the Dark - The New Nightmare (USA) (Disc 1).chd
dc	Giant Gram : Zen Nihon Pro Wres 2 in Nihon Budoukan (Japan)	85	309	dreamcast	./roms/Giant Gram - All-Japan Pro Wrestling 2 (Japan).chd
dc	NFL 2K1 (USA)	85	875	dreamcast	./roms/NFL 2K1 (USA).chd
dc	Resident Evil 2 (USA) (Disc 1)	85	876	dreamcast	./roms/Resident Evil 2 (USA) (Disc 1).chd
dc	Sega Rally 2 (USA)	85	827	dreamcast	./roms/Sega Rally Championship 2 (USA).chd
dc	Stupid Invaders : The Epic Adventure of Five Incredibly Stupid Aliens (USA) (Disc 2)	85	1082	dreamcast	./roms/Stupid Invaders (USA) (Disc 2).chd
dc	Ecco the Dolphin : Defender of the Future (USA)	85	776	dreamcast	./roms/Ecco the Dolphin - Defender of the Future (USA).chd
dc	Marvel vs. Capcom 2 (USA)	85	223	dreamcast	./roms/Marvel vs. Capcom 2 (USA).chd
dc	NFL 2K2 (USA)	85	889	dreamcast	./roms/NFL 2K2 (USA).chd
dc	Hoyle Casino (USA)	85	379	dreamcast	./roms/Hoyle Casino (USA).chd
dc	NBA 2K (USA)	85	634	dreamcast	./roms/NBA 2K (USA).chd
dc	NFL 2K (USA)	85	826	dreamcast	./roms/NFL 2K (USA).chd
dc	Record of Lodoss War (USA)	85	464	dreamcast	./roms/Record of Lodoss War (USA).chd
dc	Samba de Amigo Ver.2000 (Japan)	85	1132	dreamcast	./roms/Samba de Amigo ver. 2000 (Japan).chd
dc	Spider-Man (USA)	85	643	dreamcast	./roms/Spider-Man (USA).chd
dc	Star Wars : Episode I Jedi Power Battles (USA)	85	499	dreamcast	./roms/Star Wars Episode I - Jedi Power Battles (USA).chd
dc	Street Fighter Alpha 3 (USA)	85	673	dreamcast	./roms/Street Fighter Alpha 3 (USA).chd
dc	4x4 Evo (USA)	85	343	dreamcast	./roms/4x4 Evolution (USA).chd
famicom	Holy Diver (Japan) (Translated En)	85	0	famicom	./roms/Holy Diver (Japan) (Translated En).zip
famicom	Juuryoku Soukou Metal Storm (Japan) (Translated En)	85	0	famicom	./roms/Juuryoku Soukou Metal Storm (Japan) (Translated En).zip
famicom	Rampart (Japan) (Translated En)	85	0	famicom	./roms/Rampart (Japan) (Translated En).zip
famicom	Heracles no Eikou II : Titan no Metsubou (Japan) (Translated En)	85	0	famicom	./roms/Heracles no Eikou II - Titan no Metsubou (Japan) (Translated En).zip
gamegear	Doraemon : Waku Waku Pocket Paradise (Japan)	85	0	gamegear	./roms/Doraemon - Waku Waku Pocket Paradise (Japan).zip
gamegear	GG Aleste (Japan)	85	0	gamegear	./roms/GG Aleste (Japan).zip
gb	Monster Max (Europe)	85	0	gb	./roms/Monster Max (Europe).zip
gb	Nekketsu Koukou Soccer-bu : World Cup Hen (USA, Europe)	85	0	gb	./roms/Nintendo World Cup (USA, Europe).zip
gb	Pocket Bomberman (Europe)	85	0	gb	./roms/Pocket Bomberman (Europe).zip
gb	Tetris Flash (USA, Europe)	85	0	gb	./roms/Tetris 2 (USA, Europe).zip
gb	Nettou World Heroes 2 Jet (USA, Europe)	85	0	gb	./roms/World Heroes 2 Jet (USA, Europe).zip
gb	Puzzle Boy II (USA)	85	0	gb	./roms/A-mazing Tater (USA).zip
gb	Shikinjou (Japan)	85	0	gb	./roms/Shikinjou (Japan).zip
gb	Aladdin (USA)	85	0	gb	./roms/Aladdin (USA).zip
gba	Dogz (USA)	85	3	gba	./roms/Dogz (USA).zip
gba	Dragon Ball Z : The Legacy of Goku 2 (USA)	85	7	gba	./roms/Dragon Ball Z - The Legacy of Goku II (USA).zip
gba	Road Trip : Shifting Gears (USA)	85	3	gba	./roms/Road Trip - Shifting Gears (USA).zip
gba	The King of Fighters EX : Neo Blood (USA)	85	4	gba	./roms/King of Fighters EX, The - NeoBlood (USA).zip
gba	The King of Fighters EX 2 : Howling Blood (USA)	85	6	gba	./roms/King of Fighters EX2, The - Howling Blood (USA).zip
gba	Tennis Masters Series 2003 (Europe)	85	2	gba	./roms/Tennis Masters Series 2003 (Europe).zip
gba	Winter Sports (Europe)	85	2	gba	./roms/Winter Sports (Europe).zip
gba	World Poker Tour (USA)	85	2	gba	./roms/World Poker Tour (USA).zip
gba	Yu-Gi-Oh! Ultimate Masters: World Championship Tournament 2006 (USA)	85	20	gba	./roms/Yu-Gi-Oh! - Ultimate Masters - World Championship Tournament 2006 (USA).zip
gbah	Golden Sun : The Lost Age (X)	85	13	gbah	./roms/Golden Sun II - The Lost Age_RS (X).zip
gbah	Castlevania : Harmony of Dissonance	85	6	gbah	./roms/Castlevania - Revenge On Findesiecle X.zip
gbc	Bugs Bunny & Lola Bunny : Operation Carrots (Europe) (En,Fr,De,Es,It,Nl)	85	0	gbc	./roms/Bugs Bunny & Lola Bunny - Operation Carrots (Europe) (En,Fr,De,Es,It,Nl).zip
gbc	International Karate 2000 (Europe)	85	0	gbc	./roms/International Karate 2000 (Europe).zip
gbc	Rayman : Mister Dark no Wana (USA)	85	1	gbc	./roms/Rayman (USA).zip
gbc	Shadowgate Return (USA, Europe) (Rev A)	85	0	gbc	./roms/Shadowgate Classic (USA, Europe) (Rev A).zip
gbc	Stranded Kids (Europe) (En,Fr,De)	85	0	gbc	./roms/Stranded Kids (Europe) (En,Fr,De).zip
genesish	Metal Sonic Hyperdrive	85	1	genesish	./roms/Metal Sonic Hyperdrive.zip
genesish	Sonic the Hedgehog Megamix	85	1	genesish	./roms/Sonic 1 Megamix.zip
genesish	Ultimate Mortal Kombat Trilogy	85	10	genesish	./roms/Ultimate Mortal Kombat Trilogy.zip
intellivision	The Dreadnaught Factor (World)	85	0	intellivision	./roms/Dreadnaught Factor, The (World).zip
intellivision	Dracula (World)	85	0	intellivision	./roms/Dracula (World).zip
intellivision	Frog Bog (World)	85	0	intellivision	./roms/Frog Bog (World).zip
intellivision	Pitfall! (World)	85	0	intellivision	./roms/Pitfall! (World).zip
intellivision	Burgertime (World)	85	0	intellivision	./roms/BurgerTime (World).zip
jaguar	Cannon Fodder (World)	85	2	jaguar	./roms/Cannon Fodder (World).zip
jaguar	Protector : Special Edition (World)	85	1	jaguar	./roms/Protector - Special Edition (World).zip
jaguar	Tempest 2000 (World)	85	1	jaguar	./roms/Tempest 2000 (World).zip
jaguar	Super Burnout (World)	85	2	jaguar	./roms/Super Burnout (World).zip
jaguar	Towers II : Plight of the Stargazer (World)	85	2	jaguar	./roms/Towers II (World).zip
lynx	Robotron : 2084 (USA, Europe)	85	0	lynx	./roms/Robotron 2084 (USA, Europe).zip
lynx	Crystal Mines II (USA, Europe)	85	0	lynx	./roms/Crystal Mines II (USA, Europe).zip
lynx	Shanghai (USA, Europe)	85	0	lynx	./roms/Shanghai (USA, Europe).zip
lynx	Super Skweek (USA, Europe)	85	0	lynx	./roms/Super Skweek (USA, Europe).zip
mastersystemh	Bubble Bobble (Improvement)	85	0	mastersystemh	./roms/Bubble Bobble (Improvement).sms
megadrive	Battle Mania Daiginjou (Japan, Korea)	85	1	megadrive	./roms/Japan/Battle Mania Daiginjou (Japan, Korea).zip
megadrive	Beavis and Butt-Head (Europe)	85	1	megadrive	./roms/Europe/Beavis and Butt Head (Europe).7z
megadrive	Bishoujo Senshi Sailor Moon (Japan)	85	1	megadrive	./roms/Japan/Bishoujo Senshi Sailor Moon (Japan).zip
megadrive	European Club Soccer (Europe)	85	0	megadrive	./roms/Europe/European Club Soccer (Europe).zip
megadrive	J. League Champion Soccer (Japan)	85	0	megadrive	./roms/Japan/J. League Champion Soccer (Japan).zip
megadrive	James Pond 3 (Europe)	85	1	megadrive	./roms/Europe/James Pond 3 (Europe).7z
megadrive	Pepenga Pengo (Japan)	85	0	megadrive	./roms/Japan/Pepenga Pengo (Japan).zip
megadrive	Pulseman (Japan)	85	1	megadrive	./roms/Japan/Pulseman (Japan).zip
megadrive	Pyramid Magic (Japan) (SegaNet)	85	0	megadrive	./roms/Japan/Pyramid Magic (Japan) (SegaNet).zip
megadrive	Sonic & Knuckles + Sonic the Hedgehog : Blue Sphere (World)	85	2	genesis	./roms/Sonic & Knuckles + Sonic the Hedgehog (World).zip
megadrive	Sonic & Knuckles + Sonic The Hedgehog 2 (World)	85	2	genesis	./roms/Sonic & Knuckles + Sonic the Hedgehog 2 (World).zip
megadrive	Sonic & Knuckles + Sonic The Hedgehog 3 (World)	85	3	genesis	./roms/Sonic & Knuckles + Sonic the Hedgehog 3 (World).zip
megadrive	Surging Aura (Japan)	85	1	megadrive	./roms/Japan/Surging Aura (Japan).zip
megadrive	Yu Yu Hakusho : Makyou Toitsusen (Japan)	85	1	megadrive	./roms/Japan/Yu Yu Hakusho - Makyou Toitsusen (Japan).zip
megadrive	GrandSlam : The Tennis Tournament (Europe)	85	0	megadrive	./roms/Europe/GrandSlam   The Tennis Tournament (Europe).zip
megadrive	Mega Games 2 (Europe)	85	1	megadrive	./roms/Europe/Mega Games 2 (Europe).7z
megadrive	Wiz'n'Liz : The Frantic Wabbit Wescue (Europe)	85	1	megadrive	./roms/Europe/Wiz'n'Liz   The Frantic Wabbit Wescue (Europe).7z
megadrive	Ecco the Dolphin II (Japan)	85	1	megadrive	./roms/Japan/Ecco the Dolphin II (Japan).zip
megadrive	Ex-Ranza (Japan)	85	1	megadrive	./roms/Japan/Ex-Ranza (Japan).zip
megadrive	General Chaos Daikonsen (Japan)	85	1	megadrive	./roms/Japan/General Chaos Daikonsen (Japan).zip
megadrive	GrandSlam : The Tennis Tournament '92 (Japan)	85	0	megadrive	./roms/Japan/GrandSlam - The Tennis Tournament '92 (Japan).zip
megadrive	Juusou Kihei Leynos (Japan)	85	0	megadrive	./roms/Japan/Juusou Kihei Leynos (Japan).zip
megadrive	Mugen Senshi Valis (Japan)	85	1	megadrive	./roms/Japan/Mugen Senshi Valis (Japan).zip
megadrive	Ristar : The Shooting Star (Japan, Korea)	85	1	megadrive	./roms/Japan/Ristar - The Shooting Star (Japan, Korea).zip
megadrive	Rockman : Mega World (Japan)	85	1	megadrive	./roms/Japan/Rockman - Mega World (Japan).zip
megadrive	Shin Souseiki Ragnacenty (Japan)	85	1	megadrive	./roms/Japan/Shin Souseiki Ragnacenty (Japan).zip
megadrive	Space Invaders 90 (Japan)	85	0	megadrive	./roms/Japan/Space Invaders 90 (Japan).zip
megadrive	Dune II : The Battle for Arrakis (Europe)	85	1	megadrive	./roms/Europe/Dune II   The Battle for Arrakis (Europe).7z
megadrive	Crying : Aseimei Sensou (Japan)	85	1	megadrive	./roms/Japan/Crying - Aseimei Sensou (Japan).zip
megadrive	Devil Crash MD (Japan)	85	0	megadrive	./roms/Japan/Devil Crash MD (Japan).zip
megadriveh	Metal Sonic Hyperdrive (Darkron 360)	85	2	megadriveh	./roms/Metal Sonic Hyperdrive (Darkron 360).md
megadriveh	Sonic & Knuckles + Sonic The Hedgehog 2 (Long Version)	85	3	megadriveh	./roms/Sonic & Knuckles + Sonic the Hedgehog 2 (Long Version).md
megadriveh	Vector The Crocodile In Sonic The Hedgehog	85	1	megadriveh	./roms/Vector the Crocodile In Sonic the Hedgehog.md
msx1	Bosconian (Japan) (Alt 2)	85	0	msx1	./roms/Bosconian (Japan) (Alt 2).zip
msx1	King's Valley (Japan, Europe) (Alt 4)	85	0	msx1	./roms/King's Valley (Japan, Europe) (Alt 4).zip
msx1	The Goonies (Japan) (Alt 2)	85	0	msx1	./roms/Goonies, The (Japan) (Alt 2).zip
msx1	H.E.R.O. (Japan)	85	0	msx1	./roms/H.E.R.O. (Japan).zip
msx1	King's Valley II - The Seal of El Giza (Japan, Europe)	85	0	msx1	./roms/King's Valley II (Japan, Europe).zip
msx1	Knightmare II - The Maze of Galious (Japan)	85	0	msx1	./roms/Knightmare II - The Maze of Galious (Japan).zip
msx1	Konami's Ping Pong (Japan) (Alt 1)	85	0	msx1	./roms/Konami's Ping-Pong (Japan) (Alt 1).zip
msx1	Gradius (Japan, Europe) (Alt 1)	85	0	msx1	./roms/Nemesis (Japan, Europe) (Alt 1).zip
msx1	Yie Ar Kung-Fu II - The Emperor Yie-Gah (Japan) (Alt 2)	85	0	msx1	./roms/Yie Ar Kung-Fu II - The Emperor Yie-Gah (Japan) (Alt 2).zip
n64	Gex 3 : Deep Cover Gecko (USA)	85	27	n64	./roms/USA/Gex 3 - Deep Cover Gecko (USA).zip
n64	Knockout Kings 2000 (USA)	85	14	n64	./roms/USA/Knockout Kings 2000 (USA).zip
n64	Mystical Ninja Starring Goemon (USA)	85	14	n64	./roms/USA/Mystical Ninja Starring Goemon (USA).zip
n64	NFL Quarterback Club 98 (USA)	85	8	n64	./roms/USA/NFL Quarterback Club 98 (USA).zip
n64	Robotron 64 (USA)	85	2	n64	./roms/USA/Robotron 64 (USA).zip
n64	Rush 2 : Extreme Racing USA (USA)	85	11	n64	./roms/USA/Rush 2 - Extreme Racing USA (USA).zip
n64	Star Wars Episode I : Racer (USA)	85	26	n64	./roms/USA/Star Wars Episode I - Racer (USA).zip
n64	Wave Race 64 (USA)	85	5	n64	./roms/USA/Wave Race 64 (USA).7z
n64	Duke Nukem - Zero Hour (Europe)	85	25	n64	./roms/Europe/Duke Nukem - Zero Hour (Europe).zip
n64	Quest 64 (USA)	85	7	n64	./roms/USA/Quest 64 (USA).zip
n64	Fighting Force 64 (USA)	85	10	n64	./roms/USA/Fighting Force 64 (USA).zip
n64	Holy Magic Century (Europe)	85	7	n64	./roms/Europe/Holy Magic Century (Europe).zip
n64	1080 TenEighty Snowboarding (Japan, USA)	85	12	n64	./roms/USA/1080 Snowboarding (Japan, USA).zip
nds	Anno 1701 - Dawn of Discovery (USA)	85	18	nds	./roms/Dawn of Discovery (USA).7z
nds	Bleach - The Blade Of Fate (USA)	85	78	nds	./roms/Bleach - The Blade of Fate (USA).7z
nds	Bomberman 2 (Europe)	85	14	nds	./roms/Bomberman 2 (Europe).7z
nds	C.o.r.e. (USA)	85	40	nds	./roms/C.O.R.E. (USA).7z
nds	Bokujou Monogatari : Colobocle Station (USA)	85	18	nds	./roms/Harvest Moon DS (USA).7z
nds	Boku wa Koukuu Kanseikan DS - Air Traffic Controller (USA)	85	6	nds	./roms/Air Traffic Chaos (USA).zip
nds	Are You Smarter Than A 5th Grader ? Make The Grade (USA)	85	50	nds	./roms/Are You Smarter than a 5th Grader - Make the Grade (USA).7z
nds	Bakugan - Defenders of the Core (USA)	85	49	nds	./roms/Bakugan - Defenders of the Core (USA).zip
nds	Blue Dragon - Awakened Shadow (USA)	85	77	nds	./roms/Blue Dragon - Awakened Shadow (USA).zip
nds	Touch! Bomber Man Land - Star Bomber no Miracle World (USA)	85	9	nds	./roms/Bomberman Land Touch! (USA).7z
nds	Contra : Dual Spirits (USA)	85	13	nds	./roms/Contra 4 (USA).7z
nds	Digimon Story (USA)	85	16	nds	./roms/Digimon World DS (USA).7z
nds	Don King Boxing (USA)	85	29	nds	./roms/Don King Boxing (USA).7z
nds	Dragon Ball Z - Attack of the Saiyans (USA)	85	44	nds	./roms/Dragon Ball Z - Attack of the Saiyans (USA).7z
nds	Dragon Quest Monsters - Joker (USA)	85	30	nds	./roms/Dragon Quest Monsters - Joker (USA).7z
nds	Etrian Odyssey III - The Drowned City (USA)	85	23	nds	./roms/Etrian Odyssey III - The Drowned City (USA).zip
nds	Family Feud : 2010 Edition (USA)	85	5	nds	./roms/Family Feud - 2010 Edition (USA).zip
nds	Farm Frenzy : Animal Country (USA)	85	5	nds	./roms/Farm Frenzy - Animal Country (USA).7z
nds	Fast Food Panic (USA)	85	10	nds	./roms/Fast Food Panic (USA).7z
nds	Final Fantasy Crystal Chronicles : Ring of Fates (USA)	85	70	nds	./roms/Final Fantasy Crystal Chronicles - Ring of Fates (USA).7z
nds	Final Fantasy Fables - Chocobo Tales (USA)	85	29	nds	./roms/Final Fantasy Fables - Chocobo Tales (USA).7z
nds	Final Fantasy Tactics A2 : Grimoire of the Rift (USA)	85	62	nds	./roms/Final Fantasy Tactics A2 - Grimoire of the Rift (USA).7z
nds	Front Mission 1st (USA)	85	17	nds	./roms/Front Mission (USA).7z
nds	Game & Watch Collection (USA) (Club Nintendo)	85	1	nds	./roms/Game & Watch Collection (USA) (Club Nintendo).7z
nds	Shutsugeki! Acroknights (Europe)	85	13	nds	./roms/Go! Go! Cosmo Cops! (Europe).7z
nds	Grand Theft Auto - Chinatown Wars (USA)	85	62	nds	./roms/Grand Theft Auto - Chinatown Wars (USA).7z
nds	Hannah Montana : Music Jam (USA)	85	14	nds	./roms/Hannah Montana - Music Jam (USA).7z
nds	Happy Bakery (Europe)	85	5	nds	./roms/Happy Bakery (Europe).7z
nds	Harvest Moon DS - Grand Bazaar (USA)	85	43	nds	./roms/Harvest Moon DS - Grand Bazaar (USA).zip
nds	Horse Life 3 : Mon Haras, mes Chevaux (Europe)	85	25	nds	./roms/Horse Life 3 (Europe).zip
nds	Jewel Quest IV : Heritage (Europe)	85	15	nds	./roms/Jewel Quest IV - Heritage (Europe).zip
nds	Jump Ultimate Stars (Japan) (Translated En)	85	49	nds	./roms/Jump! Ultimate Stars (Japan) (Translated En).zip
nds	Kingdom Hearts : 358/2 Days (USA)	85	197	nds	./roms/Kingdom Hearts - 358-2 Days (USA).7z
nds	Konami Classics Series - Arcade Hits (USA)	85	14	nds	./roms/Konami Classics Series - Arcade Hits (USA).7z
nds	Konductra (USA)	85	6	nds	./roms/Konductra (USA).7z
nds	Last Window : The Secret of Cape West (Europe)	85	118	nds	./roms/Last Window - The Secret of Cape West (Europe).zip
nds	LEGO Indiana Jones: The Original Adventures (USA)	85	50	nds	./roms/LEGO Indiana Jones - The Original Adventures (USA).7z
nds	Lernerfolg Grundschule - Englisch (Europe)	85	39	nds	./roms/Lernerfolg Grundschule - Mathematik Intensiv - Klasse 1-4 (Europe).zip
nds	Little Red Riding Hood's Zombie Bbq (USA)	85	9	nds	./roms/Little Red Riding Hood's Zombie BBQ (USA).7z
nds	Lock's Quest (USA)	85	18	nds	./roms/Lock's Quest (USA).7z
nds	Magician's Quest: Mysterious Times (USA)	85	39	nds	./roms/Magician's Quest - Mysterious Times (USA).7z
nds	Mario & Sonic at the Olympic Winter Games (USA)	85	64	nds	./roms/Mario & Sonic at the Olympic Winter Games (USA).7z
nds	Mega Man Battle Network 5 : Double Team DS (USA)	85	11	nds	./roms/Mega Man Battle Network 5 - Double Team DS (USA).7z
nds	Mega Man Star Force 2 - Zerker x Saurian (USA)	85	14	nds	./roms/Mega Man Star Force 2 - Zerker x Saurian (USA).7z
nds	Mega Man Star Force 3 - Red Joker (USA)	85	16	nds	./roms/Mega Man Star Force 3 - Red Joker (USA).7z
nds	Metropolis Crime$ (Europe)	85	16	nds	./roms/Metropolis Crime$ (Europe).7z
nds	Mind Your Language : Aprende Espanol! (Europe)	85	8	nds	./roms/Mind Your Language - Aprende Espanol! (Europe).7z
nds	N+ (USA)	85	4	nds	./roms/N+ (USA).7z
nds	Naruto : Path of the Ninja (USA)	85	9	nds	./roms/Naruto - Path of the Ninja (USA).7z
nds	One Piece : Gigant Battle (Europe)	85	48	nds	./roms/One Piece - Gigant Battle! (Europe).zip
nds	Phoenix Wright - Ace Attorney - Justice for All (USA)	85	10	nds	./roms/Phoenix Wright - Ace Attorney - Justice for All (USA).7z
nds	Pic Pic (Europe)	85	4	nds	./roms/Pic Pic (Europe).7z
nds	Pokémon Black Version 2 (USA, Europe)	85	100	nds	./roms/Pokemon - Black Version 2 (USA, Europe).7z
nds	Pokémon Diamond Version (USA)	85	15	nds	./roms/Pokemon - Diamond Version (USA).7z
nds	Pokemon - Pearl Version (USA)	85	15	nds	./roms/Pokemon - Pearl Version (USA).7z
nds	Pokémon White Version (USA, Europe)	85	111	nds	./roms/Pokemon - White Version (USA, Europe).zip
nds	Pokémon White Version 2 (USA, Europe)	85	84	nds	./roms/Pokemon - White Version 2 (USA, Europe).7z
nds	Pokemon Mystery Dungeon : Blue Rescue Team (USA)	85	9	nds	./roms/Pokemon Mystery Dungeon - Blue Rescue Team (USA).7z
nds	Pokémon Mystery Dungeon : Explorers of Sky (USA)	85	31	nds	./roms/Pokemon Mystery Dungeon - Explorers of Sky (USA).7z
nds	Ohimesama Debut (USA)	85	10	nds	./roms/Princess Debut (USA).7z
nds	Princess on Ice (USA)	85	33	nds	./roms/Princess on Ice (USA).7z
nds	Puyo Puyo 7 (Japan) (Translated En)	85	42	nds	./roms/Puyo Puyo 7 (Japan) (Translated En).zip
nds	Rune Factory - A Fantasy Harvest Moon (USA)	85	62	nds	./roms/Rune Factory - A Fantasy Harvest Moon (USA).7z
nds	Shin Megami Tensei : Strange Journey (USA)	85	105	nds	./roms/Shin Megami Tensei - Strange Journey (USA).zip
nds	Skate It (USA)	85	28	nds	./roms/Skate It (USA).7z
nds	Chou Nekketsu Koukou Kunio-Kun Dodge Ball Bu (USA)	85	3	nds	./roms/Super Dodgeball Brawlers (USA).7z
nds	Super Scribblenauts (USA)	85	20	nds	./roms/Super Scribblenauts (USA).zip
nds	Theresia : Dear Emile (USA)	85	55	nds	./roms/Theresia.. (USA).7z
nds	Tony Hawk's Downhill Jam (USA)	85	49	nds	./roms/Tony Hawk's Downhill Jam (USA).7z
nds	Touchmaster 3 (USA)	85	38	nds	./roms/TouchMaster 3 (USA).zip
nds	Transformers - War for Cybertron - Autobots (USA)	85	48	nds	./roms/Transformers - War for Cybertron - Autobots (USA).zip
nds	Transformers - War for Cybertron - Decepticons (USA)	85	47	nds	./roms/Transformers - War for Cybertron - Decepticons (USA).zip
nds	Trauma Center - Under the Knife (USA)	85	6	nds	./roms/Trauma Center - Under the Knife (USA).7z
nds	WarioWare: Do It Yourself (USA)	85	9	nds	./roms/WarioWare - D.I.Y. (USA).zip
nds	Worms : Open Warfare 2 (USA)	85	15	nds	./roms/Worms - Open Warfare 2 (USA).7z
nds	Yoshi Island DS (USA)	85	19	nds	./roms/Yoshi's Island DS (USA).7z
nds	Yu-Gi-Oh! - World Championship 2008 (USA)	85	93	nds	./roms/Yu-Gi-Oh! - World Championship 2008 (USA).7z
neo-geo-pocket	King Of Fighters R-1 (Japan, Europe)	85	1	ngp	./roms/King of Fighters R-1 (Japan, Europe).zip
neo-geo-pocket	Pocket Tennis (Japan, Europe)	85	0	ngp	./roms/Pocket Tennis - Pocket Sports Series (Japan, Europe).zip
nes	Chip 'N Dale : Rescue Rangers (USA)	85	0	nes	./roms/Chip 'n Dale - Rescue Rangers (USA).zip
nes	Mr. Gimmick (Europe)	85	0	nes	./roms/Mr. Gimmick (Europe).zip
nes	Chip 'N Dale : Rescue Rangers 2 (USA)	85	0	nes	./roms/Chip 'n Dale - Rescue Rangers 2 (USA).zip
ngc	Codename: Kids Next Door Operation: V.I.D.E.O.G.A.M.E. (USA)	85	1200	gamecube	./roms/Codename - Kids Next Door - Operation - V.I.D.E.O.G.A.M.E. (USA).rvz
ngc	Dragon Ball Z : Budokai (USA)	85	836	gamecube	./roms/Dragon Ball Z - Budokai (USA).rvz
ngc	The Fairly OddParents - Shadow Showdown (USA)	85	838	gamecube	./roms/Fairly OddParents, The - Shadow Showdown (USA).rvz
ngc	Goblin Commander : Unleash the Horde (USA)	85	394	gamecube	./roms/Goblin Commander - Unleash the Horde (USA).rvz
ngc	Harvest Moon : A Wonderful Life (USA)	85	393	gamecube	./roms/Harvest Moon - A Wonderful Life (USA).rvz
ngc	Lara Croft Tomb Raider: Legend (USA)	85	1254	gamecube	./roms/Lara Croft Tomb Raider - Legend (USA).rvz
ngc	Blood Omen 2 (USA)	85	1287	gamecube	./roms/Legacy of Kain, The - Blood Omen 2 (USA).rvz
ngc	The Legend of Zelda : Four Swords Adventures (USA)	85	237	gamecube	./roms/Legend of Zelda, The - Four Swords Adventures (USA).rvz
ngc	LEGO Star Wars: The Video Game (USA)	85	612	gamecube	./roms/LEGO Star Wars - The Video Game (USA).rvz
ngc	Looney Tunes: Back in Action (USA)	85	911	gamecube	./roms/Looney Tunes - Back in Action (USA).rvz
ngc	Lord of the Rings The Return of the King (USA)	85	1327	gamecube	./roms/Lord of the Rings, The - The Return of the King (USA).rvz
ngc	The Lord of the Rings: The Two Towers (USA)	85	1240	gamecube	./roms/Lord of the Rings, The - The Two Towers (USA).rvz
ngc	Monster House (USA)	85	447	gamecube	./roms/Monster House (USA).rvz
ngc	Mx Superfly Featuring Ricky Carmichael (USA)	85	1102	gamecube	./roms/MX Superfly Featuring Ricky Carmichael (USA).rvz
ngc	Nba Live 2004 (USA)	85	1005	gamecube	./roms/NBA Live 2004 (USA).rvz
ngc	Need For Speed Carbon (USA)	85	1145	gamecube	./roms/Need for Speed - Carbon (USA).rvz
ngc	NHL Hitz 2002 (USA)	85	688	gamecube	./roms/NHL Hitz 2002 (USA).rvz
ngc	Phantasy Star Online Episode III : C.A.R.D. Revolu (USA)	85	1087	gamecube	./roms/Phantasy Star Online Episode III - C.A.R.D. Revolution (USA).rvz
ngc	Prince of Persia: Warrior Within (USA)	85	1272	gamecube	./roms/Prince of Persia - Warrior Within (USA).rvz
ngc	Resident Evil - Code: Veronica X (USA) (Disc 2)	85	1061	gamecube	./roms/Resident Evil - Code - Veronica X (USA) (Disc 2).rvz
ngc	Resident Evil Zero (USA) (Disc 1)	85	1254	gamecube	./roms/Resident Evil Zero (USA) (Disc 1).rvz
ngc	Robotech : Battlecry (USA)	85	1227	gamecube	./roms/Robotech - Battlecry (USA).rvz
ngc	Sega Soccer Slam (USA)	85	449	gamecube	./roms/Sega Soccer Slam (USA).rvz
ngc	The Simpsons : Hit & Run (USA)	85	702	gamecube	./roms/Simpsons, The - Hit & Run (USA).rvz
ngc	Sphinx and the Cursed Mummy (USA)	85	619	gamecube	./roms/Sphinx and the Cursed Mummy (USA).rvz
ngc	Splinter Cell Double Agent (USA) (Disc 2)	85	1195	gamecube	./roms/Tom Clancy's Splinter Cell - Double Agent (USA) (Disc 2).rvz
ngc	Tony Hawk's Underground (USA)	85	1315	gamecube	./roms/Tony Hawk's Underground (USA).rvz
ngc	Viewtiful Joe 2 : Black Film no Nazo (USA)	85	686	gamecube	./roms/Viewtiful Joe 2 (USA).rvz
ngc	WWE Day Of Reckoning 2 (USA)	85	991	gamecube	./roms/WWE Day of Reckoning 2 (USA).rvz
ngc	Zatchbell! : Mamodo Fury (USA)	85	413	gamecube	./roms/Zatch Bell! - Mamodo Fury (USA).rvz
ngc	007: NightFire (USA)	85	1262	gamecube	./roms/007 - Nightfire (USA).rvz
ngc	2006 FIFA World Cup (USA)	85	1029	gamecube	./roms/2006 FIFA World Cup (USA).rvz
ngc	Barnyard (USA)	85	793	gamecube	./roms/Barnyard (USA).rvz
ngc	Harry Potter and the Prisoner of Azkaban (USA)	85	1080	gamecube	./roms/Harry Potter and the Prisoner of Azkaban (USA).rvz
ngc	Medal of Honor: Frontline (USA)	85	1033	gamecube	./roms/Medal of Honor - Frontline (USA).rvz
ngc	Metal Arms : Glitch in the System (USA)	85	1110	gamecube	./roms/Metal Arms - Glitch in the System (USA).rvz
ngc	Mortal Kombat: Deadly Alliance (USA)	85	1214	gamecube	./roms/Mortal Kombat - Deadly Alliance (USA).rvz
ngc	Need for Speed : Most Wanted (USA)	85	1064	gamecube	./roms/Need for Speed - Most Wanted (USA).rvz
ngc	NHL Hitz 2003 (USA)	85	1026	gamecube	./roms/NHL Hitz 2003 (USA).rvz
ngc	Rampage : Total Destruction (USA)	85	380	gamecube	./roms/Rampage - Total Destruction (USA).rvz
ngc	SpongeBob SquarePants: Battle for Bikini Bottom (USA)	85	891	gamecube	./roms/SpongeBob SquarePants - Battle for Bikini Bottom (USA).rvz
ngc	Tak 2: The Staff of Dreams (USA)	85	1229	gamecube	./roms/Tak 2 - The Staff of Dreams (USA).rvz
ngc	Digimon : Rumble Arena 2 (USA)	85	952	gamecube	./roms/Digimon Rumble Arena 2 (USA).rvz
ngc	Donkey Kong Jungle Beat (USA)	85	582	gamecube	./roms/Donkey Kong Jungle Beat (USA).rvz
ngc	Fight Night : Round 2 (USA)	85	1005	gamecube	./roms/Fight Night Round 2 (USA).rvz
ngc	Harvest Moon : Another Wonderful Life (USA)	85	397	gamecube	./roms/Harvest Moon - Another Wonderful Life (USA).rvz
ngc	Hello Kitty: Roller Rescue (USA)	85	965	gamecube	./roms/Hello Kitty - Roller Rescue (USA).rvz
ngc	Mega Man X Command Mission (USA)	85	802	gamecube	./roms/Mega Man X - Command Mission (USA).rvz
ngc	007: Everything or Nothing (USA)	85	1238	gamecube	./roms/007 - Everything or Nothing (USA).rvz
pcengine	Chibi Maruko-chan : Quiz de Piihyara (Japan)	85	0	pcengine	./roms/Chibi Maruko Chan - Quiz de Piihyara (Japan).zip
pcengine	Juuouki (Japan)	85	0	pcengine	./roms/Juuouki (Japan).zip
pcengine	Pachio-kun : Juuban Shoubu (Japan)	85	0	pcengine	./roms/Pachio Kun - Juuban Shoubu (Japan).zip
pcengine	Power League 4 (Japan)	85	0	pcengine	./roms/Power League IV (Japan).zip
pcengine	Salamander (Japan)	85	0	pcengine	./roms/Salamander (Japan).zip
pcengine	Super Momotarou Dentetsu (Japan)	85	0	pcengine	./roms/Super Momotarou Dentetsu (Japan).zip
pcengine	Susanoou Densetsu (Japan)	85	0	pcengine	./roms/Susanoo Densetsu (Japan).zip
pcengine	Tora e no Michi (Japan)	85	0	pcengine	./roms/Tora heno Michi (Japan).zip
pcenginecd	Bomberman - Panic Bomber (Japan)	85	517	pcenginecd	./roms/Bomberman - Panic Bomber (Japan).chd
pcenginecd	Chou Jikuu Yousai Macross 2036 (Japan)	85	519	pcenginecd	./roms/Choujikuu Yousai Macross 2036 (Japan).chd
pcenginecd	Imagefight 2 - Operation Deepstriker (Japan)	85	449	pcenginecd	./roms/Image Fight 2 - Operation Deepstriker (Japan).chd
ps2	007 : Everything or Nothing (USA)	85	1944	ps2	./roms/USA/007 - Everything or Nothing (USA).chd
ps2	Destroy All Humans! (USA)	85	2358	ps2	./roms/USA/Destroy All Humans! (USA).chd
ps2	Dynasty Warriors 4 (USA)	85	2206	ps2	./roms/USA/Dynasty Warriors 4 (USA).chd
ps2	ESPN NBA Basketball (USA)	85	1567	ps2	./roms/USA/ESPN NBA Basketball (USA).chd
ps2	FIFA Street 2 (USA)	85	1704	ps2	./roms/USA/FIFA Street 2 (USA).chd
ps2	Freedom Fighters (USA)	85	1792	ps2	./roms/USA/Freedom Fighters (USA).chd
ps2	Gladius (USA)	85	1717	ps2	./roms/USA/Gladius (USA).chd
ps2	The Godfather (USA)	85	2583	ps2	./roms/USA/Godfather, The (USA).chd
ps2	Hitman : Contracts (USA)	85	2327	ps2	./roms/USA/Hitman - Contracts (USA).chd
ps2	Indigo Prophecy (USA)	85	1110	ps2	./roms/USA/Indigo Prophecy (USA).chd
ps2	Jurassic Park : Operation Genesis (USA)	85	348	ps2	./roms/USA/Jurassic Park - Operation Genesis (USA).chd
ps2	Lemony Snicket's A Series of Unfortunate Events (USA)	85	2236	ps2	./roms/USA/Lemony Snicket's A Series of Unfortunate Events (USA).chd
ps2	Malice (USA)	85	1659	ps2	./roms/USA/Malice (USA).chd
ps2	Mat Hoffman's Pro BMX 2 (USA)	85	4074	ps2	./roms/USA/Mat Hoffman's Pro BMX 2 (USA).chd
ps2	Medal of Honor : Frontline (USA)	85	2820	ps2	./roms/USA/Medal of Honor - Frontline (USA).chd
ps2	Metal Gear Solid 2 : Substance (USA)	85	4410	ps2	./roms/USA/Metal Gear Solid 2 - Substance (USA).chd
ps2	Midnight Club 3 : DUB Edition (USA)	85	3347	ps2	./roms/USA/Midnight Club 3 - DUB Edition (USA).chd
ps2	Mortal Kombat : Deception (USA)	85	2266	ps2	./roms/USA/Mortal Kombat - Deception (USA).chd
ps2	MotoGP (USA)	85	361	ps2	./roms/USA/MotoGP (USA).chd
ps2	MX 2002 featuring Ricky Carmichael (USA)	85	488	ps2	./roms/USA/MX 2002 featuring Ricky Carmichael (USA).chd
ps2	MX Unleashed (USA)	85	1272	ps2	./roms/USA/MX Unleashed (USA).chd
ps2	Prince of Persia : Warrior Within (USA)	85	2038	ps2	./roms/USA/Prince of Persia - Warrior Within (USA).chd
ps2	Rocky (USA)	85	2146	ps2	./roms/USA/Rocky (USA).chd
ps2	Secret Weapons over Normandy (USA)	85	3401	ps2	./roms/USA/Secret Weapons over Normandy (USA).chd
ps2	The Simpsons : Hit & Run (USA)	85	881	ps2	./roms/USA/Simpsons, The - Hit & Run (USA).chd
ps2	Spartan : Total Warrior (USA)	85	1448	ps2	./roms/USA/Spartan - Total Warrior (USA).chd
ps2	Star Wars : Battlefront (USA)	85	1547	ps2	./roms/USA/Star Wars - Battlefront (USA).chd
ps2	Tom Clancy's Splinter Cell : Pandora Tomorrow (USA)	85	1548	ps2	./roms/USA/Tom Clancy's Splinter Cell - Pandora Tomorrow (USA).chd
ps2	Twisted Metal : Black (USA)	85	3405	ps2	./roms/USA/Twisted Metal - Black (USA).chd
ps2	Urban Chaos : Riot Response (USA)	85	2476	ps2	./roms/USA/Urban Chaos - Riot Response (USA).chd
ps2	X-Men Legends (USA)	85	1454	ps2	./roms/USA/X-Men Legends (USA).chd
ps2	Baldur's Gate : Dark Alliance (USA)	85	2730	ps2	./roms/USA/Baldur's Gate - Dark Alliance (USA).chd
ps2	Battlefield 2 : Modern Combat (USA)	85	2299	ps2	./roms/USA/Battlefield 2 - Modern Combat (USA).chd
ps2	BloodRayne 2 (USA)	85	3628	ps2	./roms/USA/BloodRayne 2 (USA).chd
ps2	Brothers in Arms : Earned in Blood (USA)	85	1796	ps2	./roms/USA/Brothers in Arms - Earned in Blood (USA).chd
ps2	Castlevania : Lament of Innocence (USA)	85	2429	ps2	./roms/USA/Castlevania - Lament of Innocence (USA).chd
ps2	Destroy All Humans! 2 (USA)	85	2003	ps2	./roms/USA/Destroy All Humans! 2 (USA).chd
ps2	Devil May Cry 3 : Dante's Awakening Special Edition (USA)	85	3406	ps2	./roms/USA/Devil May Cry 3 - Dante's Awakening - Special Edition (USA).chd
ps2	ESPN NHL 2K5 (USA)	85	3377	ps2	./roms/USA/ESPN NHL 2K5 (USA).chd
ps2	FIFA Soccer 2003 (USA)	85	2788	ps2	./roms/USA/FIFA Soccer 2003 (USA).chd
ps2	FIFA Street (USA)	85	1460	ps2	./roms/USA/FIFA Street (USA).chd
ps2	FlatOut 2 (USA)	85	2549	ps2	./roms/USA/FlatOut 2 (USA).chd
ps2	Harry Potter and the Chamber of Secrets (USA)	85	521	ps2	./roms/USA/Harry Potter and the Chamber of Secrets (USA).chd
ps2	Harry Potter and the Prisoner of Azkaban (USA)	85	1857	ps2	./roms/USA/Harry Potter and the Prisoner of Azkaban (USA).chd
ps2	Heroes of the Pacific (USA)	85	1921	ps2	./roms/USA/Heroes of the Pacific (USA).chd
ps2	ICO (Europe)	85	724	ps2	./roms/USA/ICO (Europe).chd
ps2	LEGO Star Wars II : The Original Trilogy (USA)	85	1064	ps2	./roms/USA/LEGO Star Wars II - The Original Trilogy (USA).chd
ps2	The Lord of the Rings : The Two Towers (USA)	85	2962	ps2	./roms/USA/Lord of the Rings, The - The Two Towers (USA).chd
ps2	Madden NFL 06 (USA)	85	3041	ps2	./roms/USA/Madden NFL 06 (USA).chd
ps2	Madden NFL 09 (USA)	85	1417	ps2	./roms/USA/Madden NFL 09 (USA).chd
ps2	Metal Arms : Glitch in the System (USA)	85	1635	ps2	./roms/USA/Metal Arms - Glitch in the System (USA).chd
ps2	Midnight Club II (USA)	85	2585	ps2	./roms/USA/Midnight Club II (USA).chd
ps2	Mortal Kombat : Armageddon (USA)	85	2596	ps2	./roms/USA/Mortal Kombat - Armageddon (USA).chd
ps2	MX Superfly featuring Ricky Carmichael (USA)	85	1198	ps2	./roms/USA/MX SuperFly (USA).chd
ps2	Myst III : Exile (USA)	85	3353	ps2	./roms/USA/Myst III - Exile (USA).chd
ps2	NBA 2K3 (USA)	85	1649	ps2	./roms/USA/NBA 2K3 (USA).chd
ps2	NBA 2K7 (USA)	85	2497	ps2	./roms/USA/NBA 2K7 (USA).chd
ps2	NBA Live 2003 (USA)	85	1233	ps2	./roms/USA/NBA Live 2003 (USA).chd
ps2	NBA Live 2004 (USA)	85	2542	ps2	./roms/USA/NBA Live 2004 (USA).chd
ps2	NBA Street Vol. 2 (USA)	85	1601	ps2	./roms/USA/NBA Street Vol. 2 (USA).chd
ps2	Need for Speed : Hot Pursuit 2 (USA)	85	2460	ps2	./roms/USA/Need for Speed - Hot Pursuit 2 (USA).chd
ps2	Need for Speed : Underground (USA)	85	2121	ps2	./roms/USA/Need for Speed - Underground (USA).chd
ps2	NHL 2004 (USA)	85	2707	ps2	./roms/USA/NHL 2004 (USA).chd
ps2	NHL 2K6 (USA)	85	3145	ps2	./roms/USA/NHL 2K6 (USA).chd
ps2	Rayman 2 : Revolution (USA)	85	1632	ps2	./roms/USA/Rayman 2 - Revolution (USA).chd
ps2	Rayman Arena (USA)	85	503	ps2	./roms/USA/Rayman Arena (USA).chd
ps2	Red Dead Revolver (USA)	85	1769	ps2	./roms/USA/Red Dead Revolver (USA).chd
ps2	Resident Evil Code: Veronica X (USA)	85	1601	ps2	./roms/USA/Resident Evil Code - Veronica X (USA).chd
ps2	Rocky Legends (USA)	85	1931	ps2	./roms/USA/Rocky - Legends (USA).chd
ps2	Scarface : The World Is Yours (USA)	85	2776	ps2	./roms/USA/Scarface - The World Is Yours (USA).chd
ps2	Scooby-Doo! Unmasked (USA)	85	460	ps2	./roms/USA/Scooby-Doo! Unmasked (USA).chd
ps2	Second Sight (USA)	85	826	ps2	./roms/USA/Second Sight (USA).chd
ps2	Smash Court Tennis : Pro Tournament 2 (USA)	85	1039	ps2	./roms/USA/Smash Court Tennis Pro Tournament 2 (USA).chd
ps2	Sniper Elite (USA)	85	927	ps2	./roms/USA/Sniper Elite (USA).chd
ps2	Sonic Mega Collection Plus (USA)	85	1604	ps2	./roms/USA/Sonic Mega Collection Plus (USA).chd
ps2	SpyHunter (USA)	85	1559	ps2	./roms/USA/Spy Hunter (USA).chd
ps2	SSX On Tour (USA)	85	1175	ps2	./roms/USA/SSX On Tour (USA).chd
ps2	SSX Tricky (USA)	85	2478	ps2	./roms/USA/SSX Tricky (USA).chd
ps2	Street Racing Syndicate (USA)	85	2085	ps2	./roms/USA/Street Racing Syndicate (USA).chd
ps2	The Suffering (USA)	85	3102	ps2	./roms/USA/Suffering, The (USA).chd
ps2	Tekken 5 (USA)	85	4161	ps2	./roms/USA/Tekken 5 (USA).chd
ps2	Tom Clancy's Splinter Cell (USA)	85	2662	ps2	./roms/USA/Tom Clancy's Splinter Cell (USA).chd
ps2	Tom Clancy's Splinter Cell : Double Agent (USA)	85	2720	ps2	./roms/USA/Tom Clancy's Splinter Cell - Double Agent (USA).chd
ps2	Tony Hawk's American Wasteland (USA)	85	2842	ps2	./roms/USA/Tony Hawk's American Wasteland (USA).chd
ps2	Tony Hawk's Pro Skater 3 (USA)	85	2880	ps2	./roms/USA/Tony Hawk's Pro Skater 3 (USA).chd
ps2	TransWorld Surf (USA)	85	3870	ps2	./roms/USA/TransWorld Surf (USA).chd
ps2	World Poker Tour (USA)	85	1124	ps2	./roms/USA/World Poker Tour (USA).chd
ps2	World Soccer : Winning Eleven 9 (USA)	85	2222	ps2	./roms/USA/World Soccer Winning Eleven 9 (USA).chd
ps2	X-Men Legends II : Rise of Apocalypse (USA)	85	1527	ps2	./roms/USA/X-Men Legends II - Rise of Apocalypse (USA).chd
ps2	Burnout Revenge (USA)	85	1908	ps2	./roms/USA/Burnout Revenge (USA).chd
ps3	Catherine	85	0	ps3	./roms/Catherine.ps3
ps3	Dark Souls II	85	0	ps3	./roms/Dark Souls 2.ps3
ps3	Demon's Souls	85	0	ps3	./roms/Demon's Souls.ps3
ps3	Devil May Cry 4	85	0	ps3	./roms/Devil May Cry 4.ps3
ps3	Dragon's Crown	85	0	ps3	./roms/Dragon's Crown.ps3
ps3	Dragon's Dogma	85	0	ps3	./roms/Dragon's Dogma.ps3
ps3	JoJo's Bizarre Adventure : All Star Battle	85	0	ps3	./roms/JoJo's Bizarre Adventure All-Star Battle.ps3
ps3	Ratchet & Clank Collection	85	0	ps3	./roms/Ratchet & Clank Trilogy.ps3
ps3	Super Street Fighter IV	85	0	ps3	./roms/STREET FIGHTER Ⅳ.ps3
psp	Angry Birds (USA)	85	18	psp	./roms/Angry Birds (USA).cso
psp	Ape Academy 2 (Europe)	85	391	psp	./roms/Ape Academy 2 (Europe).cso
psp	2006 Fifa World Cup (USA)	85	795	psp	./roms/FIFA World Cup - Germany 2006 (USA).cso
psp	Hot Shots Golf : Open Tee 2 (USA)	85	429	psp	./roms/Hot Shots Golf - Open Tee 2 (USA).cso
psp	Innocent Life : A Futuristic Harvest Moon (USA)	85	269	psp	./roms/Innocent Life - A Futuristic Harvest Moon (USA).cso
psp	The Legend of Heroes III : Song of the Ocean (USA)	85	756	psp	./roms/Legend of Heroes III, The - Song of The Ocean (USA).cso
psp	TOCA Race Driver 2 : The Ultimate Racing Simulator (Europe)	85	854	psp	./roms/TOCA Race Driver 2 (Europe).cso
psp	Warriors Orochi (USA)	85	499	psp	./roms/Warriors Orochi (USA).cso
psp	Bakugan Battle Brawlers : Defenders of the Core (USA)	85	762	psp	./roms/Bakugan Battle Brawlers - Defenders of the Core (USA).cso
psp	BlazBlue : Calamity Trigger Portable (USA)	85	947	psp	./roms/BlazBlue - Calamity Trigger Portable (USA).cso
psp	Cabela's North American Adventures (USA)	85	281	psp	./roms/Cabela's North American Adventures (USA).cso
psp	ClaDun : This is an RPG (USA)	85	185	psp	./roms/Cladun - This is an RPG! (USA).cso
psp	Def Jam : Fight for NY, The Takeover (USA)	85	524	psp	./roms/Def Jam - Fight for NY - The Takeover (USA).cso
psp	Disgaea 2 : Dark Hero Days (USA)	85	506	psp	./roms/Disgaea 2 - Dark Hero Days (USA).cso
psp	Dissidia 012 : Duodecim Final Fantasy (USA)	85	1350	psp	./roms/Dissidia 012 - Prologus Final Fantasy (USA).cso
psp	Dragon Ball Z : Shin Budokai (USA)	85	542	psp	./roms/Dragon Ball Z - Shin Budokai (USA).cso
psp	Dragon's Lair (USA)	85	251	psp	./roms/Dragon's Lair (USA).cso
psp	Dungeon Siege : Throne of Agony (USA)	85	511	psp	./roms/Dungeon Siege - Throne of Agony (USA).cso
psp	Everybody's Golf 2 (USA)	85	1174	psp	./roms/Everybody's Golf 2 (USA).cso
psp	Fate-Extra (USA)	85	1174	psp	./roms/Fate-Extra (USA).cso
psp	Fight Night Round 3 (USA)	85	548	psp	./roms/Fight Night Round 3 (USA).cso
psp	Final Fantasy III (USA)	85	263	psp	./roms/Final Fantasy III (USA).cso
psp	FlatOut : Head On (USA)	85	383	psp	./roms/FlatOut - Head On (USA).cso
psp	Generation of Chaos : Pandora's Reflection (USA)	85	730	psp	./roms/Generation of Chaos - Pandora's Reflection (USA).cso
psp	Invizimals (USA)	85	1420	psp	./roms/Invizimals (USA).cso
psp	Iron Man 2 : The Video Game (USA)	85	736	psp	./roms/Iron Man 2 - The Video Game (USA).cso
psp	Kingdom of Paradise (USA)	85	1023	psp	./roms/Kingdom of Paradise (USA).cso
psp	LEGO Star Wars II : The Original Trilogy (USA)	85	877	psp	./roms/LEGO Star Wars II - The Original Trilogy (USA).cso
psp	MediEvil : Resurrection (USA)	85	462	psp	./roms/MediEvil - Resurrection (USA).cso
psp	Midnight Club : L.A. Remix (USA)	85	628	psp	./roms/Midnight Club - L.A. Remix (USA).cso
psp	Mimana : Iyar Chronicle (USA)	85	461	psp	./roms/Mimana - Iyar Chronicle (USA).cso
psp	Mind Quiz (USA)	85	43	psp	./roms/Mind Quiz (USA).cso
psp	Monster Hunter Freedom (USA)	85	665	psp	./roms/Monster Hunter Freedom (USA).cso
psp	MotorStorm : Arctic Edge (USA)	85	604	psp	./roms/MotorStorm - Arctic Edge (USA).cso
psp	Namco Museum : Battle Collection (USA)	85	124	psp	./roms/Namco Museum - Battle Collection (USA).cso
psp	NASCAR (USA)	85	631	psp	./roms/NASCAR (USA).cso
psp	NBA 2K11 (USA)	85	939	psp	./roms/NBA 2K11 (USA).cso
psp	Phineas and Ferb - Across the Second Dimension (USA)	85	855	psp	./roms/Phineas and Ferb - Across the 2nd Dimension (USA).cso
psp	Puzzle Quest : Challenge of the Warlords (USA)	85	87	psp	./roms/Puzzle Quest - Challenge of the Warlords (USA).cso
psp	Rocky Balboa (USA)	85	307	psp	./roms/Rocky Balboa (USA).cso
psp	SOCOM : U.S. Navy SEALs, Fireteam Bravo 2 (USA)	85	221	psp	./roms/SOCOM - U.S. Navy Seals - Fireteam Bravo 2 (USA).cso
psp	SOCOM : U.S. Navy SEALs, Fireteam Bravo 3 (USA)	85	798	psp	./roms/SOCOM - U.S. Navy Seals - Fireteam Bravo 3 (USA).cso
psp	Star Wars : The Force Unleashed (USA)	85	697	psp	./roms/Star Wars - The Force Unleashed (USA).cso
psp	Tales of Eternia (Europe)	85	556	psp	./roms/Tales of Eternia (Europe).cso
psp	Tekken : Dark Resurrection (USA)	85	840	psp	./roms/Tekken - Dark Resurrection (USA).cso
psp	Tiger Woods PGA Tour 07 (USA)	85	665	psp	./roms/Tiger Woods PGA Tour 07 (USA).cso
psp	Toy Story 3 (USA)	85	192	psp	./roms/Toy Story 3 (USA).cso
psp	Valkyria Chronicles II (USA)	85	878	psp	./roms/Valkyria Chronicles II (USA).cso
psp	Virtua Tennis : World Tour (USA)	85	184	psp	./roms/Virtua Tennis - World Tour (USA).cso
psp	Worms : Open Warfare 2 (USA)	85	149	psp	./roms/Worms - Open Warfare 2 (USA).cso
psp	WWE SmackDown! vs. RAW 2010 featuring ECW (USA)	85	1205	psp	./roms/WWE SmackDown! vs. RAW 2010 featuring ECW (USA).cso
pspminis	Dracula : Undead Awakening (USA)	85	11	pspminis	./roms/Dracula - Undead Awakening (USA).cso
pspminis	Pinball Dreaming : Pinball Dreams (USA)	85	5	pspminis	./roms/Pinball Dreams (USA).cso
pspminis	Puzzle Quest : Challenge of the Warlords (Europe)	85	69	pspminis	./roms/Puzzle Quest - Challenge of the Warlords (Europe).cso
pspminis	Angry Birds (USA)	85	18	pspminis	./roms/Angry Birds (USA).cso
psx	Agent Armstrong (Europe)	85	399	psx	./roms/Agent Armstrong (Europe).chd
psx	Atlantis : The Lost Tales (Europe) (Disc 2)	85	397	psx	./roms/Atlantis - The Lost Tales (Europe) (Disc 2).chd
psx	Big Ol' Bass 2 (USA)	85	206	psx	./roms/Big Ol' Bass 2 (USA).chd
psx	Blazing Dragons (USA)	85	137	psx	./roms/Blazing Dragons (USA).chd
psx	Bloody Roar (USA)	85	351	psx	./roms/Bloody Roar (USA).chd
psx	Bugs Bunny & Taz : Time Busters (USA)	85	434	psx	./roms/Bugs Bunny & Taz - Time Busters (USA).chd
psx	Car and Driver Presents : Grand Tour Racing '98 (USA)	85	243	psx	./roms/Car and Driver Presents - Grand Tour Racing '98 (USA).chd
psx	Chrono Cross (USA) (Disc 2)	85	519	psx	./roms/Chrono Cross (USA) (Disc 2).chd
psx	Circuit Breakers (USA)	85	173	psx	./roms/Circuit Breakers (USA).chd
psx	Clock Tower II : The Struggle Within (USA)	85	125	psx	./roms/Clock Tower II - The Struggle Within (USA).chd
psx	Command & Conquer : Red Alert (USA) (Disc 2)	85	595	psx	./roms/Command & Conquer - Red Alert (USA) (Disc 2).chd
psx	Courier Crisis : The Saga of the Modern Fatalist (USA)	85	219	psx	./roms/Courier Crisis (USA).chd
psx	CT Special Forces 3 : Bioterror (Europe)	85	63	psx	./roms/CT Special Forces 3 - Bioterror (Europe).chd
psx	Destrega (USA)	85	311	psx	./roms/Destrega (USA).chd
psx	Digimon Rumble Arena (USA)	85	175	psx	./roms/Digimon Rumble Arena (USA).chd
psx	Digimon World 3 (USA)	85	377	psx	./roms/Digimon World 3 (USA).chd
psx	Dino Crisis (USA)	85	248	psx	./roms/Dino Crisis (USA).chd
psx	Disney's Aladdin in Nasira's Revenge (USA)	85	399	psx	./roms/Disney's Aladdin in Nasira's Revenge (USA).chd
psx	Disney's Atlantis : The Lost Empire (USA)	85	200	psx	./roms/Disney's Atlantis - The Lost Empire (USA).chd
psx	Disney's The Emperor's New Groove (USA)	85	377	psx	./roms/Disney's The Emperor's New Groove (USA).chd
psx	Duke Nukem : Time To Kill (USA)	85	206	psx	./roms/Duke Nukem - Time to Kill (USA).chd
psx	Duke Nukem : Total Meltdown (USA)	85	484	psx	./roms/Duke Nukem - Total Meltdown (USA).chd
psx	Eagle One : Harrier Attack (USA)	85	335	psx	./roms/Eagle One - Harrier Attack (USA).chd
psx	F1 Championship Season 2000 (USA)	85	339	psx	./roms/F1 Championship Season 2000 (USA).chd
psx	F1 Racing Championship (USA)	85	314	psx	./roms/F1 Racing Championship (USA).chd
psx	Fear Effect 2 : Retro Helix (USA) (Disc 4)	85	577	psx	./roms/Fear Effect 2 - Retro Helix (USA) (Disc 4).chd
psx	FIFA : Road to World Cup 98 (USA)	85	377	psx	./roms/FIFA - Road to World Cup 98 (USA).chd
psx	Formula 1 Championship Edition (USA)	85	462	psx	./roms/Formula 1 Championship Edition (USA).chd
psx	Micro Maniacs Racing (USA)	85	289	psx	./roms/FoxKids.com - Micro Maniacs Racing (USA).chd
psx	G. Darius (USA)	85	370	psx	./roms/G. Darius (USA).chd
psx	Gauntlet Legends (USA)	85	400	psx	./roms/Gauntlet Legends (USA).chd
psx	Gekido : Urban Fighters (USA)	85	177	psx	./roms/Gekido - Urban Fighters (USA).chd
psx	Gex 3 : Deep Cover Gecko (USA)	85	286	psx	./roms/Gex 3 - Deep Cover Gecko (USA).chd
psx	Hogs of War (USA)	85	225	psx	./roms/Hogs of War (USA).chd
psx	Inuyasha : A Feudal Fairy Tale (USA)	85	279	psx	./roms/Inuyasha - A Feudal Fairy Tale (USA).chd
psx	Jarrett & Labonte Stock Car Racing (USA)	85	166	psx	./roms/Jarrett & Labonte Stock Car Racing (USA).chd
psx	Jumping Flash! (USA)	85	273	psx	./roms/Jumping Flash! (USA).chd
psx	Kensei : Sacred Fist (USA)	85	213	psx	./roms/Kensei - Sacred Fist (USA).chd
psx	King's Field II (USA)	85	356	psx	./roms/King's Field II (USA).chd
psx	LMA Manager 2002 (Europe)	85	229	psx	./roms/LMA Manager 2002 (Europe).chd
psx	Louvre : The Final Curse (Europe) (Disc 2)	85	543	psx	./roms/Louvre - The Final Curse (Europe) (Disc 2).chd
psx	Mega Man 8 (USA)	85	254	psx	./roms/Mega Man 8 (USA).chd
psx	Mega Man Legends 2 (USA)	85	233	psx	./roms/Mega Man Legends 2 (USA).chd
psx	Metal Gear Solid : VR Missions (USA)	85	306	psx	./roms/Metal Gear Solid - VR Missions (USA).chd
psx	Michael Schumacher Racing World Kart 2002 (Europe)	85	225	psx	./roms/Michael Schumacher's Racing World Kart 2002 (Europe).chd
psx	Monster Rancher (USA)	85	197	psx	./roms/Monster Rancher (USA).chd
psx	Mortal Kombat 3 (USA)	85	214	psx	./roms/Mortal Kombat 3 (USA).chd
psx	Namco Museum Vol. 5 (USA)	85	247	psx	./roms/Namco Museum Vol. 5 (USA).chd
psx	NBA Live 98 (USA)	85	382	psx	./roms/NBA Live 98 (USA).chd
psx	Need for Speed : High Stakes (USA)	85	495	psx	./roms/Need for Speed - High Stakes (USA).chd
psx	Need for Speed III : Hot Pursuit (USA)	85	356	psx	./roms/Need for Speed III - Hot Pursuit (USA).chd
psx	N-Gen Racing (USA)	85	364	psx	./roms/N-Gen Racing (USA).chd
psx	NHL FaceOff 2000 (USA)	85	295	psx	./roms/NHL FaceOff 2000 (USA).chd
psx	Omega Boost (USA)	85	334	psx	./roms/Omega Boost (USA).chd
psx	Overboard! (Europe)	85	380	psx	./roms/Overboard! (Europe).chd
psx	Panzer Front (USA)	85	106	psx	./roms/Panzer Front (USA).chd
psx	Persona 2 : Tsumi (Japan) (Translated En)	85	409	psx	./roms/Persona 2 - Innocent Sin (Japan) (Translated En).chd
psx	PO'ed (USA)	85	41	psx	./roms/PO'ed (USA).chd
psx	Point Blank (USA)	85	171	psx	./roms/Point Blank (USA).chd
psx	Pool Hustler (USA)	85	298	psx	./roms/Pool Hustler (USA).chd
psx	Powerslave (USA)	85	230	psx	./roms/Powerslave (USA).chd
psx	Project Overkill (USA)	85	298	psx	./roms/Project Overkill (USA).chd
psx	Rat Attack! (USA)	85	324	psx	./roms/Rat Attack! (USA).chd
psx	RayStorm (USA)	85	398	psx	./roms/RayStorm (USA).chd
psx	Reel Fishing (USA)	85	137	psx	./roms/Reel Fishing (USA).chd
psx	Resident Evil 3 : Nemesis (USA)	85	369	psx	./roms/Resident Evil 3 - Nemesis (USA).chd
psx	Robo Pit 2 (USA)	85	75	psx	./roms/Robo Pit 2 (USA).chd
psx	Rollcage Stage II (USA)	85	374	psx	./roms/Rollcage - Stage II (USA).chd
psx	Rushdown (USA)	85	309	psx	./roms/Rushdown (USA).chd
psx	Shipwreckers! (USA)	85	400	psx	./roms/Shipwreckers! (USA).chd
psx	Silent Bomber (USA)	85	188	psx	./roms/Silent Bomber (USA).chd
psx	Star Ocean : The Second Story (USA) (Disc 2)	85	572	psx	./roms/Star Ocean - The Second Story (USA) (Disc 2).chd
psx	Star Trek : Invasion (USA)	85	311	psx	./roms/Star Trek - Invasion (USA).chd
psx	Strider 2 (USA)	85	247	psx	./roms/Strider 2 (USA).chd
psx	Strike Point (USA)	85	165	psx	./roms/Strike Point (USA).chd
psx	Supercross 2001 (USA)	85	233	psx	./roms/Supercross (USA).chd
psx	Tactics Ogre (USA)	85	31	psx	./roms/Tactics Ogre (USA).chd
psx	T'ai Fu : Wrath of the Tiger (USA)	85	418	psx	./roms/T'ai Fu - Wrath of the Tiger (USA).chd
psx	Tales of Destiny II (USA) (Disc 3)	85	480	psx	./roms/Tales of Destiny II (USA) (Disc 3).chd
psx	Tekken 2 (USA)	85	511	psx	./roms/Tekken 2 (USA).chd
psx	Tempest X3 (USA)	85	247	psx	./roms/Tempest X3 (USA).chd
psx	Tennis Arena (USA)	85	104	psx	./roms/Tennis Arena (USA).chd
psx	Thunderstrike 2 (USA)	85	277	psx	./roms/ThunderStrike 2 (USA).chd
psx	Time Crisis (USA)	85	395	psx	./roms/Time Crisis (USA).chd
psx	TOCA 2 Touring Car Challenge (USA)	85	276	psx	./roms/TOCA 2 Touring Car Challenge (USA).chd
psx	Tomb Raider II : Starring Lara Croft (USA)	85	350	psx	./roms/Tomb Raider II - Starring Lara Croft (USA).chd
psx	Twisted Metal : Small Brawl (USA)	85	194	psx	./roms/Twisted Metal - Small Brawl (USA).chd
psx	Valkyrie Profile (USA) (Disc 2)	85	576	psx	./roms/Valkyrie Profile (USA) (Disc 2).chd
psx	WarCraft II : The Dark Saga (USA)	85	447	psx	./roms/WarCraft II - The Dark Saga (USA).chd
psx	Warhammer : Dark Omen (USA)	85	275	psx	./roms/Warhammer - Dark Omen (USA).chd
psx	Warhammer : Shadow of the Horned Rat (USA)	85	492	psx	./roms/Warhammer - Shadow of the Horned Rat (USA).chd
psx	WipEout 3 (USA)	85	405	psx	./roms/WipEout 3 (USA).chd
psx	World's Scariest Police Chases (USA)	85	238	psx	./roms/World's Scariest Police Chases (USA).chd
psx	Xenogears (USA) (Disc 2)	85	466	psx	./roms/Xenogears (USA) (Disc 2).chd
psx	X-Men vs. Street Fighter (USA)	85	223	psx	./roms/X-Men vs. Street Fighter (USA).chd
psx	Alone in the Dark : The New Nightmare (USA) (Disc 2)	85	500	psx	./roms/Alone in the Dark - The New Nightmare (USA) (Disc 2).chd
psx	Army Men : Air Attack (USA)	85	281	psx	./roms/Army Men - Air Attack (USA).chd
saturn	DragonHeart : Fire & Steel (USA)	85	258	saturn	./roms/DragonHeart - Fire & Steel (USA).chd
saturn	Herc's Adventures (USA)	85	289	saturn	./roms/Herc's Adventures (USA).chd
saturn	The Legend of Oasis (USA)	85	50	saturn	./roms/Legend of Oasis, The (USA).chd
saturn	Rockman 8 : Metal Heroes (USA)	85	213	saturn	./roms/Mega Man 8 - Anniversary Collector's Edition (USA).chd
saturn	Road & Track Presents : The Need for Speed (USA)	85	447	saturn	./roms/Need for Speed, The (USA).chd
saturn	Off-World Interceptor Extreme (USA)	85	284	saturn	./roms/Off-World Interceptor Extreme (USA).chd
saturn	Panzer Dragoon II Zwei (USA)	85	329	saturn	./roms/Panzer Dragoon II - Zwei (USA).chd
saturn	Resident Evil (USA)	85	405	saturn	./roms/Resident Evil (USA).chd
saturn	Shinobi Legions (USA)	85	350	saturn	./roms/Shinobi Legions (USA).chd
saturn	Sonic Jam (USA)	85	381	saturn	./roms/Sonic Jam (USA).chd
saturn	Space Hulk : Vengeance of the Blood Angels (USA)	85	285	saturn	./roms/Space Hulk - Vengeance of the Blood Angels (USA).chd
saturn	Steep Slope Sliders (USA)	85	228	saturn	./roms/Steep Slope Sliders (USA).chd
saturn	Street Fighter Collection (USA) (Disc 2)	85	355	saturn	./roms/Street Fighter Collection (USA) (Disc 2).chd
saturn	Virtua Cop 2 (USA)	85	214	saturn	./roms/Virtua Cop 2 (USA).chd
saturn	Virtual On : Cyber Troopers (USA)	85	246	saturn	./roms/Virtual-On - Cyber Troopers (USA).chd
saturn	WarCraft II : The Dark Saga (USA)	85	388	saturn	./roms/WarCraft II - The Dark Saga (USA).chd
saturn	WipEout (USA)	85	391	saturn	./roms/WipEout (USA).chd
saturn	WipEout 2097 (Europe)	85	396	saturn	./roms/WipEout 2097 (Europe).chd
saturn	X-Men : Children of the Atom (USA)	85	316	saturn	./roms/X-Men - Children of the Atom (USA).chd
saturn	Albert Odyssey : Legend of Eldean (USA)	85	368	saturn	./roms/Albert Odyssey - Legend of Eldean (USA).chd
saturn	Alone in the Dark : One-Eyed Jack's Revenge (USA)	85	102	saturn	./roms/Alone in the Dark - One-Eyed Jack's Revenge (USA).chd
saturn	Batman Forever : The Arcade Game (USA)	85	12	saturn	./roms/Batman Forever - The Arcade Game (USA).chd
saturn	Black Dawn (USA)	85	234	saturn	./roms/Black Dawn (USA).chd
saturn	Bug Too! (USA)	85	425	saturn	./roms/Bug Too! (USA).chd
saturn	Contra : Legacy of War (USA)	85	282	saturn	./roms/Contra - Legacy of War (USA).chd
saturn	Crusader : No Remorse (USA)	85	374	saturn	./roms/Crusader - No Remorse (USA).chd
saturn	Darklight Conflict (USA)	85	232	saturn	./roms/Darklight Conflict (USA).chd
saturn	Deep Fear (Europe) (Disc 2)	85	392	saturn	./roms/Deep Fear (Europe) (Disc 2).chd
saturn	Formula Karts : Special Edition (Europe)	85	350	saturn	./roms/Formula Karts - Special Edition (Europe).chd
scummvm	The Secret Of Monkey Island	85	0	scummvm	./roms/monkey/monkey.scummvm
scummvm	Monkey Island 2: LeChuck's Revenge	85	0	scummvm	./roms/monkey2/monkey2.scummvm
scummvm	Quest for Glory II: Trial by Fire	85	0	scummvm	./roms/qfg2/qfg2.scummvm
scummvm	Beneath A Steel Sky	85	0	scummvm	./roms/sky/sky.scummvm
sega32x	Mortal Kombat II (Japan, USA)	85	3	sega32x	./roms/Mortal Kombat II (Japan, USA).zip
segacd	Final Fight CD (USA)	85	386	segacd	./roms/Final Fight CD (USA).chd
segacd	Lords of Thunder (USA)	85	529	segacd	./roms/Lords of Thunder (USA).chd
segacd	Mickey Mania : The Timeless Adventures of Mickey Mouse (USA)	85	439	segacd	./roms/Mickey Mania - The Timeless Adventures Of Mickey Mouse (USA).chd
segacd	Pitfall : The Mayan Adventure (USA)	85	492	segacd	./roms/Pitfall - The Mayan Adventure (USA).chd
segacd	Soul Star (USA)	85	532	segacd	./roms/Soulstar (USA).chd
segacd	The Terminator (USA)	85	370	segacd	./roms/Terminator, The (USA).chd
sfc	Juusou Kihei Valken (Japan) (Translated En)	85	1	sfc	./roms/Assault Suits Valken (Japan) (Translated En).zip
sfc	Captain Tsubasa V : Hasha no Shougou Campione (Japan) (Translated Pt)	85	1	sfc	./roms/Captain Tsubasa V - Hasha no Shougou Campione (Japan) (Translated Pt).7z
sfc	Clock Tower (Japan) (Translated En)	85	1	sfc	./roms/Clock Tower (Japan) (Translated En).7z
sfc	Go Go Ackman 3 (Japan)	85	1	sfc	./roms/Go Go Ackman 3 (Japan).7z
sfc	Gokujou Parodius (Japan)	85	1	sfc	./roms/Gokujou Parodius (Japan).7z
sfc	Human Baseball (Japan)	85	1	sfc	./roms/Human Baseball (Japan).7z
sfc	Masters : Harukanaru Augusta 2 (Japan)	85	1	sfc	./roms/Masters - Harukanaru Augusta 2 (Japan).zip
sfc	Nice de Shot (Japan)	85	0	sfc	./roms/Nice de Shot (Japan).7z
sfc	Seiken Densetsu 3 (Japan) (Translated En)	85	4	sfc	./roms/Seiken Densetsu 3 (Japan) (Translated En).7z
sfc	Super Bomber Man 5 (Japan)	85	2	sfc	./roms/Super Bomberman 5 (Japan).7z
sfc	Tactics Ogre : Let Us Cling Together (Japan) (Translated En)	85	2	sfc	./roms/Tactics Ogre - Let Us Cling Together (Japan) (Translated En).7z
sfc	Bishoujo Senshi Sailor Moon : Another Story (Japan) (Translated En)	85	2	sfc	./roms/Bishoujo Senshi Sailor Moon - Another Story (Japan) (Translated En).7z
sfc	Bishoujo Senshi Sailor Moon R (Japan) (Translated En)	85	1	sfc	./roms/Bishoujo Senshi Sailor Moon R (Japan) (Translated En).7z
sgb	Pokémon Silver Version (USA, Europe)	85	1	sgb	./roms/Pokemon - Silver Version (USA, Europe).zip
sgb	Survival Kids (USA)	85	0	sgb	./roms/Survival Kids (USA).zip
sgb	Aladdin (USA)	85	0	sgb	./roms/Aladdin (USA).zip
sgb	Pokémon Gold Version (USA, Europe)	85	1	sgb	./roms/Pokemon - Gold Version (USA, Europe).zip
snes	Demon's Crest (USA)	85	1	snes	./roms/USA/Demon's Crest (USA).zip
snes	Donald in Maui Mallard (Europe)	85	2	snes	./roms/Europe/Donald in Maui Mallard (Europe).zip
snes	Looney Tunes Basketball (Europe)	85	2	snes	./roms/Europe/Looney Tunes Basketball (Europe).zip
snes	NHL 95 (USA)	85	1	snes	./roms/USA/NHL '95 (USA).zip
snes	Striker (Europe)	85	1	snes	./roms/Europe/World Cup Striker (Europe).zip
snes	Super Hockey (Europe)	85	1	snes	./roms/Europe/Super Hockey (Europe).zip
snes	Super Pang (Europe)	85	0	snes	./roms/Europe/Super Pang (Europe).zip
snes	Tecmo Super NBA Basketball (USA)	85	1	snes	./roms/USA/Tecmo Super NBA Basketball (USA).zip
snes	Teenage Mutant Hero Turtles IV : Turtles in Time (Europe)	85	1	snes	./roms/Europe/Teenage Mutant Hero Turtles IV - Turtles in Time (Europe).zip
snes	Tintin : Prisoners of the Sun (Europe)	85	2	snes	./roms/USA/Tintin - Prisoners of the Sun (Europe).zip
snes	Tom and Jerry (USA)	85	0	snes	./roms/USA/Tom and Jerry (USA).zip
snes	Top Gear (USA)	85	0	snes	./roms/USA/Top Gear (USA).zip
snes	Unirally (Europe)	85	1	snes	./roms/Europe/Unirally (Europe).zip
snes	Bishoujo Senshi Sailor Moon R (Japan)	85	2	snes	./roms/Japan/Bishoujo Senshi Sailor Moon R (Japan).zip
snes	Clock Tower (Japan) (Translated En)	85	2	snes	./roms/USA/Clock Tower (Japan) (Translated En).7z
snes	Dragon Ball Z: Super Gokuu Den - Kakusei Hen (Japan)	85	1	snes	./roms/Japan/Dragon Ball Z - Super Gokuu Den - Kakusei Hen (Japan).zip
snes	Masters : Harukanaru Augusta 2 (Japan)	85	1	snes	./roms/Japan/Masters - Harukanaru Augusta 2 (Japan).zip
snes	Nice de Shot (Japan)	85	1	snes	./roms/Japan/Nice de Shot (Japan).zip
snes	Nontan to Issho : Kurukuru Puzzle (Japan)	85	0	snes	./roms/Japan/Nontan to Issho - Kurukuru Puzzle (Japan).zip
snes	Othello World (Japan)	85	1	snes	./roms/Japan/Othello World (Japan).zip
snes	Seiken Densetsu 3 (Japan) (Translated En)	85	3	snes	./roms/USA/Seiken Densetsu 3 (Japan) (Translated En).7z
snes	Super F1 Circus 3 (Japan)	85	1	snes	./roms/Japan/Super F1 Circus 3 (Japan).zip
snes	Super Fire Pro Wrestling III : Easy Type (Japan)	85	1	snes	./roms/Japan/Super Fire Pro Wrestling III - Easy Type (Japan).zip
snes	Super Mario World : Super Mario Bros. 4 (Japan) (En) (Arcade) [b]	85	0	snes	./roms/Japan/Super Mario World (Japan) (En) (Arcade) [b].zip
snes	Super Tetris 2 + Bombliss: Genteiban (Japan) (Genteiban)	85	0	snes	./roms/Japan/Super Tetris 2 + Bombliss (Japan) (Genteiban).zip
snes	Tactics Ogre : Let Us Cling Together (Japan) (Translated En)	85	2	snes	./roms/USA/Tactics Ogre - Let Us Cling Together (Japan) (Translated En).7z
snes	Tecmo Super Bowl (USA)	85	1	snes	./roms/USA/Tecmo Super Bowl (USA).zip
snes	Vs. Collection (Japan)	85	0	snes	./roms/Japan/Vs. Collection (Japan).zip
snes	Wakataka Oozumou : Yume no Kyoudai Taiketsu (Japan)	85	1	snes	./roms/Japan/Wakataka Oozumou - Yume no Kyoudai Taiketsu (Japan).zip
snes	Juusou Kihei Valken (Japan) (Translated En)	85	1	snes	./roms/USA/Assault Suits Valken (Japan) (Translated En).7z
snes	Brawl Brothers (USA)	85	1	snes	./roms/USA/Brawl Brothers (USA).zip
snes	Breath of Fire II (Europe)	85	2	snes	./roms/Europe/Breath of Fire II (Europe).zip
snes	Norse by Norsewest : The Return of the Lost Viking (USA)	85	1	snes	./roms/USA/Lost Vikings 2 (USA).zip
snes	NHL Stanley Cup (USA)	85	1	snes	./roms/USA/NHL Stanley Cup (USA).zip
snes	Super Bomber Man 5 (Japan)	85	1	snes	./roms/USA/Super Bomberman 5 (Japan).7z
snes	Super Ninja Boy (USA)	85	1	snes	./roms/USA/Super Ninja Boy (USA).zip
snes	Uniracers (USA)	85	1	snes	./roms/USA/Uniracers (USA).zip
snes	Wings 2 : Aces High (USA)	85	0	snes	./roms/USA/Wings 2 - Aces High (USA).zip
snes	World Soccer 94 : Road to Glory (USA)	85	0	snes	./roms/USA/World Soccer 94 - Road to Glory (USA).zip
snes	Joe & Mac 3 : Lost in the Tropics (Europe)	85	1	snes	./roms/Europe/Joe & Mac 3 - Lost in the Tropics (Europe).zip
snes	Go Go Ackman 3 (Japan)	85	1	snes	./roms/Japan/Go Go Ackman 3 (Japan).zip
snes	Gokujou Parodius (Japan)	85	2	snes	./roms/Japan/Gokujou Parodius (Japan).zip
snes	Human Baseball (Japan)	85	1	snes	./roms/Japan/Human Baseball (Japan).zip
snes	Cybernator (Europe)	85	1	snes	./roms/Europe/Cybernator (Europe).zip
snes	Blazing Skies (Europe)	85	0	snes	./roms/Europe/Blazing Skies (Europe).zip
snes	Brawl Brothers : Rival Turf! 2 (Europe)	85	1	snes	./roms/Europe/Brawl Brothers - Rival Turf! 2 (Europe).zip
snes	Bishoujo Senshi Sailor Moon : Another Story (Japan)	85	2	snes	./roms/Japan/Bishoujo Senshi Sailor Moon - Another Story (Japan).zip
snes	Captain Tsubasa V : Hasha no Shougou Campione (Japan)	85	1	snes	./roms/Japan/Captain Tsubasa V - Hasha no Shougou Campione (Japan).zip
snes	Bazooka Blitzkrieg (USA)	85	0	snes	./roms/USA/Bazooka Blitzkrieg (USA).zip
snes-msu	Assault Suits Valken (Japan) (MSU1) [T-En] [n]	85	192	snes-msu	./roms/Assault Suits Valken (Japan) (MSU1) [T-En] [n].zip
snes-msu	Batman Returns (USA) (MSU1)	85	836	snes-msu	./roms/Batman Returns (USA) (MSU1).zip
snes-msu	Chrono Trigger (USA) (MSU1)	85	1187	snes-msu	./roms/Chrono Trigger (USA) (MSU1).zip
snes-msu	EarthBound (USA) (MSU1)	85	1169	snes-msu	./roms/EarthBound (USA) (MSU1).zip
snes-msu	Kirby's Dream Land 3 (USA) (MSU1)	85	381	snes-msu	./roms/Kirby's Dream Land 3 (USA) (MSU1).zip
snes-msu	Mickey Mania : The Timeless Adventures of Mickey Mouse (USA) (MSU1)	85	380	snes-msu	./roms/Mickey Mania - The Timeless Adventures of Mickey Mouse (USA) (MSU1).zip
snes-msu	Pitfall : The Mayan Adventure (USA) (MSU1)	85	435	snes-msu	./roms/Pitfall - The Mayan Adventure (USA) (MSU1).zip
snes-msu	Pretty Soldier Sailor Moon - Another Story (Japan) (MSU1) [T-En] [n]	85	540	snes-msu	./roms/Pretty Soldier Sailor Moon - Another Story (Japan) (MSU1) [T-En] [n].zip
snes-msu	Saturday Night Slam Masters (USA) (MSU1)	85	214	snes-msu	./roms/Saturday Night Slam Masters (USA) (MSU1).zip
snes-msu	Street Fighter Alpha 2 (USA) (MSU1)	85	356	snes-msu	./roms/Street Fighter Alpha 2 (USA) (MSU1).zip
snes-msu	Super Mario World (USA) (MSU1)	85	1708	snes-msu	./roms/Super Mario World (USA) (MSU1).zip
snes-msu	Top Gear (USA) (MSU1)	85	231	snes-msu	./roms/Top Gear (USA) (MSU1).zip
snes-msu	Wild Guns (USA) (MSU1)	85	130	snes-msu	./roms/Wild Guns (USA) (MSU1).zip
snes-msu	Ys III : Wanderers from Ys (USA) (MSU1)	85	670	snes-msu	./roms/Ys III - Wanderers from Ys (USA) (MSU1).zip
snes-msu	Demon's Crest (USA) (MSU1)	85	304	snes-msu	./roms/Demon's Crest (USA) (MSU1).zip
supergrafx	Madou King Granzort (Japan)	85	0	supergrafx	./roms/Madou Ou Granzort (Japan).zip
switch	Astral Chain	85	10344	switch	./roms/ASTRAL CHAIN.nsp
switch	Axiom Verge	85	558	switch	./roms/Axiom Verge (USA).xci
switch	Cuphead	85	3803	switch	./roms/Cuphead.xci
switch	Donkey Kong Country : Tropical Freeze	85	7155	switch	./roms/Donkey Kong Country Tropical Freeze.xci
switch	Dragon Ball FighterZ	85	10473	switch	./roms/DRAGON BALL FighterZ.xci
switch	Kirby and the Forgotten Land	85	6170	switch	./roms/Kirby and the Forgotten Land.xci
switch	Luigi's Mansion 3	85	7986	switch	./roms/Luigi's Mansion 3.xci
switch	Monster Hunter Rise	85	7076	switch	./roms/MONSTER HUNTER RISE.xci
switch	Red Dead Redemption	85	12124	switch	./roms/Red Dead Redemption.xci
switch	Sea of Stars	85	4383	switch	./roms/Sea of Stars.xci
switch	Shin Megami Tensei V	85	15220	switch	./roms/Shin Megami Tensei V.xci
switch	Sonic Mania	85	400	switch	./roms/Sonic Mania.xci
switch	Splatoon 2	85	8712	switch	./roms/Splatoon 2.xci
switch	Super Mario Maker 2	85	3097	switch	./roms/Super Mario Maker 2.xci
switch	Tactics Ogre: Reborn	85	6919	switch	./roms/Tactics Ogre Reborn.xci
switch	Teenage Mutant Ninja Turtles : Shredder's Revenge	85	1539	switch	./roms/Teenage Mutant Ninja Turtles Shredders Revenge.xci
switch	Teenage Mutant Ninja Turtles: The Cowabunga Collection	85	3756	switch	./roms/Teenage Mutant Ninja Turtles The Cowabunga Collection.xci
switch	The Legend Of Zelda : Link's Awakening	85	6315	switch	./roms/The Legend of Zelda Links Awakening.xci
vectrex	3D Narrow Escape (USA)	85	0	vectrex	./roms/3D Narrow Escape (USA).zip
virtualboy	T&E Virtual Golf (USA)	85	1	virtualboy	./roms/Golf (USA).zip
wii	Bit.trip Complete (USA)	85	925	wii	./roms/Bit.Trip Complete (USA).wbfs
wii	Boogie SuperStar (USA)	85	1344	wii	./roms/Boogie SuperStar (USA).wbfs
wii	Cabela's Big Game Hunter 2010 (USA)	85	384	wii	./roms/Cabela's Big Game Hunter (USA).wbfs
wii	Cabela's Dangerous Hunts 2009 (USA)	85	782	wii	./roms/Cabela's Dangerous Hunts 2009 (USA).wbfs
wii	Castlevania Judgment (USA)	85	1894	wii	./roms/Castlevania Judgment (USA).wbfs
wii	Geometry Wars Galaxies (USA)	85	384	wii	./roms/Geometry Wars - Galaxies (USA).wbfs
wii	Ghost Squad (USA)	85	1097	wii	./roms/Ghost Squad (USA).wbfs
wii	Guilty Gear XX Accent Core Plus (USA)	85	1569	wii	./roms/Guilty Gear XX Accent Core Plus (USA).wbfs
wii	Harvest Moon: Tree of Tranquility (USA)	85	1686	wii	./roms/Harvest Moon - Tree Of Tranquility (USA).wbfs
wii	King of Fighters Collection: The Orochi Saga (USA)	85	2372	wii	./roms/King of Fighters Collection, The - The Orochi Saga (USA).wbfs
wii	Kirby's Return to Dream Land (USA)	85	1254	wii	./roms/Kirby's Return to Dream Land (USA).wbfs
wii	The Legend of Zelda - Skyward Sword (USA)	85	4700	wii	./roms/Legend of Zelda, The - Skyward Sword (USA).iso
wii	LEGO Batman 2 : DC Super Heroes (USA)	85	2716	wii	./roms/LEGO Batman 2 - DC Super Heroes (USA).wbfs
wii	LEGO Star Wars III: The Clone Wars (USA)	85	2481	wii	./roms/LEGO Star Wars III - The Clone Wars (USA).wbfs
wii	Lost in Shadow (USA)	85	1135	wii	./roms/Lost in Shadow (USA).wbfs
wii	Mario Super Sluggers (USA)	85	1510	wii	./roms/Mario Super Sluggers (USA).wbfs
wii	Metroid: Other M (USA)	85	7801	wii	./roms/Metroid - Other M (USA).wbfs
wii	MySims Kingdom (USA)	85	3574	wii	./roms/MySims Kingdom (USA).wbfs
wii	Mysims Skyheroes (USA)	85	1202	wii	./roms/MySims Sky Heroes (USA).wbfs
wii	Mystery Case Files: The Malgrave Incident (USA)	85	1567	wii	./roms/Mystery Case Files - The Malgrave Incident (USA).wbfs
wii	New Super Mario Bros. Wii (USA)	85	377	wii	./roms/New Super Mario Bros. Wii (USA).wbfs
wii	Petz Sports (USA)	85	1403	wii	./roms/Petz Sports (USA).wbfs
wii	PokéPark 2: Wonders Beyond (USA)	85	952	wii	./roms/PokePark 2 - Wonders Beyond (USA).wbfs
wii	Prince of Persia: Rival Swords (USA)	85	1535	wii	./roms/Prince of Persia - Rival Swords (USA).wbfs
wii	Resident Evil 4: Wii Edition (USA)	85	4264	wii	./roms/Resident Evil 4 - Wii Edition (USA).wbfs
wii	Shaun White Snowboarding: Road Trip (USA)	85	2181	wii	./roms/Shaun White Snowboarding - Road Trip (USA).wbfs
wii	Super Mario Galaxy (USA)	85	3511	wii	./roms/Super Mario Galaxy (USA).wbfs
wii	Super Paper Mario (USA)	85	428	wii	./roms/Super Paper Mario (USA).wbfs
wii	Tatsunoko vs. Capcom: Ultimate All-Stars (USA)	85	1680	wii	./roms/Tatsunoko vs. Capcom - Ultimate All-Stars (USA).wbfs
wii	Tony Hawk's Downhill Jam (USA)	85	2611	wii	./roms/Tony Hawk's Downhill Jam (USA).wbfs
wii	Trauma Center: Second Opinion (USA)	85	1489	wii	./roms/Trauma Center - Second Opinion (USA).wbfs
wii	DJ Hero 2 (USA)	85	2340	wii	./roms/DJ Hero 2 (USA).wbfs
wii	Fishing Master (USA)	85	327	wii	./roms/Fishing Master (USA).wbfs
wii	Gunblade NY & LA Machineguns: Arcade Hits Pack (USA)	85	1458	wii	./roms/Gunblade NY & LA Machineguns  - Arcade Hits Pack (USA).wbfs
wiiu	DuckTales Remastered	85	608	wiiu	./roms/DuckTales Remastered (US).wua
wiiu	Mario Kart 8	85	1261	wiiu	./roms/TURBO (US).wua
wiiu	Pikmin 3	85	3646	wiiu	./roms/PIKMIN 3 (US).wua
wiiu	Pokkén Tournament	85	3489	wiiu	./roms/POKKÉN TOURNAMENT (US).wua
wiiu	Skylanders Trap Team	85	10056	wiiu	./roms/Skylanders Trap Team (US).wua
wiiu	Splatoon	85	1581	wiiu	./roms/Splatoon (US).wua
wiiu	140	85	83	wiiu	./roms/140 (EU).wua
wiiware	Bit.trip Beat (USA) (v256)	85	49	wiiware	./roms/Bit. Trip Beat (USA) (v256).wad
wiiware	Bit.trip Core (USA)	85	43	wiiware	./roms/Bit. Trip Core (USA).wad
wiiware	Bit.trip Void (USA)	85	45	wiiware	./roms/Bit. Trip Void (USA).wad
wiiware	Bomberman Blast (USA)	85	33	wiiware	./roms/Bomberman Blast (USA).wad
wiiware	Dracula : Undead Awakening (USA)	85	39	wiiware	./roms/Dracula - Undead Awakening (USA).wad
wiiware	Frogger Returns (USA)	85	34	wiiware	./roms/Frogger Returns (USA).wad
wiiware	Gradius Rebirth (USA) (v257)	85	30	wiiware	./roms/Gradius ReBirth (USA) (v257).wad
wiiware	La-mulana (USA)	85	45	wiiware	./roms/La-Mulana (USA).wad
wiiware	Mega Man 9 : The Ambition's Revival (USA)	85	16	wiiware	./roms/Mega Man 9 (USA).wad
wiiware	Mix Superstar (USA)	85	49	wiiware	./roms/Mix Superstar (USA).wad
wiiware	Phoenix Wright : Ace Attorney (USA)	85	47	wiiware	./roms/Phoenix Wright - Ace Attorney (USA).wad
wiiware	Toki Tori (USA)	85	41	wiiware	./roms/Toki Tori (USA).wad
wiiware	You, Me, And The Cubes (USA)	85	24	wiiware	./roms/You, Me, and the Cubes (USA).wad
wiiware	2 Fast 4 Gnomz (USA)	85	19	wiiware	./roms/2 Fast 4 Gnomz (USA).wad
wiiware	Bit.trip Runner (USA)	85	49	wiiware	./roms/Bit. Trip Runner (USA).wad
wiiware	Hoopworld (USA)	85	46	wiiware	./roms/HoopWorld (USA).wad
wiiware	Kyotokei (USA)	85	22	wiiware	./roms/Kyotokei (USA).wad
wiiware	Tetris Party (USA)	85	36	wiiware	./roms/Tetris Party (USA).wad
wonderswancolor	Neo Turf Masters (World) (En,Ja)	85	1	ngpc	./roms/Neo Turf Masters (World) (En,Ja).zip
wonderswancolor	Faselei! (Europe)	85	1	ngpc	./roms/Faselei! (Europe).zip
wonderswancolor	Naruto - Konoha Ninpouchou (Japan)	85	2	wswanc	./roms/Naruto - Konoha Ninpouchou (Japan).zip
wonderswancolor	Alchemist Marie & Elie : Futari no Atelier (Japan)	85	1	wswanc	./roms/Alchemist Marie & Elie - Futari no Atelier (Japan).zip
wonderswancolor	Hanjuku Hero - Ah, Sekai yo Hanjuku Nare...!! (Japan)	85	1	wswanc	./roms/Hanjuku Hero - Ah, Sekai yo Hanjuku Nare...!! (Japan).zip
xbox	Mechassault	85	0	xbox	./roms/MechAssault (USA).iso
xbox	007 : Agent Under Fire	85	1720	xbox	./roms/007 - Agent Under Fire (USA).iso
xbox	All-Star Baseball 2003	85	1341	xbox	./roms/All-Star Baseball 2003 featuring Derek Jeter (USA).iso
xbox	Brute Force	85	5497	xbox	./roms/Brute Force (USA) (En,Fr,De,Es,It).iso
xbox	Capcom Vs. SNK 2 EO	85	410	xbox	./roms/Capcom vs. SNK 2 EO (USA).iso
xbox	Fable	85	2473	xbox	./roms/Fable (USA, Europe).iso
xbox	Harry Potter and the Chamber of Secrets	85	2635	xbox	./roms/Harry Potter and the Chamber of Secrets (USA).iso
xbox	Jet Set Radio Future	85	2502	xbox	./roms/JSRF - Jet Set Radio Future (USA).iso
xbox	Kung Fu Chaos	85	3478	xbox	./roms/Kung Fu Chaos (USA, Asia) (En,Fr,De).iso
xbox	Dead Or Alive : Ultimate	85	4327	xbox	./roms/Dead or Alive Ultimate (Disc 1) (USA).iso
xbox	Aggressive Inline	85	1287	xbox	./roms/Aggressive Inline (USA).iso
xbox360	Diablo III	85	7778	xbox360	./roms/Diablo III.iso
xbox360	Halo 4	85	0	xbox360	./roms/Halo 4.iso
xbox360	Coupe du Monde de la FIFA : Afrique du Sud 2010	85	6585	xbox360	./roms/2010 FIFA World Cup - South Africa.iso
xbox360	Battlestations : Pacific	85	5234	xbox360	./roms/Battlestations Pacific.iso
xbox360	Colin McRae : DiRT 2	85	6863	xbox360	./roms/Dirt 2.iso
xbox360	Divinity II : The Dragon Knight Saga	85	6888	xbox360	./roms/Divinity II - The Dragon Knight Saga.iso
xbox360	Race Driver : GRID	85	6802	xbox360	./roms/GRID.iso
xbox360	The Outfit	85	6106	xbox360	./roms/Outfit, The.iso
xbox360	Red Dead Redemption : Undead Nightmare	85	7136	xbox360	./roms/Red Dead Redemption - Undead Nightmare.iso
xbox360	Tekken Tag Tournament 2	85	8304	xbox360	./roms/Tekken Tag Tournament 2.iso
xbox360	Bayonetta	85	7269	xbox360	./roms/Bayonetta.iso
xbox360	Bully : Scholarship Edition	85	3157	xbox360	./roms/Bully Scholarship Edition.iso
xbox360	Burnout : Revenge	85	3847	xbox360	./roms/Burnout Revenge.iso
xbox360	Halo 3	85	6103	xbox360	./roms/Halo 3.iso
zxspectrum	Exolon (Europe)	85	0	zxspectrum	./roms/Exolon (Europe).zip
zxspectrum	Great Escape, The (Europe)	85	0	zxspectrum	./roms/Great Escape, The (Europe).zip
zxspectrum	International Match Day (Europe)	85	0	zxspectrum	./roms/International Match Day (Europe).zip
zxspectrum	Moon Alert (Europe)	85	0	zxspectrum	./roms/Moon Alert (Europe).zip
zxspectrum	Myth : History in the Making (Europe)	85	0	zxspectrum	./roms/Myth - History in the Making (Europe).zip
zxspectrum	Target; Renegade (Europe)	85	0	zxspectrum	./roms/Renegade II - Target Renegade (Europe).zip
zxspectrum	Starstrike II (Europe)	85	0	zxspectrum	./roms/Starstrike II (Europe).zip
zxspectrum	Strike Force Harrier (Europe)	85	0	zxspectrum	./roms/Strike Force Harrier (Europe).zip
zxspectrum	Thrust II (Europe)	85	0	zxspectrum	./roms/Thrust II (Europe).zip
zxspectrum	Tir Na Nog (Europe)	85	0	zxspectrum	./roms/Tir Na Nog (Europe).zip
zxspectrum	Welltris (Europe)	85	0	zxspectrum	./roms/Welltris (Europe).zip
zxspectrum	Where Time Stood Still (Europe)	85	0	zxspectrum	./roms/Where Time Stood Still (Europe).zip
zxspectrum	Wild West Seymour (Europe)	85	0	zxspectrum	./roms/Wild West Seymour (Europe).zip
zxspectrum	Ant Attack (Europe)	85	0	zxspectrum	./roms/Ant Attack (Europe).zip
zxspectrum	Dan Dare : Pilot of the Future (Europe)	85	0	zxspectrum	./roms/Dan Dare - Pilot of the Future (Europe).zip
zxspectrum	Legions Of Death (Europe)	85	0	zxspectrum	./roms/Legions of Death (Europe).zip
3do	Battle Pinball (Japan)	80	210	3do	./roms/Japan/Battle Pinball (Japan).chd
3do	Lost Eden (USA)	80	210	3do	./roms/USA/Lost Eden (USA).chd
3do	Crayon Shin-chan : Puzzle Daimaou no Nazo (Japan)	80	210	3do	./roms/Japan/Crayon Shin-chan - Puzzle Daimaou no Nazo (Japan).chd
3do	Doctor Hauzer (Japan)	80	210	3do	./roms/Japan/Doctor Hauzer (Japan).chd
3do	D (USA, Europe) (Disc 2)	80	332	3do	./roms/USA/D (USA, Europe) (Disc 2).chd
3do	Daedalus Episode 1: Nanpasen no Alien (USA) (Disc 4)	80	403	3do	./roms/USA/Daedalus Encounter, The (USA) (Disc 4).chd
3do	Pretty Soldier Sailor Moon S (Japan)	80	370	3do	./roms/Japan/Bishoujo Senshi Sailor Moon S (Japan).chd
3do	Fatty Bear's Funpack (USA)	80	15	3do	./roms/USA/Fatty Bear's Funpack (USA).chd
3do	Fun Game: Soft no Omochabako (USA)	80	360	3do	./roms/USA/Fun 'n Games (USA).chd
3do	Icebreaker (USA)	80	210	3do	./roms/USA/Icebreaker (USA).chd
3do	NFL Madden Football (USA)	80	182	3do	./roms/USA/John Madden Football (USA).chd
3do	The Lost Files of Sherlock Holmes (USA)	80	474	3do	./roms/USA/Lost Files of Sherlock Holmes, The (USA).chd
3do	Sword & Sorcery (USA)	80	136	3do	./roms/USA/Lucienne's Quest (USA).chd
3do	Oceans Below (USA)	80	210	3do	./roms/USA/Oceans Below (USA).chd
3do	Out of this World (USA)	80	216	3do	./roms/USA/Out of this World (USA).chd
3do	PGA Tour 96 (USA)	80	158	3do	./roms/USA/PGA Tour 96 (USA).chd
3do	Robinson's Requiem (USA)	80	210	3do	./roms/USA/Robinson's Requiem (USA).chd
3do	Shock Wave : Operation JumpGate (USA, Europe)	80	127	3do	./roms/USA/Shockwave - Operation JumpGate (USA, Europe).chd
3do	Shock Wave 2 : Beyond the Gate (USA) (Disc 2)	80	415	3do	./roms/USA/Shockwave 2 - Beyond the Gate (USA) (Disc 2).chd
3do	Space Ace (USA)	80	229	3do	./roms/USA/Space Ace (USA).chd
3do	Star Fighter (USA, Europe)	80	293	3do	./roms/USA/Star Fighter (USA, Europe).chd
3do	Stellar 7 : Draxon's Revenge (USA)	80	210	3do	./roms/USA/Stellar 7 - Draxon's Revenge (USA).chd
3do	True Golf Classics : Waialae Country Club (USA)	80	259	3do	./roms/USA/Waialae Country Club (USA).chd
3do	Royal Pro Wrestling (Japan)	80	158	3do	./roms/Japan/Royal Pro Wrestling - Jikkyou Live!! (Japan).chd
3do	The Incredible Machine (USA)	80	246	3do	./roms/USA/Incredible Machine, The (USA).chd
3do	Crash 'n Burn (USA)	80	348	3do	./roms/USA/Crash 'n Burn (USA).chd
amiga500	Apidya	80	2	amiga500	./roms/Apidya.zip
amiga500	Panza Kick Boxing	80	1	amiga500	./roms/Best of the Best - Championship Karate.zip
amiga500	BloodNet : A Cyberpunk Gothic	80	7	amiga500	./roms/BloodNet.zip
amiga500	Bombuzal	80	0	amiga500	./roms/Bombuzal.zip
amiga500	Brides of Dracula	80	0	amiga500	./roms/Brides of Dracula.zip
amiga500	Bubba 'n' Stix	80	1	amiga500	./roms/Bubba 'n' Stix.zip
amiga500	Cannon Fodder 2	80	1	amiga500	./roms/Cannon Fodder 2.zip
amiga500	Castle Kingdoms	80	1	amiga500	./roms/Castle Kingdoms.zip
amiga500	Chamber of the Sci-Mutant Priestess	80	1	amiga500	./roms/Chamber of the Sci-Mutant Priestess.zip
amiga500	Crystals of Arborea	80	0	amiga500	./roms/Crystals of Arborea.zip
amiga500	Cybernetix - The First Battle	80	0	amiga500	./roms/Cybernetix - The First Battle.zip
amiga500	Defender of the Crown [EU]	80	1	amiga500	./roms/Defender of the Crown [EU].zip
amiga500	Disc	80	1	amiga500	./roms/Disc.zip
amiga500	ECO [EU]	80	0	amiga500	./roms/ECO [EU].zip
amiga500	Eliminator	80	1	amiga500	./roms/Eliminator.zip
amiga500	Exile	80	0	amiga500	./roms/Exile.zip
amiga500	F-16 Combat Pilot	80	0	amiga500	./roms/F-16 Combat Pilot.zip
amiga500	Falcon	80	1	amiga500	./roms/Falcon.zip
amiga500	Fascination [DE]	80	1	amiga500	./roms/Fascination [DE].zip
amiga500	Fire and Brimstone	80	1	amiga500	./roms/Fire and Brimstone.zip
amiga500	Fury of the Furries	80	3	amiga500	./roms/Fury of the Furries.zip
amiga500	Garrison	80	1	amiga500	./roms/Garrison.zip
amiga500	Gear Works	80	0	amiga500	./roms/Gear Works.zip
amiga500	Gem'X	80	0	amiga500	./roms/Gem'X.zip
amiga500	Goal!	80	1	amiga500	./roms/Goal!.zip
amiga500	Golden Axe	80	1	amiga500	./roms/Golden Axe.zip
amiga500	Grand Monster Slam	80	1	amiga500	./roms/Grand Monster Slam.zip
amiga500	Great Courts 2	80	1	amiga500	./roms/Pro Tennis Tour 2.zip
amiga500	Gunship	80	0	amiga500	./roms/Gunship.zip
amiga500	Hawkeye	80	1	amiga500	./roms/Hawkeye.zip
amiga500	Heimdall	80	4	amiga500	./roms/Heimdall.zip
amiga500	Infestation	80	0	amiga500	./roms/Infestation.zip
amiga500	It Came from the Desert	80	2	amiga500	./roms/It Came from the Desert.zip
amiga500	Jaguar XJ220	80	2	amiga500	./roms/Jaguar XJ220.zip
amiga500	James Pond 2 : Codename RoboCod	80	0	amiga500	./roms/James Pond 2 - Codename Robocod.zip
amiga500	Kid Chaos	80	3	amiga500	./roms/Kid Chaos.zip
amiga500	Lamborghini: American Challenge	80	1	amiga500	./roms/Lamborghini American Challenge.zip
amiga500	Laser Squad	80	1	amiga500	./roms/Laser Squad.zip
amiga500	Last Battle	80	0	amiga500	./roms/Last Battle.zip
amiga500	Lemmings	80	1	amiga500	./roms/Lemmings.zip
amiga500	Manix	80	0	amiga500	./roms/Manix.zip
amiga500	Marble Madness	80	0	amiga500	./roms/Marble Madness.zip
amiga500	Maupiti Island [EU]	80	1	amiga500	./roms/Maupiti Island [EU].zip
amiga500	Midnight Resistance	80	0	amiga500	./roms/Midnight Resistance.zip
amiga500	Might and Magic III : Isles of Terra	80	4	amiga500	./roms/Might and Magic III  Isles of Terra.zip
amiga500	Morph [EU]	80	1	amiga500	./roms/Morph [EU].zip
amiga500	Mr Blobby	80	1	amiga500	./roms/Mr Blobby.zip
amiga500	Neighbours	80	1	amiga500	./roms/Neighbours.zip
amiga500	Neuromancer	80	1	amiga500	./roms/Neuromancer.zip
amiga500	The New Zealand Story	80	0	amiga500	./roms/New Zealand Story, The.zip
amiga500	Nicky Boom	80	1	amiga500	./roms/Nicky Boom.zip
amiga500	Obitus	80	3	amiga500	./roms/Obitus.zip
amiga500	Oh No! More Lemmings	80	1	amiga500	./roms/Oh No! More Lemmings.zip
amiga500	Operation Thunderbolt	80	1	amiga500	./roms/Operation Thunderbolt.zip
amiga500	Paradroid 90	80	1	amiga500	./roms/Paradroid 90.zip
amiga500	Perihelion - The Prophecy	80	3	amiga500	./roms/Perihelion - The Prophecy.zip
amiga500	Phantasie III : The Wrath of Nikademus	80	0	amiga500	./roms/Phantasie III  the Wrath of Nikademus.zip
amiga500	Prehistorik	80	1	amiga500	./roms/Prehistorik.zip
amiga500	Putty	80	2	amiga500	./roms/Putty.zip
amiga500	Quadralien	80	0	amiga500	./roms/Quadralien.zip
amiga500	Rainbow Islands	80	0	amiga500	./roms/Rainbow Islands.zip
amiga500	Reunion	80	7	amiga500	./roms/Reunion.zip
amiga500	Rick Dangerous	80	0	amiga500	./roms/Rick Dangerous.zip
amiga500	Rock'n Roll	80	1	amiga500	./roms/Rock'n Roll.zip
amiga500	Ruffian	80	2	amiga500	./roms/Ruffian.zip
amiga500	SWIV	80	1	amiga500	./roms/S.W.I.V..zip
amiga500	Shadow Fighter [EU]	80	3	amiga500	./roms/Shadow Fighter [EU].zip
amiga500	Silent Service II	80	1	amiga500	./roms/Silent Service II.zip
amiga500	Skidmarks [EU]	80	3	amiga500	./roms/Skidmarks [EU].zip
amiga500	Super Cars	80	1	amiga500	./roms/Super Cars.zip
amiga500	Switchblade	80	0	amiga500	./roms/Switchblade.zip
amiga500	Syndicate	80	2	amiga500	./roms/Syndicate.zip
amiga500	Teenage Mutant Ninja Turtles	80	1	amiga500	./roms/Teenage Mutant Ninja Turtles.zip
amiga500	The Chaos Engine	80	2	amiga500	./roms/The Chaos Engine.zip
amiga500	The Great Giana Sisters	80	0	amiga500	./roms/The Great Giana Sisters.zip
amiga500	The Guild of Thieves	80	1	amiga500	./roms/The Guild of Thieves.zip
amiga500	The Incredible Crash Dummies	80	1	amiga500	./roms/The Incredible Crash Dummies.zip
amiga500	The Three Stooges	80	1	amiga500	./roms/The Three Stooges.zip
amiga500	Tommy Gun	80	1	amiga500	./roms/Tommy Gun.zip
amiga500	Top Gear 2	80	2	amiga500	./roms/Top Gear 2.zip
amiga500	Total Eclipse	80	0	amiga500	./roms/Total Eclipse.zip
amiga500	Transarctica	80	2	amiga500	./roms/Transarctica.zip
amiga500	Universe	80	5	amiga500	./roms/Universe.zip
amiga500	Western Games	80	1	amiga500	./roms/Western Games.zip
amiga500	Wings of Fury	80	0	amiga500	./roms/Wings of Fury.zip
amiga500	Wings	80	1	amiga500	./roms/Wings.zip
amiga500	Wolfchild	80	1	amiga500	./roms/Wolfchild.zip
amiga500	Alien Breed	80	2	amiga500	./roms/Alien Breed.zip
amiga500	ADS - Advanced Destroyer Simulator	80	0	amiga500	./roms/ADS - Advanced Destroyer Simulator.zip
amiga500	Alien Breed II : The Horror Continues	80	3	amiga500	./roms/Alien Breed II  The Horror Continues.zip
amiga500	Altered Beast	80	1	amiga500	./roms/Altered Beast.zip
amiga500	Arabian Nights	80	1	amiga500	./roms/Arabian Nights.zip
amiga500	Banshee	80	3	amiga500	./roms/Banshee.zip
amiga500	Bloodwych	80	0	amiga500	./roms/Bloodwych.zip
amiga500	Bobo	80	0	amiga500	./roms/Bobo.zip
amiga500	Castle of Dr. Brain	80	2	amiga500	./roms/Castle of Dr. Brain.zip
amiga500	Commando	80	0	amiga500	./roms/Commando.zip
amiga500	Crazy Cars 3 [EU]	80	1	amiga500	./roms/Crazy Cars 3 [EU].zip
amiga500	Cyberpunks	80	1	amiga500	./roms/Cyberpunks.zip
amiga500	D-Generation	80	1	amiga500	./roms/D-Generation.zip
amiga500	Double Dragon III : The Rosetta Stone	80	1	amiga500	./roms/Double Dragon III - The Rosetta Stone.zip
amiga500	Extase	80	1	amiga500	./roms/Extase.zip
amigacdtv	Defender Of The Crown (Europe)	80	206	amigacdtv	./roms/Defender of the Crown (Europe).zip
amstradcpc	Activator (E)	80	0	amstradcpc	./roms/Activator (E).zip
amstradcpc	Beach Volley (E)	80	0	amstradcpc	./roms/Beach Volley (E).zip
amstradcpc	Bivouac (E)	80	0	amstradcpc	./roms/Chamonix Challenge (E).zip
amstradcpc	Bloodwych (E)	80	0	amstradcpc	./roms/Bloodwych (E).zip
amstradcpc	Boulder Dash (E)	80	0	amstradcpc	./roms/Boulder Dash (E).zip
amstradcpc	Cauldron (E)	80	0	amstradcpc	./roms/Cauldron (E).zip
amstradcpc	Continental Circus (E)	80	0	amstradcpc	./roms/Continental Circus (E).zip
amstradcpc	Garfield - Big, Fat, Hairy Deal (E)	80	0	amstradcpc	./roms/Garfield - Big, Fat, Hairy Deal (E).zip
amstradcpc	Gunfright (E)	80	0	amstradcpc	./roms/Gunfright (E).zip
amstradcpc	Hyperbowl (E)	80	0	amstradcpc	./roms/Hyperbowl (E).zip
amstradcpc	Ikari Warriors (E)	80	0	amstradcpc	./roms/Ikari Warriors (E).zip
amstradcpc	Macrocosmica (E)	80	0	amstradcpc	./roms/Macrocosmica (E).zip
amstradcpc	Nether Earth (E)	80	0	amstradcpc	./roms/Nether Earth (E).zip
amstradcpc	New Zealand Story, The (E)	80	0	amstradcpc	./roms/New Zealand Story (E), The - Disk 1B.zip
amstradcpc	Nosferatu The Vampyre (E)	80	0	amstradcpc	./roms/Nosferatu the Vampyre (E).zip
amstradcpc	Oriental Games (E)	80	0	amstradcpc	./roms/Oriental Games (E) - Disk 1A.zip
amstradcpc	Prehistorik (E)	80	0	amstradcpc	./roms/Prehistorik (E).zip
amstradcpc	Prohibition (E,F,G,S)	80	0	amstradcpc	./roms/Prohibition (E,F,G,S) - Disk 1B.zip
amstradcpc	Puzznic (E)	80	0	amstradcpc	./roms/Puzznic (E).zip
amstradcpc	Robocop (E)	80	0	amstradcpc	./roms/Robocop (E).zip
amstradcpc	Simpsons - Bart Vs. The Space Mutants (E)	80	0	amstradcpc	./roms/Simpsons - Bart Vs the Space Mutants (E), The - Disk 1B.zip
amstradcpc	Smash T.v. (E)	80	0	amstradcpc	./roms/Smash TV (E).zip
amstradcpc	Solomon's Key (E)	80	0	amstradcpc	./roms/Solomon's Key (E).zip
amstradcpc	Sorcery (E)	80	0	amstradcpc	./roms/Sorcery + (E).zip
amstradcpc	Spindizzy (E)	80	0	amstradcpc	./roms/Spindizzy (E).zip
amstradcpc	Spitting Image (E)	80	0	amstradcpc	./roms/Spitting Image (E).zip
amstradcpc	Super Robin Hood (E)	80	0	amstradcpc	./roms/Super Robin Hood (E).zip
amstradcpc	Survivor (E)	80	0	amstradcpc	./roms/Survivor (E), The.zip
amstradcpc	War Machine (E)	80	0	amstradcpc	./roms/War Machine (E).zip
amstradcpc	Welltris (E)	80	0	amstradcpc	./roms/Welltris (E).zip
amstradcpc	Western Games (E)	80	0	amstradcpc	./roms/Western Games (E) - Disk 1B.zip
amstradcpc	Winter Games (E)	80	0	amstradcpc	./roms/Winter Games (E) - Disk 1B.zip
amstradcpc	Wizard's Lair (E)	80	0	amstradcpc	./roms/Wizard's Lair (E).zip
amstradcpc	Yogi's Great Escape (E)	80	0	amstradcpc	./roms/Yogi's Great Escape (E) - Side A.zip
amstradcpc	7 Card Stud (E)	80	0	amstradcpc	./roms/7 Card Stud (E).zip
atari2600	The Activision Decathlon (USA)	80	0	atari2600	./roms/Activision Decathlon, The (USA).zip
atari2600	Solaris (USA)	80	0	atari2600	./roms/Solaris (USA).zip
atari2600	Obélix (USA)	80	0	atari2600	./roms/Obelix (USA).zip
atari2600	Private Eye (USA)	80	0	atari2600	./roms/Private Eye (USA).zip
atari2600	River Raid (USA)	80	0	atari2600	./roms/River Raid (USA).zip
atari2600	Robot Tank (USA)	80	0	atari2600	./roms/Robot Tank (USA).zip
atari2600	Shuttle Orbiter (USA)	80	0	atari2600	./roms/Shuttle Orbiter (USA).zip
atari2600	Squish 'em (USA) (Unl)	80	0	atari2600	./roms/Squish 'Em (USA) (Unl).zip
atari2600	Strategy X (USA)	80	0	atari2600	./roms/Strategy X (USA).zip
atari2600	Tapper (USA)	80	0	atari2600	./roms/Tapper (USA).zip
atari2600	Atari Video Cube (USA)	80	0	atari2600	./roms/Atari Video Cube (USA).zip
atari2600	Beat 'Em & Eat 'Em (USA)	80	0	atari2600	./roms/Beat 'Em & Eat 'Em (USA).zip
atari2600	Chopper Command (USA)	80	0	atari2600	./roms/Chopper Command (USA).zip
atari2600	Crackpots (USA)	80	0	atari2600	./roms/Crackpots (USA).zip
atari2600	Custer's Revenge (USA)	80	0	atari2600	./roms/Custer's Revenge (USA).zip
atari2600	Dice Puzzle (Europe)	80	0	atari2600	./roms/Dice Puzzle (Europe).zip
atari2600	Fast Food (USA)	80	0	atari2600	./roms/Fast Food (USA).zip
atari2600	H.E.R.O. (USA)	80	0	atari2600	./roms/H.E.R.O. (USA).zip
atari2600	Keystone Kapers (USA)	80	0	atari2600	./roms/Keystone Kapers (USA).zip
atari2600	Millipede (USA)	80	0	atari2600	./roms/Millipede (USA).zip
atari2600	Montezuma's Revenge : Featuring Panama Joe (USA)	80	0	atari2600	./roms/Montezuma's Revenge - Featuring Panama Joe (USA).zip
atari2600	Plaque Attack (USA)	80	0	atari2600	./roms/Plaque Attack (USA).zip
atari2600	Quadrun (USA)	80	0	atari2600	./roms/Quadrun (USA).zip
atari2600	Ram It (USA)	80	0	atari2600	./roms/Ram It (USA).zip
atari2600	Revenge of the Beefsteak Tomatoes (USA)	80	0	atari2600	./roms/Revenge of the Beefsteak Tomatoes (USA).zip
atari2600	Seaquest (USA)	80	0	atari2600	./roms/Seaquest (USA).zip
atari2600	Secret Quest (USA)	80	0	atari2600	./roms/Secret Quest (USA).zip
atari2600	Tomcat : The F-14 Fighter Simulator (USA)	80	0	atari2600	./roms/Tomcat - The F-14 Fighter Simulator (USA).zip
atari2600	Vanguard (USA)	80	0	atari2600	./roms/Vanguard (USA).zip
atari2600	Ghost Manor (USA)	80	0	atari2600	./roms/Ghost Manor (USA).zip
atari2600	Jr. Pac-Man (USA)	80	0	atari2600	./roms/Jr. Pac-Man (USA).zip
atari2600	Pitfall! : Pitfall Harry's Jungle Adventure (USA)	80	0	atari2600	./roms/Pitfall! - Pitfall Harry's Jungle Adventure (USA).zip
atari5200	BerZerk (USA)	80	0	atari5200	./roms/BerZerk (USA).zip
atari5200	Castle Crisis (USA) (Unl)	80	0	atari5200	./roms/Castle Crisis (USA) (Unl).zip
atari5200	David Crane's Pitfall II - Lost Caverns (USA)	80	0	atari5200	./roms/David Crane's Pitfall II - Lost Caverns (USA).zip
atari5200	Defender (USA)	80	0	atari5200	./roms/Defender (USA).zip
atari5200	Galaxian (USA)	80	0	atari5200	./roms/Galaxian (USA).zip
atari5200	H.E.R.O. - Helicopter Emergency Rescue Operation (USA)	80	0	atari5200	./roms/H.E.R.O. (USA).zip
atari5200	Pac-Man (USA)	80	0	atari5200	./roms/Pac-Man (USA).zip
atari5200	Popeye (USA)	80	0	atari5200	./roms/Popeye (USA).zip
atari5200	Q*bert (USA)	80	0	atari5200	./roms/Q-bert (USA).zip
atari5200	Space Invaders (USA)	80	0	atari5200	./roms/Space Invaders (USA).zip
atari5200	Bounty Bob Strikes Back! (USA)	80	0	atari5200	./roms/Bounty Bob Strikes Back! (USA).zip
atari5200	Robotron 2084 (USA)	80	0	atari5200	./roms/Robotron 2084 (USA).zip
atari5200	Beamrider (USA)	80	0	atari5200	./roms/Beamrider (USA).zip
atari7800	Commando (USA)	80	0	atari7800	./roms/Commando (USA).7z
atari7800	Tower Toppler (USA)	80	0	atari7800	./roms/Tower Toppler (USA).7z
atari7800	Alien Brigade (USA)	80	0	atari7800	./roms/Alien Brigade (USA).7z
atari800	Laser Gates	80	0	atari800	./roms/Laser Gates.atr
atari800	Archon	80	0	atari800	./roms/Archon.atr
atari800	Astro-grover	80	0	atari800	./roms/Astro-grover.atr
atari800	Caverns Of Mars	80	0	atari800	./roms/Caverns Of Mars.atr
atari800	Crossfire	80	0	atari800	./roms/Crossfire.atr
atari800	Deluxe Invaders	80	0	atari800	./roms/Deluxe Invaders.atr
atari800	Journey To The Planets	80	0	atari800	./roms/Journey To The Planets.atr
atari800	Jumpman Junior	80	0	atari800	./roms/Jumpman Junior.atr
atari800	Necromancer	80	0	atari800	./roms/Necromancer.atr
atari800	Satan's Hollow	80	0	atari800	./roms/Satan's Hollow.atr
atari800	Shamus	80	0	atari800	./roms/Shamus.atr
atari800	Tapper	80	0	atari800	./roms/Tapper.atr
atari800	Turmoil	80	0	atari800	./roms/Turmoil.atr
atari800	Bc's Quest For Tires	80	0	atari800	./roms/Bc's Quest For Tires.atr
atari800	Demon Attack	80	0	atari800	./roms/Demon Attack.atr
atari800	Desmond's Dungeon	80	0	atari800	./roms/Desmond's Dungeon.atr
atari800	Fort Apocalypse	80	0	atari800	./roms/Fort Apocalypse.atr
atari800	Galactic Chase	80	0	atari800	./roms/Galactic Chase.atr
atari800	Hard Hat Mack	80	0	atari800	./roms/Hard Hat Mack.atr
atari800	Jawbreaker	80	0	atari800	./roms/Jawbreaker.atr
c64	3D Glooper (Europe)	80	0	c64	./roms/3-D Glooper (Europe).zip
c64	Adidas Championship Tie-Break (Europe)	80	0	c64	./roms/Adidas Championship Tie Break (Europe).zip
c64	Ankh (USA)	80	0	c64	./roms/Ankh (USA).zip
c64	Annals of Rome (Europe)	80	0	c64	./roms/Annals of Rome (Europe).zip
c64	Arcticfox (USA)	80	0	c64	./roms/Arcticfox (USA).zip
c64	Arkanoid (Europe)	80	0	c64	./roms/Arkanoid (Europe).zip
c64	Aztec Challenge (USA)	80	0	c64	./roms/Aztec Challenge (USA).zip
c64	Big Ben (Europe)	80	0	c64	./roms/Big Ben (Europe).zip
c64	The Blues Brothers (Europe)	80	0	c64	./roms/Blues Brothers, The (Europe).zip
c64	Bored Of The Rings (Europe)	80	0	c64	./roms/Bored of the Rings (Europe).zip
c64	Boulder Dash II : Rockford's Revenge (USA)	80	0	c64	./roms/Boulder Dash  II - Rockford's Revenge (USA).zip
c64	Boulder Dash 3 (USA)	80	0	c64	./roms/Boulder Dash  III (USA).zip
c64	Boulder Dash (USA)	80	0	c64	./roms/Boulder Dash (USA).zip
c64	Burger Chase (Europe)	80	0	c64	./roms/Burger Chase (Europe).zip
c64	Cavelon (Europe)	80	0	c64	./roms/Cavelon (Europe).zip
c64	The Chinese Juggler (Europe)	80	0	c64	./roms/Chinese Juggler, The (Europe).zip
c64	Choc A Bloc Charlie (Europe)	80	0	c64	./roms/Choc-a-Bloc Charlie (Europe).zip
c64	Cholo (Europe)	80	0	c64	./roms/Cholo (Europe).zip
c64	Chuckie Egg (Europe)	80	0	c64	./roms/Chuckie Egg (Europe).zip
c64	Commando (Europe)	80	0	c64	./roms/Commando (Europe).zip
c64	Crazy Kong (Europe)	80	0	c64	./roms/Crazy Kong 64 (Europe).zip
c64	Death Star (Europe)	80	0	c64	./roms/Death Star (Europe).zip
c64	Death Sword (USA)	80	0	c64	./roms/Death Sword (USA).zip
c64	Decathlon (USA)	80	0	c64	./roms/Decathlon (USA).zip
c64	Die Hard (Activision) (USA)	80	0	c64	./roms/Die Hard (Activision) (USA).zip
c64	Elite (Europe)	80	0	c64	./roms/Elite (Europe).zip
c64	F-15 Strike Eagle - International Edition (USA)	80	0	c64	./roms/F-15 Strike Eagle (USA).zip
c64	First Samurai (Europe)	80	0	c64	./roms/First Samurai (Europe).zip
c64	Fist + (Europe)	80	0	c64	./roms/Fist+ (Europe).zip
c64	Flimbo's Quest (Europe)	80	0	c64	./roms/Flimbo's Quest (Europe).zip
c64	Flunky (Europe)	80	0	c64	./roms/Flunky (Europe).zip
c64	Frogger 64 (Europe)	80	0	c64	./roms/Frogger 64 (Europe).zip
c64	Ghostbusters (USA)	80	0	c64	./roms/Ghostbusters (USA).zip
c64	Gremlins - The Adventure (USA)	80	0	c64	./roms/Gremlins - The Adventure (USA).zip
c64	Gryphon (Europe)	80	0	c64	./roms/Gryphon (Europe).zip
c64	Hard Hat Mack (USA)	80	0	c64	./roms/Hard Hat Mack (USA).zip
c64	Hardball (USA)	80	0	c64	./roms/HardBall! (USA).zip
c64	The Heroes of Karn (Europe)	80	0	c64	./roms/Heroes of Karn, The (Europe).zip
c64	The Hitchhiker's Guide to the Galaxy (Europe)	80	0	c64	./roms/Hitch Hiker's Guide to the Galaxy, The (Europe).zip
c64	Hostages (France)	80	0	c64	./roms/Hostages (France).zip
c64	Hyper Sports (Europe)	80	0	c64	./roms/Hyper Sports (Europe).zip
c64	I-Alien (Europe)	80	0	c64	./roms/I-Alien (Europe).zip
c64	Infidel (USA)	80	0	c64	./roms/Infidel (USA).zip
c64	Jumpman (USA)	80	0	c64	./roms/Jumpman (USA).zip
c64	Jumpman Junior (USA)	80	0	c64	./roms/Jumpman Junior (USA).zip
c64	Karateka (USA)	80	0	c64	./roms/Karateka (USA).zip
c64	Denaris (Europe)	80	0	c64	./roms/Katakis (Europe).zip
c64	King's Bounty (USA)	80	0	c64	./roms/King's Bounty (USA).zip
c64	The Way of the Exploding Fist (Europe)	80	0	c64	./roms/Kung-Fu - The Way of the Exploding Fist (Europe).zip
c64	Laser Squad (Europe)	80	0	c64	./roms/Laser Squad (Europe).zip
c64	Last Battle (Europe)	80	0	c64	./roms/Last Battle (Europe).zip
c64	Dizzy IV : Magicland Dizzy (Europe)	80	0	c64	./roms/Magicland Dizzy (Europe).zip
c64	Mayhem in Monsterland (Europe)	80	0	c64	./roms/Mayhem in Monsterland (Europe).zip
c64	Metro-Cross (Europe)	80	0	c64	./roms/Metro-Cross (Europe).zip
c64	Moonmist (USA)	80	0	c64	./roms/Moonmist (USA).zip
c64	The Muncher (Europe)	80	0	c64	./roms/Muncher Eats Chewits, The (Europe).zip
c64	NARC (Europe)	80	0	c64	./roms/NARC (Europe).zip
c64	Olympic Skier (Europe)	80	0	c64	./roms/Olympic Skier (Europe).zip
c64	Pac-Mania (Europe)	80	0	c64	./roms/Pac-Mania (Europe).zip
c64	Pesky Painter (Europe)	80	0	c64	./roms/Pesky Painter (Europe).zip
c64	Ping-Pong (Imagine + Konami) (Europe)	80	0	c64	./roms/Ping-Pong (Imagine + Konami) (Europe).zip
c64	Pirates! (USA)	80	0	c64	./roms/Pirates! (USA).zip
c64	Quango (Europe)	80	0	c64	./roms/Quango (Europe).zip
c64	Rad Ramp Racer (Europe)	80	0	c64	./roms/Rad Ramp Racer (Europe).zip
c64	Raid On Bungeling Bay (USA)	80	0	c64	./roms/Raid on Bungeling Bay (USA).zip
c64	Reckless Rufus (Europe)	80	0	c64	./roms/Reckless Rufus (Europe).zip
c64	Return of the Space Warrior (Europe)	80	0	c64	./roms/Return of the Space Warriors (Europe).zip
c64	Sanxion (Europe)	80	0	c64	./roms/Sanxion (Europe).zip
c64	Scooby-doo And Scrappy-doo (Europe)	80	0	c64	./roms/Scooby and Scrappy Doo (Europe).zip
c64	Shogun (Europe)	80	0	c64	./roms/Shogun (Europe).zip
c64	The Simpsons : Bart vs the Space Mutants (Europe)	80	0	c64	./roms/Simpsons, The - Bart vs. the Space Mutants (Europe).zip
c64	Super Skramble! (Europe)	80	0	c64	./roms/Super Skramble! (Europe).zip
c64	Tales of the Arabian Nights (Europe)	80	0	c64	./roms/Tales of the Arabian Nights (Europe).zip
c64	Thrust (Europe)	80	0	c64	./roms/Thrust (Europe).zip
c64	Tigers in the Snow (USA)	80	0	c64	./roms/Tigers in the Snow (USA).zip
c64	The Trap Door (Europe)	80	0	c64	./roms/Trap Door, The (Europe).zip
c64	Trollie Wallie (Europe)	80	0	c64	./roms/Trollie Wallie (Europe).zip
c64	Vultures (USA)	80	0	c64	./roms/Vultures (USA).zip
c64	Warhawk (Europe)	80	0	c64	./roms/Warhawk (Europe).zip
c64	Welltris (France)	80	0	c64	./roms/Welltris (France).zip
c64	Where In The World Is Carmen Sandiego (USA)	80	0	c64	./roms/Where in the World is Carmen Sandiego (USA).zip
c64	Widow's Revenge (USA)	80	0	c64	./roms/Widow's Revenge (USA).zip
c64	Wings of Fury (USA)	80	0	c64	./roms/Wings of Fury (USA).zip
c64	Wolfman (Europe)	80	0	c64	./roms/Wolfman (Europe).zip
c64	World Games (USA)	80	0	c64	./roms/World Games (USA).zip
c64	World Karate Championship (USA)	80	0	c64	./roms/World Karate Championship (USA).zip
c64	Xerons (Europe)	80	0	c64	./roms/Xerons (Europe).zip
c64	Zim Sala Bim (Europe)	80	0	c64	./roms/Zim Sala Bim (Europe).zip
c64	Zone Ranger (USA)	80	0	c64	./roms/Zone Ranger (USA).zip
c64	007 : Licence to Kill (Europe)	80	0	c64	./roms/Licence to Kill (Europe).zip
colecovision	Q*bert's Qubes (USA)	80	0	colecovision	./roms/Q-bert II (USA).zip
colecovision	Defender (USA)	80	0	colecovision	./roms/Defender (USA).zip
colecovision	Lady Bug (USA, Europe)	80	0	colecovision	./roms/Lady Bug (USA, Europe).zip
colecovision	Popeye (USA)	80	0	colecovision	./roms/Popeye (USA).zip
colecovision	Turbo (USA, Europe)	80	0	colecovision	./roms/Turbo (USA, Europe).zip
colecovision	Zaxxon (USA, Europe)	80	0	colecovision	./roms/Zaxxon (USA, Europe).zip
colecovision	Ken Uston Blackjack-Poker (USA, Europe)	80	0	colecovision	./roms/Ken Uston's Blackjack-Poker (USA, Europe).zip
colecovision	Q*bert (USA)	80	0	colecovision	./roms/Q-bert (USA).zip
colecovision	Donkey Kong Junior (USA, Europe)	80	0	colecovision	./roms/Donkey Kong Jr (USA, Europe).zip
colecovision	Pepper II (USA, Europe)	80	0	colecovision	./roms/Pepper II (USA, Europe).zip
colecovision	Pitfall! (USA)	80	0	colecovision	./roms/Pitfall! (USA).zip
colecovision	Cabbage Patch Kids - Adventures in the Park (USA, Europe)	80	0	colecovision	./roms/Cabbage Patch Kids - Adventures in the Park (USA, Europe).zip
colecovision	Carnival (USA, Europe)	80	0	colecovision	./roms/Carnival (USA, Europe).zip
colecovision	Venture (USA, Europe)	80	0	colecovision	./roms/Venture (USA, Europe).zip
dc	The King of Fighters : Evolution (USA)	80	404	dreamcast	./roms/King of Fighters '99 Evolution, The (USA).chd
dc	NBA 2K1 (USA)	80	673	dreamcast	./roms/NBA 2K1 (USA).chd
dc	Resident Evil 3 : Nemesis (USA)	80	817	dreamcast	./roms/Resident Evil 3 - Nemesis (USA).chd
dc	Sega Smash Pack : Volume 1 (USA)	80	434	dreamcast	./roms/Sega Smash Pack Volume 1 (USA).chd
dc	Speed Devils (USA)	80	589	dreamcast	./roms/Speed Devils (USA).chd
dc	Test Drive V-Rally (USA)	80	847	dreamcast	./roms/Test Drive V-Rally (USA).chd
dc	Tomb Raider : The Last Revelation (USA)	80	636	dreamcast	./roms/Tomb Raider - The Last Revelation (USA).chd
dc	Ultimate Fighting Championship (USA)	80	990	dreamcast	./roms/Ultimate Fighting Championship (USA).chd
dc	Unreal Tournament (USA)	80	782	dreamcast	./roms/Unreal Tournament (USA).chd
dc	Virtua Cop 2 (Japan)	80	347	dreamcast	./roms/Virtua Cop 2 (Japan).chd
dc	Virtua Striker 2 (USA)	80	170	dreamcast	./roms/Virtua Striker 2 (USA).chd
dc	WWF Royal Rumble (USA)	80	208	dreamcast	./roms/WWF Royal Rumble (USA).chd
dc	Advanced Daisenryaku 2001 (Japan)	80	805	dreamcast	./roms/Advanced Daisenryaku 2001 (Japan).cdi
dc	Bangai-O (USA)	80	447	dreamcast	./roms/Bangai-O (USA).chd
dc	Cannon Spike (USA)	80	187	dreamcast	./roms/Cannon Spike (USA).chd
dc	Capcom vs. SNK (USA)	80	990	dreamcast	./roms/Capcom vs. SNK (USA).chd
dc	Capcom vs. SNK : Millennium Fight 2000 Pro (Japan)	80	982	dreamcast	./roms/Capcom vs. SNK - Millennium Fight 2000 Pro (Japan).chd
dc	Capcom vs. SNK 2 : Millionaire Fighting 2001 (Japan)	80	177	dreamcast	./roms/Capcom vs. SNK 2 Fan Disc (Japan).cdi
dc	Cool Cool Toon (Japan)	80	791	dreamcast	./roms/Cool Cool Toon (Japan).cdi
dc	D-2 (USA) (Disc 2)	80	841	dreamcast	./roms/D2 (USA) (Disc 2).chd
dc	Deep Fighter (USA) (Disc 1)	80	531	dreamcast	./roms/Deep Fighter (USA) (Disc 1).chd
dc	Elemental Gimmick Gear (USA)	80	591	dreamcast	./roms/EGG - Elemental Gimmick Gear (USA).chd
dc	Evolution 2 : Far Off Promise (USA)	80	582	dreamcast	./roms/Evolution 2 - Far Off Promise (USA).chd
dc	Guilty Gear X (Japan)	80	1059	dreamcast	./roms/Guilty Gear X (Japan).chd
dc	Headhunter (Europe) (Disc 1)	80	886	dreamcast	./roms/Headhunter (Europe) (Disc 1).chd
dc	Legacy of Kain : Soul Reaver (USA)	80	430	dreamcast	./roms/Legacy of Kain - Soul Reaver (USA).chd
dc	Marvel vs. Capcom : Clash of Super Heroes (USA)	80	371	dreamcast	./roms/Marvel vs. Capcom (USA).chd
dc	Ms. Pac-Man Maze Madness (USA)	80	520	dreamcast	./roms/Ms. Pac-Man Maze Madness (USA).chd
dc	Napple Tale : Arsia in Daydream (Japan) (Translated En)	80	612	dreamcast	./roms/Napple Tale - Arsia in Daydream (Japan) (Translated En).chd
dc	NBA Showtime : NBA on NBC (USA)	80	729	dreamcast	./roms/NBA Showtime - NBA on NBC (USA).chd
dc	Planet Ring (Europe)	80	109	dreamcast	./roms/Planet Ring (Europe).chd
dc	Project Justice (USA)	80	1027	dreamcast	./roms/Project Justice (USA).chd
dc	Red Dog : Superior Firepower (USA)	80	404	dreamcast	./roms/Red Dog - Superior Firepower (USA).chd
dc	Shadow Man (USA)	80	335	dreamcast	./roms/Shadow Man (USA).chd
dc	Spawn : In the Demon's Hand (USA)	80	705	dreamcast	./roms/Spawn - In the Demon's Hand (USA).chd
dc	Star Wars : Episode I Racer (USA)	80	370	dreamcast	./roms/Star Wars - Episode I Racer (USA).chd
dc	StarLancer (USA)	80	653	dreamcast	./roms/StarLancer (USA).chd
dc	Evil Dead : Hail to the King (USA)	80	1044	dreamcast	./roms/Evil Dead - Hail to the King (USA).chd
dc	Fur Fighters (USA)	80	916	dreamcast	./roms/Fur Fighters (USA).chd
dc	Grandia II (USA) (Disc 1)	80	1038	dreamcast	./roms/Grandia II (USA) (Disc 1).chd
dc	Ikaruga (Japan)	80	73	dreamcast	./roms/Ikaruga (Japan).chd
dc	Industrial Spy : Operation Espionage (USA)	80	148	dreamcast	./roms/Industrial Spy - Operation Espionage (USA).chd
dc	Namco Museum (USA)	80	53	dreamcast	./roms/Namco Museum (USA).chd
dc	Draconus Cult of the Wyrm (USA)	80	1002	dreamcast	./roms/Draconus - Cult of the Wyrm (USA).chd
dc	MDK 2 (USA)	80	1062	dreamcast	./roms/MDK 2 (USA).chd
dc	Sega GT (USA)	80	836	dreamcast	./roms/Sega GT (USA).chd
dc	Street Fighter III : 3rd Strike (USA)	80	372	dreamcast	./roms/Street Fighter III - 3rd Strike (USA).chd
dc	Super Runabout : San Francisco Edition (USA)	80	726	dreamcast	./roms/Super Runabout - San Francisco Edition (USA).chd
famicom	Ganbare Goemon Gaiden : Kieta Ougon Kiseru (Japan) (Translated En)	80	0	famicom	./roms/Ganbare Goemon Gaiden - Kieta Ougon Kiseru (Japan) (Translated En).zip
famicom	Ike Ike! Nekketsu Hockey Bu : Subette Koronde Dai (Japan) (Translated En)	80	0	famicom	./roms/Ike Ike! Nekketsu Hockey-bu - Subette Koronde Dairantou (Japan) (Translated En).zip
famicom	Kaiketsu Yancha Maru III : Taiketsu! Zouringen (Japan) (Translated En)	80	0	famicom	./roms/Kaiketsu Yancha Maru 3 - Taiketsu! Zouringen (Japan) (Translated En).zip
famicom	Kyatto Ninden Teyandee (Japan) (Translated En)	80	0	famicom	./roms/Kyatto Ninden Teyandee (Japan) (Translated En).zip
famicom	Moero TwinBee : Cinnamon Hakase o Sukue! (Japan) (Translated En)	80	0	famicom	./roms/Moero TwinBee - Cinnamon Hakase wo Sukue! (Japan) (Translated En).zip
famicom	Rockman 2 : Dr. Wily no Nazo (Japan) (Translated En)	80	0	famicom	./roms/Rockman 2 - Dr. Wily no Nazo (Japan) (Translated En).zip
famicom	Son Son (Japan)	80	0	famicom	./roms/Son Son (Japan).zip
famicom	Takahashi Meijin no Bouken-jima IV (Japan) (Translated En)	80	0	famicom	./roms/Takahashi Meijin no Bouken Jima IV (Japan) (Translated En).zip
famicom	Tetris (Japan)	80	0	famicom	./roms/Tetris (Japan).zip
famicom	Tokkyuu Shirei Solbrain (Japan) (Translated En)	80	0	famicom	./roms/Tokkyuu Shirei Solbrain (Japan) (Translated En).zip
famicom	Wagyan Land 2 (Japan) (Translated En)	80	0	famicom	./roms/Wagyan Land 2 (Japan) (Translated En).zip
famicom	Akira (Japan) (Translated En)	80	0	famicom	./roms/Akira (Japan) (Translated En).zip
famicom	Captain Tsubasa Vol. II : Super Striker (Japan) (Translated En)	80	0	famicom	./roms/Captain Tsubasa Vol. II - Super Striker (Japan) (Translated En).zip
famicom	Chaos World (Japan) (Translated En)	80	0	famicom	./roms/Chaos World (Japan) (Translated En).zip
famicom	Double Dragon III : The Sacred Stones (Japan) (Translated En)	80	0	famicom	./roms/Double Dragon III - The Rosetta Stone (Japan) (Translated En).zip
famicom	Downtown Nekketsu Kōshinkyoku : Soreyuke Daiundōkai	80	0	famicom	./roms/Downtown - Nekketsu Koushinkyoku - Soreyuke Daiundoukai (Japan) (Translated En).7z
famicom	Ganbare Goemon 2 (Japan) (Translated En)	80	0	famicom	./roms/Ganbare Goemon 2 (Japan) (Translated En).zip
fds	Puyo Puyo (Japan)	80	0	fds	./roms/Puyo Puyo (Japan).fds
gamegear	Puyo Puyo Tsuu (Japan)	80	0	gamegear	./roms/Puyo Puyo 2 (Japan).zip
gamegear	Royal Stone : Hirakareshi Toki no Tobira (Japan) (Translated En)	80	0	gamegear	./roms/Royal Stone - Hirakareshi Toki no Tobira (Japan) (Translated En).zip
gamegear	The Simpsons : Bart vs. the World (USA, Europe)	80	0	gamegear	./roms/Simpsons, The - Bart vs. The World (USA, Europe).zip
gamegear	Sonic Drift 2 (Japan, USA)	80	0	gamegear	./roms/Sonic Drift 2 (Japan, USA).zip
gamegear	Super Golf (Japan)	80	0	gamegear	./roms/Super Golf (Japan).zip
gamegear	Taisen Mahjong HaoPai (Japan)	80	0	gamegear	./roms/Taisen Mahjong HaoPai (Japan).zip
gamegear	Bishoujo Senshi Sailor Moon S (Japan)	80	0	gamegear	./roms/Bishoujo Senshi Sailor Moon S (Japan).zip
gamegear	Ecco : The Tides of Time (USA, Europe)	80	0	gamegear	./roms/Ecco II - The Tides of Time (USA, Europe).zip
gamegear	Kaitou Saint Tail (Japan)	80	0	gamegear	./roms/Kaitou Saint Tail (Japan).zip
gb	Cave Noire (Japan) (Translated En)	80	0	gb	./roms/Cave Noire (Japan) (Translated En).zip
gb	Joshua & the Battle of Jericho (USA) (Unl)	80	0	gb	./roms/Joshua & the Battle of Jericho (USA) (Unl).zip
gb	Hoshi no Kirby (USA, Europe)	80	0	gb	./roms/Kirby's Dream Land (USA, Europe).zip
gb	Hoshi no Kirby 2 (USA, Europe)	80	0	gb	./roms/Kirby's Dream Land 2 (USA, Europe).zip
gb	Kirby no Pinball (USA, Europe)	80	0	gb	./roms/Kirby's Pinball Land (USA, Europe).zip
gb	Konami GB Collection Vol.1 (Japan)	80	0	gb	./roms/Konami GB Collection Vol.1 (Japan).zip
gb	Konami GB Collection Vol.3 (Japan)	80	0	gb	./roms/Konami GB Collection Vol.3 (Japan).zip
gb	Lock'n Chase (World)	80	0	gb	./roms/Lock'n Chase (World).zip
gb	Lucle (Japan, Europe)	80	0	gb	./roms/Lucle (Japan, Europe).zip
gb	Magic Knight Rayearth (Japan) (Translated En)	80	0	gb	./roms/Mahou Kishi Rayearth (Japan) (Translated En).zip
gb	Micro Machines 2 : Turbo Tournament (Europe)	80	0	gb	./roms/Micro Machines 2 - Turbo Tournament (Europe).zip
gb	Moguranya (USA, Europe)	80	0	gb	./roms/Mole Mania (USA, Europe).zip
gb	Pocket Monsters : Midori (Japan) (Translated En)	80	0	gb	./roms/Pocket Monsters - Midori (Japan) (Translated En).zip
gb	SeaQuest DSV (USA, Europe)	80	0	gb	./roms/SeaQuest DSV (USA, Europe).zip
gb	Sports Illustrated : Football & Baseball (USA)	80	0	gb	./roms/Sports Illustrated - Football & Baseball (USA).zip
gb	Super Mario Land (World)	80	0	gb	./roms/Super Mario Land (World).zip
gb	Super R.C. Pro-Am (USA, Europe)	80	0	gb	./roms/Super R.C. Pro-Am (USA, Europe).zip
gb	Wizardry Gaiden 1 : Joou no Junan (Japan) (Translated En)	80	0	gb	./roms/Wizardry Gaiden 1 - Joou no Junan (Japan) (Translated En).zip
gb	Wizardry Gaiden 3 : Yami no Seiten (Japan) (Translated En)	80	0	gb	./roms/Wizardry Gaiden 3 - Yami no Seiten (Japan) (Translated En).zip
gb	All-Star Baseball 99 (USA)	80	0	gb	./roms/All-Star Baseball 99 (USA).zip
gb	Phantasm (USA, Europe)	80	0	gb	./roms/Avenging Spirit (USA, Europe).zip
gb	Chikyuu Kaihou Gun ZAS (Japan)	80	0	gb	./roms/Chikyuu Kaihou Gun ZAS (Japan).zip
gba	Barbie and the Magic of Pegasus (USA)	80	2	gba	./roms/Barbie and the Magic of Pegasus (USA).zip
gba	Castlevania Double Pack (USA)	80	10	gba	./roms/Castlevania Double Pack (USA).zip
gba	Classic NES Series - Zelda II : The Adventure of Link (USA, Europe)	80	2	gba	./roms/Classic NES Series - Zelda II - The Adventure of Link (USA, Europe).zip
gba	FIFA Soccer 2003 (USA, Europe)	80	2	gba	./roms/FIFA Soccer 2003 (USA, Europe).zip
gba	FIFA Soccer 2004 (USA, Europe)	80	4	gba	./roms/FIFA Soccer 2004 (USA, Europe).zip
gba	FILA Decathlon (Europe)	80	2	gba	./roms/FILA Decathlon (Europe).zip
gba	The Jungle Book (USA)	80	7	gba	./roms/Jungle Book, The (USA).zip
gba	Jurassic Park III : Park Builder (USA)	80	3	gba	./roms/Jurassic Park III - Park Builder (USA).zip
gba	Justice League : Injustice for All (USA)	80	3	gba	./roms/Justice League - Injustice for All (USA).zip
gba	Lara Croft Tomb Raider : Legend	80	7	gba	./roms/Lara Croft Tomb Raider - Legend.zip
gba	Disney's Lilo & Stitch 2: Hamsterviel Havoc (USA)	80	4	gba	./roms/Lilo & Stitch 2 - Haemsterviel Havoc (USA).zip
gba	Mr Nutz (Europe)	80	2	gba	./roms/Mr Nutz (Europe).zip
gba	Super Robot Taisen : Original Generation 2 (USA)	80	9	gba	./roms/Super Robot Taisen - Original Generation 2 (USA).zip
gba	Yoshi : Topsy-Turvy (USA)	80	4	gba	./roms/Yoshi - Topsy-Turvy (USA).zip
gba	Yu-Gi-Oh! GX : Duel Academy (USA)	80	23	gba	./roms/Yu-Gi-Oh! GX - Duel Academy (USA).zip
gba	The Hobbit (USA)	80	5	gba	./roms/Hobbit, The (USA).zip
gba	Dave Mirra Freestyle BMX 3 (USA, Europe)	80	4	gba	./roms/Dave Mirra Freestyle BMX 3 (USA, Europe).zip
gbah	Fire Emblem (X)	80	15	gbah	./roms/Fire Emblem 7.5 - Elibian Nights (X).gba.zip
gbah	Super Robot Taisen : Original Generation 2 (T)	80	2	gbah	./roms/Super Robot Wars 2 (T).zip
gbc	Driver : You are the Wheelman (USA)	80	0	gbc	./roms/Driver - You are the Wheelman (USA).zip
gbc	International Track & Field : Summer Games (Europe)	80	0	gbc	./roms/International Track & Field - Summer Games (Europe).zip
gbc	Konami Winter Games (Europe)	80	0	gbc	./roms/Konami Winter Games (Europe).zip
gbc	The Lion King: Simba's Mighty Adventure (USA)	80	1	gbc	./roms/Lion King, The - Simba's Mighty Adventure (USA).zip
gbc	Looney Tunes Collector : Martian Revenge! (Europe) (En,Fr,De,Es,It,Nl)	80	1	gbc	./roms/Looney Tunes Collector - Martian Revenge! (Europe) (En,Fr,De,Es,It,Nl).zip
gbc	Magical Tetris Challenge (USA)	80	0	gbc	./roms/Magical Tetris Challenge (USA).zip
gbc	Mario Golf (USA)	80	1	gbc	./roms/Mario Golf (USA).zip
gbc	Rockman X : Cyber Mission (USA)	80	1	gbc	./roms/Mega Man Xtreme (USA).zip
gbc	Millennium Winter Sports (USA)	80	0	gbc	./roms/Millennium Winter Sports (USA).zip
gbc	Monkey Puncher (Europe)	80	1	gbc	./roms/Monkey Puncher (Europe).zip
gbc	NBA In the Zone 2000 (USA)	80	0	gbc	./roms/NBA In the Zone 2000 (USA).zip
gbc	Space Invaders X (USA)	80	0	gbc	./roms/Space Invaders (USA).zip
gbc	Super Mario Bros. Deluxe (USA, Europe) (Rev B)	80	0	gbc	./roms/Super Mario Bros. Deluxe (USA, Europe) (Rev B).zip
gbc	Tetris DX (World)	80	0	gbc	./roms/Tetris DX (World).zip
gbc	Top Gear Rally 2 (Europe)	80	0	gbc	./roms/Top Gear Rally 2 (Europe).zip
gbc	Centipede (USA)	80	0	gbc	./roms/Centipede (USA).zip
gbc	Game & Watch Gallery 2 (USA, Europe)	80	1	gbc	./roms/Game & Watch Gallery 2 (USA, Europe).zip
gbc	Game & Watch Gallery 3 (USA, Europe)	80	0	gbc	./roms/Game & Watch Gallery 3 (USA, Europe).zip
gbc	Hamtaro: Ham-Hams Unite! (USA)	80	1	gbc	./roms/Hamtaro - Ham-Hams Unite! (USA).zip
gbc	Army Men (USA, Europe)	80	1	gbc	./roms/Army Men (USA, Europe).zip
gbc	Chiki Chiki Machine Mou Race (USA)	80	0	gbc	./roms/Wacky Races (USA).zip
genesish	Battletoads & Double Dragon (Smash hits sounds)	80	0	genesish	./roms/Battletoads and Double Dragon (Smash hits sounds).zip
genesish	Sonic The Hedgehog	80	1	genesish	./roms/Sonic The Hedgehog 1 @ Sage 2010.zip
genesish	Dr. Robotnik's Creature Capture	80	2	genesish	./roms/Doctor Robotniks Creature Capture.zip
genesish	Golden Axe II	80	0	genesish	./roms/Golden Axe 2 - Enhanced Colors.zip
genesish	Golden Axe	80	0	genesish	./roms/Golden Axe Color Hack.zip
genesish	Shadow the Hedgehog in Sonic the Hedgehog	80	0	genesish	./roms/Shadow In Sonic 1.zip
genesish	Sonic The Hedgehog 2 (Tails Flight)	80	1	genesish	./roms/Sonic the Hedgehog 2 (Tails Flight).zip
genesish	Sonic & Knuckles (S1 Hack)	80	0	genesish	./roms/Sonic Xmas (S1 Hack).zip
genesish	Streets of Rage 3 (Roo, Ash, Shiva Unlocked)	80	2	genesish	./roms/Streets of Rage 3 (Roo, Ash, Shiva Unlocked).zip
gx4000	Panza Kick Boxing (Europe)	80	0	gx4000	./roms/Panza Kick Boxing (Europe).7z
intellivision	Night Stalker (World)	80	0	intellivision	./roms/Night Stalker (World).zip
intellivision	Q*bert (World)	80	0	intellivision	./roms/Q-bert (World).zip
intellivision	Space Armada (World)	80	0	intellivision	./roms/Space Armada (World).zip
intellivision	Stampede (World)	80	0	intellivision	./roms/Stampede (World).zip
intellivision	Sub Hunt (World)	80	0	intellivision	./roms/Sub Hunt (World).zip
intellivision	Venture (World)	80	0	intellivision	./roms/Venture (World).zip
intellivision	Centipede (World)	80	0	intellivision	./roms/Centipede (World).zip
intellivision	Thin Ice (World)	80	0	intellivision	./roms/Duncan's Thin Ice (World).zip
intellivision	Shark! Shark! (World)	80	0	intellivision	./roms/Shark! Shark! (World).zip
intellivision	Tennis (World)	80	0	intellivision	./roms/Tennis (World).zip
intellivision	B-17 Bomber (World)	80	0	intellivision	./roms/B-17 Bomber (World).zip
intellivision	Beauty and the Beast (World)	80	0	intellivision	./roms/Beauty and the Beast (World).zip
intellivision	Defender (World)	80	0	intellivision	./roms/Defender (World).zip
intellivision	Thunder Castle (World)	80	0	intellivision	./roms/Thunder Castle (World).zip
intellivision	Triple Action (World)	80	0	intellivision	./roms/Triple Action (World).zip
jaguar	Flashback : The Quest for Identity (World) (En,Fr)	80	1	jaguar	./roms/Flashback - The Quest for Identity (World) (En,Fr).zip
jaguar	Raiden (World)	80	2	jaguar	./roms/Raiden (World).zip
jaguar	Skyhammer (World)	80	3	jaguar	./roms/Skyhammer (World).zip
jaguar	Pitfall : The Mayan Adventure (World)	80	2	jaguar	./roms/Pitfall - The Mayan Adventure (World).zip
lynx	Awesome Golf (USA, Europe)	80	0	lynx	./roms/Awesome Golf (USA, Europe).zip
lynx	Block Out (USA, Europe)	80	0	lynx	./roms/Block Out (USA, Europe).zip
lynx	Blue Lightning (USA, Europe)	80	0	lynx	./roms/Blue Lightning (USA, Europe).zip
lynx	Gates Of Zendocon (USA, Europe)	80	0	lynx	./roms/Gates of Zendocon, The (USA, Europe).zip
lynx	Ms. Pac-man (USA, Europe)	80	0	lynx	./roms/Ms. Pac-Man (USA, Europe).zip
lynx	S.T.U.N. Runner (USA, Europe)	80	0	lynx	./roms/S.T.U.N. Runner (USA, Europe).zip
lynx	Desert Strike (USA, Europe)	80	0	lynx	./roms/Desert Strike - Return to the Gulf (USA, Europe).zip
lynx	Ishido : The Way of Stones (USA, Europe)	80	0	lynx	./roms/Ishido - The Way of Stones (USA, Europe).zip
lynx	Klax (USA, Europe)	80	0	lynx	./roms/Klax (USA, Europe).zip
lynx	Ninja Gaiden III : The Ancient Ship of Doom (USA, Europe)	80	0	lynx	./roms/Ninja Gaiden III - The Ancient Ship of Doom (USA, Europe).zip
lynx	Steel Talons (USA, Europe)	80	0	lynx	./roms/Steel Talons (USA, Europe).zip
mastersystem	Spider-Man (USA, Europe)	80	0	mastersystem	./roms/Spider-Man vs. The Kingpin (USA, Europe).zip
mastersystemh	Zillion (Text Fix)	80	0	mastersystemh	./roms/Zillion (Text Fix).sms
megadrive	Another World (Europe)	80	1	megadrive	./roms/Europe/Another World (Europe).7z
megadrive	Bare Knuckle III (Japan)	80	2	megadrive	./roms/Japan/Bare Knuckle III (Japan).zip
megadrive	Bonkers (Europe)	80	1	megadrive	./roms/Europe/Bonkers (Europe).7z
megadrive	Bubba 'N' Stix (Europe)	80	1	megadrive	./roms/Europe/Bubba'n'Stix (Europe).7z
megadrive	Chiki Chiki Boys (Japan, Korea)	80	0	megadrive	./roms/Japan/Chiki Chiki Boys (Japan, Korea).zip
megadrive	Gaiares (Japan, USA)	80	1	megadrive	./roms/Japan/Gaiares (Japan, USA).zip
megadrive	J. League Pro Striker (Japan) (v1.3)	80	1	megadrive	./roms/Japan/J. League Pro Striker (Japan) (v1.3).zip
megadrive	Pro Striker Final Stage (Japan)	80	1	megadrive	./roms/Japan/J. League Pro Striker Final Stage (Japan).zip
megadrive	The Jungle Book (Europe)	80	1	megadrive	./roms/Europe/Jungle Book, The (Europe).7z
megadrive	Monster World IV (USA, Europe) (En,Ja) (Virtual Console)	80	1	megadrive	./roms/Japan/Monster World IV (USA, Europe) (En,Ja) (Virtual Console).zip
megadrive	Nekketsu Koukou Dodgeball-bu : Soccer Hen MD (Japan)	80	0	megadrive	./roms/Japan/Nekketsu Koukou Dodgeball-bu - Soccer Hen MD (Japan).zip
megadrive	PGA Tour Golf III (Europe)	80	2	megadrive	./roms/Europe/PGA Tour Golf III (Europe).7z
megadrive	Phantasy Star IV (Europe)	80	1	megadrive	./roms/Europe/Phantasy Star IV (Europe).7z
megadrive	Puyo Puyo 2 (Japan) (v1.1)	80	1	megadrive	./roms/Japan/Puyo Puyo 2 (Japan) (v1.1).zip
megadrive	Puzzle & Action : Tanto-R (Japan)	80	1	megadrive	./roms/Japan/Puzzle & Action - Tanto-R (Japan).zip
megadrive	Shikinjou (Japan)	80	0	megadrive	./roms/Japan/Shikinjou (Japan).zip
megadrive	Uzu Keobukseon (Korea)	80	1	genesis	./roms/Uzu Keobukseon (Korea).zip
megadrive	Mega Games 6 (Europe)	80	1	megadrive	./roms/Europe/Mega Games 6 (Europe).7z
megadrive	Mega Games I (Europe)	80	0	megadrive	./roms/Europe/Mega Games I (Europe).7z
megadrive	Mega lo Mania (Japan)	80	1	megadrive	./roms/Japan/Mega Lo Mania (Japan).zip
megadrive	Sonic 3 (Europe)	80	1	megadrive	./roms/Europe/Sonic The Hedgehog 3 (Europe).7z
megadrive	The Story of Thor (Europe)	80	2	megadrive	./roms/Europe/Story of Thor, The (Europe).zip
megadrive	Talmit's Adventure (Europe)	80	0	megadrive	./roms/Europe/Talmit's Adventure (Europe).zip
megadrive	Pro Football (Japan)	80	0	megadrive	./roms/Japan/John Madden Football - Pro Football (Japan).zip
megadrive	Kujaku Ou 2 : Geneijou (Japan)	80	0	megadrive	./roms/Japan/Kujaku Ou 2 - Geneijou (Japan).zip
megadrive	Phantasy Star : Sennenki no Owari ni (Japan)	80	2	megadrive	./roms/Japan/Phantasy Star - Sennenki no Owari ni (Japan).zip
megadrive	The Story of Thor : Hikari o Tsugumono (Japan)	80	2	megadrive	./roms/Japan/Story of Thor, The - Hikari o Tsugumono (Japan).zip
megadrive	Tecmo World Cup '92 (Japan)	80	0	megadrive	./roms/Japan/Tecmo World Cup '92 (Japan).zip
megadrive	Thunder Force II MD (Japan)	80	0	megadrive	./roms/Japan/Thunder Force II MD (Japan).zip
megadrive	Wizard of the Immortal (Japan)	80	1	megadrive	./roms/Japan/Wizard of the Immortal (Japan).zip
megadrive	Bare Knuckle II : Shitou e no Requiem (Japan, Europe)	80	1	megadrive	./roms/Japan/Bare Knuckle II - Shitou e no Requiem ~ Streets of Rage II (Japan, Europe).zip
megadrive	Crude Buster (Japan)	80	1	megadrive	./roms/Japan/Crude Buster (Japan).zip
megadrive	David Robinson Basketball (Japan)	80	0	megadrive	./roms/Japan/David Robinson Basketball (Japan).zip
megadrive	Desert Strike : Wangan Sakusen (Japan, Korea)	80	1	megadrive	./roms/Japan/Desert Strike - Wangan Sakusen ~ Desert Strike (Japan, Korea).zip
megadrive	Dragon Slayer : Eiyuu Densetsu (Japan)	80	1	megadrive	./roms/Japan/Dragon Slayer - Eiyuu Densetsu (Japan).zip
megadrive	Dream Team USA (Japan)	80	1	megadrive	./roms/Japan/Dream Team USA (Japan).zip
megadriveh	Golden Axe (Enhanced Colors)	80	1	megadriveh	./roms/Golden Axe (Enhanced Colors).md
megadriveh	Golden Axe II (Enhanced Colors)	80	1	megadriveh	./roms/Golden Axe II (Enhanced Colors).md
megadriveh	The Lion King (Enhanced Colors)	80	3	megadriveh	./roms/Lion King, The (Enhanced Colors).md
megadriveh	OutRun (Enhanced Colors)	80	1	megadriveh	./roms/OutRun (Enhanced Colors).md
megadriveh	Phantasy Star IV (USA) (Hell Mode+Double EXP and Meseta)	80	3	megadriveh	./roms/Phantasy Star IV (USA) (Hell Mode+Double EXP and Meseta).md
megadriveh	Sonic The Hedgehog 2 (Sonic the Hedgehog 3 - Edition)	80	2	megadriveh	./roms/Sonic the Hedgehog 2 - (Sonic the Hedgehog 3 - Edition).md
msx1	Arkanoid (Japan) (Alt 1)	80	0	msx1	./roms/Arkanoid (Japan) (Alt 1).zip
msx1	Coaster Race (Japan) (Alt 2)	80	0	msx1	./roms/Coaster Race (Japan) (Alt 2).zip
msx1	Ghostbusters (Europe)	80	0	msx1	./roms/Ghostbusters (Europe).zip
msx1	Knight Lore (Japan)	80	0	msx1	./roms/Knight Lore (Japan).zip
msx1	Konami's Billiards (Europe)	80	0	msx1	./roms/Konami's Billiards (Europe).zip
msx1	Batman (Japan)	80	0	msx1	./roms/Batman (Japan).zip
msx1	Eggerland Mystery (Japan)	80	0	msx1	./roms/Eggerland Mystery (Japan).zip
msx1	Konami's Golf (Japan) (Alt 1)	80	0	msx1	./roms/Konami's Golf (Japan) (Alt 1).zip
msx1	Konami's Tennis (Japan) (Alt 1)	80	0	msx1	./roms/Konami's Tennis (Japan) (Alt 1).zip
msx1	Mopi Ranger (Japan) (Alt 4)	80	0	msx1	./roms/Mopiranger (Japan) (Alt 4).zip
msx1	Salamander - Operation X (Japan)	80	0	msx1	./roms/Salamander (Japan).zip
msx1	Super Cobra (Japan) (Alt 1)	80	0	msx1	./roms/Super Cobra (Japan) (Alt 1).zip
msx1	Track & Field 1 (Europe)	80	0	msx1	./roms/Track & Field 1 (Europe).zip
msx1	Track & Field 2 (Europe)	80	0	msx1	./roms/Track & Field 2 (Europe).zip
msx1	Twin Bee (Japan) (Alt 3)	80	0	msx1	./roms/Twin Bee (Japan) (Alt 3).zip
msx2	Firebird (Japan)	80	0	msx2	./roms/Hinotori - Houou Hen (Japan).zip
msx2	Super Lode Runner (Japan)	80	0	msx2	./roms/Super Load Runner (Japan).zip
msx2	Labyrinth	80	0	msx2	./roms/Labyrinth (Japan).zip
n64	Beetle Adventure Racing! (USA)	80	13	n64	./roms/USA/Beetle Adventure Racing! (USA).zip
n64	Buck Bumble (USA)	80	5	n64	./roms/USA/Buck Bumble (USA).zip
n64	Castlevania : Legacy of Darkness (USA)	80	14	n64	./roms/USA/Castlevania - Legacy of Darkness (USA).zip
n64	Extreme-G XG2 (Europe) (En,Fr,De,Es,It)	80	12	n64	./roms/Europe/Extreme-G XG2 (Europe) (En,Fr,De,Es,It).zip
n64	Gauntlet Legends (USA)	80	15	n64	./roms/USA/Gauntlet Legends (USA).zip
n64	Glover (USA)	80	6	n64	./roms/USA/Glover (USA).zip
n64	International Superstar Soccer 64 (USA)	80	7	n64	./roms/USA/International Superstar Soccer 64 (USA).zip
n64	Lylat Wars (Europe) (En,Fr,De)	80	10	n64	./roms/Europe/Lylat Wars (Europe) (En,Fr,De).zip
n64	Mario Party 2 (USA)	80	25	n64	./roms/USA/Mario Party 2 (USA).zip
n64	Mickey's Speedway USA (USA)	80	23	n64	./roms/USA/Mickey's Speedway USA (USA).zip
n64	Mystical Ninja Starring Goemon 2 (Europe) (En,Fr,De)	80	14	n64	./roms/Europe/Mystical Ninja 2 Starring Goemon (Europe) (En,Fr,De).zip
n64	The New Tetris (USA)	80	10	n64	./roms/USA/New Tetris, The (USA).zip
n64	Operation WinBack (Europe) (En,Fr,De,Es,It)	80	11	n64	./roms/Europe/Operation WinBack (Europe) (En,Fr,De,Es,It).zip
n64	Pilotwings 64 (USA)	80	5	n64	./roms/USA/Pilotwings 64 (USA).zip
n64	Pokemon Puzzle League (Europe)	80	23	n64	./roms/Europe/Pokemon Puzzle League (Europe).zip
n64	Rocket : Robot On Wheels (USA)	80	8	n64	./roms/USA/Rocket - Robot on Wheels (USA).zip
n64	Ridge Racer 64 (USA)	80	19	n64	./roms/USA/RR64 - Ridge Racer 64 (USA).zip
n64	Star Wars : Shadows of the Empire (USA) (Rev B)	80	12	n64	./roms/USA/Star Wars - Shadows of the Empire (USA) (Rev B).zip
n64	Super Smash Bros. (USA)	80	12	n64	./roms/USA/Super Smash Bros. (USA).zip
n64	Supercross 2000 (USA)	80	15	n64	./roms/USA/Supercross 2000 (USA).zip
n64	Tonic Trouble (USA) (Rev A)	80	10	n64	./roms/USA/Tonic Trouble (USA) (Rev A).zip
n64	Turok : Dinosaur Hunter (USA) (Rev B)	80	8	n64	./roms/USA/Turok - Dinosaur Hunter (USA) (Rev B).zip
n64	Turok 2 : Seeds Of Evil (USA) (Rev A)	80	30	n64	./roms/USA/Turok 2 - Seeds of Evil (USA) (Rev A).zip
n64	Vigilante 8 (USA)	80	7	n64	./roms/USA/Vigilante 8 (USA).zip
n64	Wayne Gretzky's 3D Hockey (USA) (Rev A)	80	7	n64	./roms/USA/Wayne Gretzky's 3D Hockey (USA) (Rev A).zip
n64	WCW vs. nWo World Tour (USA) (Rev A)	80	8	n64	./roms/USA/WCW vs. nWo - World Tour (USA) (Rev A).zip
n64	Xena : Warrior Princess (Europe)	80	10	n64	./roms/Europe/Xena - Warrior Princess - The Talisman of Fate (Europe).zip
n64	Clay Fighter 63 1/3 (Europe)	80	11	n64	./roms/Europe/Clay Fighter 63 1-3 (Europe).zip
n64	Extreme-G 2 (USA)	80	12	n64	./roms/USA/Extreme-G XG2 (USA).zip
n64	Goemon's Great Adventure (USA)	80	15	n64	./roms/USA/Goemon's Great Adventure (USA).zip
n64	Ken Griffey Jr.'s Slugfest (USA)	80	14	n64	./roms/USA/Ken Griffey Jr.'s Slugfest (USA).zip
n64	Major League Baseball Featuring Ken Griffey Jr. (USA)	80	14	n64	./roms/USA/Major League Baseball featuring Ken Griffey Jr. (USA).zip
n64	Mario Kart 64 (Europe) (Rev A)	80	9	n64	./roms/Europe/Mario Kart 64 (Europe) (Rev A).zip
n64	NFL Blitz (USA)	80	14	n64	./roms/USA/NFL Blitz (USA).zip
n64	Nightmare Creatures (USA)	80	12	n64	./roms/USA/Nightmare Creatures (USA).zip
n64	Pokémon Puzzle League (USA)	80	23	n64	./roms/USA/Pokemon Puzzle League (USA).zip
n64	The Powerpuff Girls : Chemical X-Traction (USA)	80	4	n64	./roms/USA/Powerpuff Girls, The - Chemical X-Traction (USA).zip
n64	StarCraft 64 (USA)	80	27	n64	./roms/USA/StarCraft 64 (USA).zip
n64	WinBack : Covert Operations (USA)	80	11	n64	./roms/USA/WinBack - Covert Operations (USA).zip
n64	Xena : Warrior Princess - The Talisman of Fate (USA)	80	10	n64	./roms/USA/Xena - Warrior Princess - The Talisman of Fate (USA).zip
n64	Army Men : Sarge's Heroes 2 (USA)	80	5	n64	./roms/USA/Army Men - Sarge's Heroes 2 (USA).zip
n64	Excitebike 64 (Europe)	80	16	n64	./roms/Europe/Excitebike 64 (Europe).zip
n64	Doom 64 (USA) (Rev A)	80	7	n64	./roms/USA/Doom 64 (USA) (Rev A).zip
n64	Bomberman 64 : The Second Attack! (USA)	80	12	n64	./roms/USA/Bomberman 64 - The Second Attack! (USA).zip
nds	Age of Empires - The Age of Kings (USA)	80	32	nds	./roms/Age of Empires - The Age of Kings (USA).zip
nds	Afl Mascot Manor (Australia)	80	24	nds	./roms/AFL Mascot Manor (Australia).7z
nds	Arkanoid DS (USA)	80	35	nds	./roms/Arkanoid DS (USA).7z
nds	Bejeweled 3 (USA)	80	16	nds	./roms/Bejeweled 3 (USA).zip
nds	Bleach - The 3rd Phantom (USA)	80	87	nds	./roms/Bleach - The 3rd Phantom (USA).7z
nds	Brave (USA)	80	47	nds	./roms/Brave (USA).7z
nds	Chrysler Classic Racing (USA)	80	8	nds	./roms/Chrysler Classic Racing (USA).7z
nds	50 Classic Games (USA)	80	4	nds	./roms/50 Classic Games (USA).zip
nds	Atelier Annie - Alchemists of Sera Island (USA)	80	68	nds	./roms/Atelier Annie - Alchemists of Sera Island (USA).zip
nds	Band Hero (USA)	80	165	nds	./roms/Band Hero (USA).7z
nds	Bomberman Land Touch ! 2 (USA)	80	15	nds	./roms/Bomberman Land Touch! 2 (USA).7z
nds	Club Penguin: Elite Penguin Force (USA)	80	28	nds	./roms/Club Penguin - Elite Penguin Force (USA).7z
nds	Dementium II (USA)	80	41	nds	./roms/Dementium II (USA).zip
nds	Digimon World - Dawn (USA)	80	19	nds	./roms/Digimon World - Dawn (USA).7z
nds	Dinosaur King (USA)	80	38	nds	./roms/Dinosaur King (USA).7z
nds	Dragon Ball - Origins 2 (USA)	80	44	nds	./roms/Dragon Ball - Origins 2 (USA).zip
nds	Dragon Ball Z - Supersonic Warriors 2 (USA)	80	33	nds	./roms/Dragon Ball Z - Supersonic Warriors 2 (USA).7z
nds	Dragon Quest IV: Chapters of the Chosen (USA)	80	43	nds	./roms/Dragon Quest IV - Chapters of the Chosen (USA).7z
nds	Dream Pinball 3d (USA)	80	43	nds	./roms/Dream Pinball 3D (USA).7z
nds	Dungeon Explorer: Warriors of Ancient Arts (USA)	80	26	nds	./roms/Dungeon Explorer - Warriors of Ancient Arts (USA).7z
nds	Ea Playground (USA)	80	21	nds	./roms/EA Playground (USA).7z
nds	Elebits: The Adventures of Kai and Zero (USA)	80	24	nds	./roms/Elebits - The Adventures of Kai and Zero (USA).7z
nds	Equestrian Training (Europe)	80	10	nds	./roms/Equestrian Training (Europe).7z
nds	Etrian Odyssey II - Heroes of Lagaard (USA)	80	12	nds	./roms/Etrian Odyssey II - Heroes of Lagaard (USA).7z
nds	Final Fantasy : The 4 Heroes of Light (USA)	80	31	nds	./roms/Final Fantasy - The 4 Heroes of Light (USA).zip
nds	Final Fantasy IV (USA)	80	81	nds	./roms/Final Fantasy IV (USA).7z
nds	Final Fantasy XII - Revenant Wings (USA)	80	43	nds	./roms/Final Fantasy XII - Revenant Wings (USA).7z
nds	Fire Emblem - Shadow Dragon (USA)	80	35	nds	./roms/Fire Emblem - Shadow Dragon (USA).7z
nds	Fire Emblem - Shin Monshou No Nazo - Hikari To Kage No Eiyuu (Japan) (Translated En)	80	62	nds	./roms/Fire Emblem - Shin Monshou no Nazo Hikari to Kage no Eiyuu (Japan) (Translated En).zip
nds	Freshly-Picked : Tingle's Rosy Rupeeland (Europe)	80	33	nds	./roms/Freshly-Picked - Tingle's Rosy Rupeeland (Europe).7z
nds	Geometry Wars : Galaxies (USA)	80	25	nds	./roms/Geometry Wars - Galaxies (USA).7z
nds	Go West! - A Lucky Luke Adventure (Europe)	80	23	nds	./roms/Go West! - A Lucky Luke Adventure (Europe).7z
nds	Golden Sun : Dark Dawn (USA)	80	176	nds	./roms/Golden Sun - Dark Dawn (USA).zip
nds	Guitar Hero - On Tour (USA)	80	100	nds	./roms/Guitar Hero - On Tour (USA).7z
nds	Guitar Hero - On Tour - Decades (USA)	80	109	nds	./roms/Guitar Hero - On Tour - Decades (USA).7z
nds	Harvest Moon DS - Sunshine Islands (USA)	80	14	nds	./roms/Harvest Moon DS - Sunshine Islands (USA).7z
nds	Hidden Expedition : Titanic (Europe)	80	12	nds	./roms/Hidden Expedition - Titanic (Europe).7z
nds	Horse Life (USA)	80	25	nds	./roms/Horse Life - Adventures (USA).7z
nds	Hot Wheels : Battle Force 5 (USA)	80	27	nds	./roms/Hot Wheels - Battle Force 5 (USA).7z
nds	Infinite Space (USA)	80	116	nds	./roms/Infinite Space (USA).zip
nds	Ivy the Kiwi (USA)	80	5	nds	./roms/Ivy the Kiwi (USA).zip
nds	Jojo's Fashion Show: Design in a Dash! (USA)	80	13	nds	./roms/Jojo's Fashion Show - Design in a Dash! (USA).7z
nds	Kira Kira Pop Princess (Europe)	80	19	nds	./roms/Kira Kira Pop Princess (Europe).7z
nds	Knights in the Nightmare (USA)	80	80	nds	./roms/Knights in the Nightmare (USA).7z
nds	Korg DS-10 Synthesizer (Japan)	80	1	nds	./roms/Korg DS-10+ Synthesizer Limited Edition (Japan).7z
nds	LEGO Batman - The Videogame (USA)	80	44	nds	./roms/LEGO Batman - The Videogame (USA).7z
nds	LEGO Battles (USA)	80	86	nds	./roms/LEGO Battles (USA).7z
nds	LEGO Harry Potter - Years 1-4 (USA)	80	122	nds	./roms/LEGO Harry Potter - Years 1-4 (USA).zip
nds	LEGO Rock Band (USA)	80	193	nds	./roms/LEGO Rock Band (USA).7z
nds	Bokura no Taiyou : Django & Sabata (USA)	80	56	nds	./roms/Lunar Knights (USA).7z
nds	Madagascar 3: Europe's Most Wanted (USA)	80	36	nds	./roms/Madagascar 3 (USA).7z
nds	Magical Starsign (USA)	80	36	nds	./roms/Magical Starsign (USA).7z
nds	Mario Hoops 3 on 3 (USA)	80	34	nds	./roms/Mario Hoops 3 on 3 (USA).7z
nds	Mario Kart DS (USA)	80	14	nds	./roms/Mario Kart DS (USA).7z
nds	Dungeon Maker - Mahou No Shovel To Chiisana Yuusha (USA)	80	13	nds	./roms/Master of the Monster Lair (USA).7z
nds	MegaMan Star Force: Dragon (USA)	80	16	nds	./roms/Mega Man Star Force - Dragon (USA).7z
nds	Mega Man Star Force - Leo (USA)	80	16	nds	./roms/Mega Man Star Force - Leo (USA).7z
nds	Mega Man Star Force 3 - Black Ace (USA)	80	16	nds	./roms/Mega Man Star Force 3 - Black Ace (USA).7z
nds	Metroid Prime Pinball (USA)	80	18	nds	./roms/Metroid Prime Pinball (USA).7z
nds	Military History : Commander : Europe at War (Europe)	80	6	nds	./roms/Military History - Commander - Europe at War (Europe).7z
nds	Mr. Driller : Drill Spirits (USA)	80	6	nds	./roms/Mr. Driller - Drill Spirits (USA).7z
nds	My Baby: Girl (USA)	80	11	nds	./roms/My Baby - Girl (USA).7z
nds	My Frogger Toy Trials (USA)	80	14	nds	./roms/My Frogger - Toy Trials (USA).7z
nds	Mystery Dungeon - Shiren the Wanderer (USA)	80	7	nds	./roms/Mystery Dungeon - Shiren the Wanderer (USA).7z
nds	Nanostray (USA)	80	11	nds	./roms/Nanostray (USA).7z
nds	Naruto : Path of the Ninja 2 (USA)	80	29	nds	./roms/Naruto - Path of the Ninja 2 (USA).7z
nds	Naruto Shippuden: Shinobi Rumble!! (USA)	80	12	nds	./roms/Naruto Shippuden - Shinobi Rumble!! (USA).zip
nds	Nervous Brickdown (USA)	80	5	nds	./roms/Nervous Brickdown (USA).7z
nds	Nicktoons Unite! (USA)	80	8	nds	./roms/Nicktoons Unite! (USA).7z
nds	Ninja Gaiden Dragon Sword (USA)	80	103	nds	./roms/Ninja Gaiden - Dragon Sword (USA).7z
nds	Ninjatown (USA)	80	16	nds	./roms/Ninjatown (USA).7z
nds	Pac-Man World 3 (USA)	80	22	nds	./roms/Pac-Man World 3 (USA).7z
nds	Plants vs Zombies (USA)	80	25	nds	./roms/Plants vs. Zombies (USA).zip
nds	Pokémon Black Version (USA, Europe)	80	111	nds	./roms/Pokemon - Black Version (USA, Europe).zip
nds	Pokémon Conquest (USA, Australia)	80	50	nds	./roms/Pokemon Conquest (USA, Australia).7z
nds	Pokemon Mystery Dungeon - Explorers of Darkness (USA)	80	24	nds	./roms/Pokemon Mystery Dungeon - Explorers of Darkness (USA).7z
nds	Pokemon Mystery Dungeon - Explorers of Time (USA)	80	24	nds	./roms/Pokemon Mystery Dungeon - Explorers of Time (USA).7z
nds	Pokemon Ranger : Guardian Signs (USA)	80	92	nds	./roms/Pokemon Ranger - Guardian Signs (USA).zip
nds	Pokémon Ranger : Shadows of Almia (USA)	80	22	nds	./roms/Pokemon Ranger - Shadows of Almia (USA).7z
nds	PokerDome Poker Master - No Limit Texas Hold'em Po (Australia)	80	2	nds	./roms/PokerDome Poker Master - No Limit Texas Hold'em Poker (Australia).7z
nds	Puzzle Quest - Challenge Of The Warlords (USA)	80	6	nds	./roms/Puzzle Quest - Challenge of the Warlords (USA).7z
nds	Rhapsody - A Musical Adventure (USA)	80	69	nds	./roms/Rhapsody - A Musical Adventure (USA).7z
nds	Rhythm Tengoku Gold (USA)	80	103	nds	./roms/Rhythm Heaven (USA).7z
nds	Runaway : A Twist of Fate (Europe)	80	120	nds	./roms/Runaway - A Twist of Fate (Europe).zip
nds	Secret Files 2 : Puritas Cordis (Europe)	80	62	nds	./roms/Secret Files 2 - Puritas Cordis (Europe).7z
nds	Secret Flirts (Europe)	80	12	nds	./roms/Secret Flirts - Make Everyone Fall For You! (Europe).7z
nds	SimCity DS - The Ultimate City Simulator (USA)	80	6	nds	./roms/SimCity DS (USA).7z
nds	So Blonde : Retour sur l'Ile (Europe)	80	47	nds	./roms/So Blonde - Back to the Island (Europe).zip
nds	Sonic Colors (USA)	80	51	nds	./roms/Sonic Colors (USA).zip
nds	Sonic Rush (USA)	80	30	nds	./roms/Sonic Rush (USA).7z
nds	Space Bust-A-Move (USA)	80	10	nds	./roms/Space Bust-A-Move (USA).7z
nds	Spore Créatures (USA)	80	17	nds	./roms/Spore Creatures (USA).7z
nds	Star Fox Command (USA)	80	16	nds	./roms/Star Fox Command (USA).7z
nds	Star Trek : Tactical Assault (USA)	80	6	nds	./roms/Star Trek - Tactical Assault (USA).7z
nds	Sudoku Master (USA)	80	2	nds	./roms/Sudoku Gridmaster (USA).7z
nds	Tamagotchi Connection: Corner Shop 3 (USA)	80	26	nds	./roms/Tamagotchi Connection - Corner Shop 3 (USA).7z
nds	Tiger Woods PGA Tour (USA, Europe)	80	21	nds	./roms/Tiger Woods PGA Tour (USA, Europe).7z
nds	Tinker Bell and the Great Fairy Rescue (USA)	80	54	nds	./roms/Tinker Bell (USA).7z
nds	Yajuu Keiji : Tokyo Douji Tahatsu Terror o Chinatsu Seyo! (USA)	80	19	nds	./roms/Tokyo Beat Down (USA).7z
nds	Tony Hawk's American Sk8land (USA)	80	48	nds	./roms/Tony Hawk's American Sk8land (USA).7z
nds	Touch Detective II (USA)	80	14	nds	./roms/Touch Detective 2 1-2 (USA).7z
nds	Touch Mechanic (USA)	80	14	nds	./roms/Touch Mechanic (USA).7z
nds	Trauma Center: Under the Knife 2 (USA)	80	34	nds	./roms/Trauma Center - Under the Knife 2 (USA).7z
nds	The Urbz - Sims In The City (USA)	80	26	nds	./roms/Urbz, The - Sims in the City (USA).7z
nds	Valkyrie Profile - Covenant of the Plume (USA)	80	45	nds	./roms/Valkyrie Profile - Covenant of the Plume (USA).7z
nds	Wappy Dog (USA)	80	6	nds	./roms/Wappy Dog (USA).7z
nds	WireWay (USA)	80	17	nds	./roms/WireWay (USA).7z
nds	World Series of Poker 2008 : Battle for the Bracel (USA)	80	26	nds	./roms/World Series of Poker 2008 - The Official Video Game - Battle for the Bracelets (USA).7z
nds	Yu-Gi-Oh! - Nightmare Troubadour (USA)	80	38	nds	./roms/Yu-Gi-Oh! - Nightmare Troubadour (USA).7z
nds	Yu-Gi-Oh! 5D's : World Championship 2010 : Reverse of Arcadia (USA)	80	187	nds	./roms/Yu-Gi-Oh! 5D's - World Championship 2010 - Reverse of Arcadia (USA).zip
nds	Zhu Zhu Pets : Animaux de la Forêt (USA)	80	16	nds	./roms/Zhu Zhu Pets 2 - Featuring the Wild Bunch (USA).zip
nds	Zoo Hospital (USA)	80	18	nds	./roms/Zoo Hospital (USA).7z
nds	Zubo (USA)	80	31	nds	./roms/Zubo (USA).7z
neo-geo-pocket	Samurai Spirits! (Japan, Europe)	80	1	ngp	./roms/Samurai Shodown! - Pocket Fighting Series (Japan, Europe).zip
nes	Earthbound (USA) (Proto)	80	0	nes	./roms/Earth Bound (USA) (Proto).zip
nes	Elite (Europe)	80	0	nes	./roms/Elite (Europe).zip
nes	Gargoyle's Quest II (USA)	80	0	nes	./roms/Gargoyle's Quest II (USA).zip
nes	North and South (USA)	80	0	nes	./roms/North and South (USA).zip
nes	Tom & Jerry : The Ultimate Game of Cat and Mouse! (USA)	80	0	nes	./roms/Tom & Jerry - The Ultimate Game of Cat and Mouse! (USA).zip
nes	The Trolls in Crazyland (Europe)	80	0	nes	./roms/Trolls in Crazyland, The (Europe).zip
nesh	Bubble Bobble	80	0	nesh	./roms/Bubble Bobble Madness (X).zip
nesh	Castlevania	80	0	nesh	./roms/Castlevania Retold (X).zip
nesh	Castlevania II : Simon's Quest	80	0	nesh	./roms/Castlevania II - Simon's Quest (X).zip
nesh	Disney's Darkwing Duck	80	0	nesh	./roms/Darkwing Duck - Lost Levels (X).zip
nesh	Mega Man 2	80	0	nesh	./roms/Mega Man - Bass 2 (X).zip
nesh	Metroid	80	0	nesh	./roms/Metroid Deluxe (X).zip
nesh	Ninja Gaiden	80	0	nesh	./roms/Ninja Gaiden - V Edition (X).zip
nesh	Strider	80	0	nesh	./roms/Strider - Matic Unit (X).zip
nesh	Wario's Woods	80	0	nesh	./roms/Warios Woods (X).zip
nesh	Zelda II : The Adventure of Link	80	0	nesh	./roms/Zelda II - Part 3 (X).zip
ngc	Baldur's Gate : Dark Alliance (USA)	80	874	gamecube	./roms/Baldur's Gate - Dark Alliance (USA).rvz
ngc	Giant Egg : Billy Hatcher no Daibouken (USA)	80	806	gamecube	./roms/Billy Hatcher and the Giant Egg (USA).rvz
ngc	Call of Duty 2 : Big Red One (USA)	80	1070	gamecube	./roms/Call of Duty 2 - Big Red One (USA).rvz
ngc	Crash : Tag Team Racing (USA)	80	1204	gamecube	./roms/Crash Tag Team Racing (USA).rvz
ngc	Dance Dance Revolution - Mario Mix (USA)	80	260	gamecube	./roms/Dance Dance Revolution - Mario Mix (USA).rvz
ngc	Digimon World 4 (USA)	80	603	gamecube	./roms/Digimon World 4 (USA).rvz
ngc	Ratatouille (USA)	80	791	gamecube	./roms/Disney-Pixar Ratatouille (USA).rvz
ngc	FIFA Soccer 2004 (USA)	80	868	gamecube	./roms/FIFA Soccer 2004 (USA).rvz
ngc	Fifa Street 2 (USA)	80	1086	gamecube	./roms/FIFA Street 2 (USA).rvz
ngc	Freedom Fighters (USA)	80	1334	gamecube	./roms/Freedom Fighters (USA).rvz
ngc	Gauntlet : Dark Legacy (USA)	80	947	gamecube	./roms/Gauntlet - Dark Legacy (USA).rvz
ngc	Geist (USA)	80	785	gamecube	./roms/Geist (USA).rvz
ngc	Hitman 2 : Silent Assassin (USA)	80	797	gamecube	./roms/Hitman 2 - Silent Assassin (USA).rvz
ngc	The Incredible Hulk Ultimate Destruction (USA)	80	1160	gamecube	./roms/Incredible Hulk, The - Ultimate Destruction (USA).rvz
ngc	Lost Kingdoms II (USA)	80	820	gamecube	./roms/Lost Kingdoms II (USA).rvz
ngc	Midway Arcade Treasures 2 (USA)	80	1228	gamecube	./roms/Midway Arcade Treasures 2 (USA).rvz
ngc	Mr. Driller : Drill Land (Japan)	80	759	gamecube	./roms/Mr. Driller - Drill Land (Japan).rvz
ngc	Naruto: Clash of Ninja 2 (USA)	80	561	gamecube	./roms/Naruto - Clash of Ninja 2 (USA).rvz
ngc	Nba 2k3 (USA)	80	825	gamecube	./roms/NBA 2K3 (USA).rvz
ngc	Over the Hedge (USA)	80	1067	gamecube	./roms/Over the Hedge (USA).rvz
ngc	Pac-man Vs. (USA)	80	52	gamecube	./roms/Pac-Man Vs. (USA).rvz
ngc	Pokemon Colosseum (USA)	80	585	gamecube	./roms/Pokemon Colosseum (USA).rvz
ngc	R: Racing Evolution (USA)	80	1149	gamecube	./roms/R - Racing Evolution (USA).rvz
ngc	Resident Evil (USA) (Disc 2)	80	1100	gamecube	./roms/Resident Evil (USA) (Disc 2).rvz
ngc	Ribbit King (USA) (Disc 2)	80	1292	gamecube	./roms/Ribbit King (USA) (Disc 2).rvz
ngc	Shrek 2 (USA)	80	1010	gamecube	./roms/Shrek 2 (USA).rvz
ngc	The Sims: Bustin' Out (USA)	80	1126	gamecube	./roms/Sims, The - Bustin' Out (USA).rvz
ngc	The Sims (USA)	80	368	gamecube	./roms/Sims, The (USA).rvz
ngc	Sonic Adventure DX : Director's Cut (USA)	80	1173	gamecube	./roms/Sonic Adventure DX - Director's Cut (USA).rvz
ngc	Sonic Mega Collection (USA)	80	838	gamecube	./roms/Sonic Mega Collection (USA).rvz
ngc	Spartan Total Warrior (USA)	80	1017	gamecube	./roms/Spartan - Total Warrior (USA).rvz
ngc	SSX On Tour with Mario (USA)	80	1043	gamecube	./roms/SSX On Tour (USA).rvz
ngc	Star Wars : Bounty Hunter (USA)	80	1240	gamecube	./roms/Star Wars - Bounty Hunter (USA).rvz
ngc	Star Wars : Jedi Knight II : Jedi Outcast (USA)	80	1183	gamecube	./roms/Star Wars - Jedi Knight II - Jedi Outcast (USA).rvz
ngc	Star Wars : Rogue Squadron III : Rebel Strike (USA)	80	1318	gamecube	./roms/Star Wars - Rogue Squadron III - Rebel Strike (USA).rvz
ngc	The SpongeBob SquarePants Movie (USA)	80	700	gamecube	./roms/SpongeBob SquarePants - The Movie (USA).rvz
ngc	Spyro : A Hero's Tail (USA)	80	497	gamecube	./roms/Spyro - A Hero's Tail (USA).rvz
ngc	Terminator 3: The Redemption (USA)	80	1039	gamecube	./roms/Terminator 3 - The Redemption (USA).rvz
ngc	Tiger Woods Pga Tour 2005 (USA) (Disc 2)	80	1043	gamecube	./roms/Tiger Woods PGA Tour 2005 (USA) (Disc 2).rvz
ngc	Rainbow Six 3 (USA)	80	1179	gamecube	./roms/Tom Clancy's Rainbow Six 3 (USA).rvz
ngc	Tom Clancy's Splinter Cell: Pandora Tomorrow (USA)	80	917	gamecube	./roms/Tom Clancy's Splinter Cell - Pandora Tomorrow (USA).rvz
ngc	Vexx (USA)	80	951	gamecube	./roms/Vexx (USA).rvz
ngc	Wallace & Gromit in Project Zoo (USA)	80	762	gamecube	./roms/Wallace & Gromit in Project Zoo (USA).rvz
ngc	Wario Ware Inc. : Mega Party Game$ (USA)	80	674	gamecube	./roms/WarioWare, Inc. - Mega Party Game$! (USA).rvz
ngc	WWE Day of Reckoning (USA)	80	1042	gamecube	./roms/WWE Day of Reckoning (USA).rvz
ngc	X-Men Legends (USA)	80	1256	gamecube	./roms/X-Men Legends (USA).rvz
ngc	X-Men Legends II: Rise of Apocalypse (USA)	80	1356	gamecube	./roms/X-Men Legends II - Rise of Apocalypse (USA).rvz
ngc	2002 FIFA World Cup (USA)	80	1056	gamecube	./roms/2002 FIFA World Cup (USA).rvz
ngc	Baten Kaitosu II : Hajimari no Tsubasa to Kamigami no Shishi (USA) (Disc 2)	80	1321	gamecube	./roms/Baten Kaitos Origins (USA) (Disc 2).rvz
ngc	Butt-Ugly Martians : Zoom or Doom ! (Europe)	80	1150	gamecube	./roms/Butt-Ugly Martians - Zoom or Doom! (Europe).rvz
ngc	Dragon Ball Z : Budokai 2 (USA)	80	790	gamecube	./roms/Dragon Ball Z - Budokai 2 (USA).rvz
ngc	Fifa 07 (USA)	80	1182	gamecube	./roms/FIFA Soccer 07 (USA).rvz
ngc	Harry Potter and the Chamber of Secrets (USA)	80	885	gamecube	./roms/Harry Potter and the Chamber of Secrets (USA).rvz
ngc	King Arthur (USA)	80	1200	gamecube	./roms/King Arthur (USA).rvz
ngc	Lord of the Rings The Third Age (USA) (Disc 2)	80	1298	gamecube	./roms/Lord of the Rings, The - The Third Age (USA) (Disc 2).rvz
ngc	Nhl 2k3 (USA)	80	1116	gamecube	./roms/NHL 2K3 (USA).rvz
ngc	Nintendo Puzzle Collection (Japan)	80	1410	gamecube	./roms/Nintendo Puzzle Collection (Japan).gcz
ngc	Peter Jackson's King Kong: The Official Game of the Movie (USA)	80	1287	gamecube	./roms/Peter Jackson's King Kong (USA).rvz
ngc	Pitfall: The Lost Expedition (USA)	80	792	gamecube	./roms/Pitfall - The Lost Expedition (USA).rvz
ngc	Pokémon XD : Gale of Darkness (USA)	80	972	gamecube	./roms/Pokemon XD - Gale of Darkness (USA).rvz
ngc	SoulCalibur II (USA)	80	797	gamecube	./roms/Soul Calibur II (USA).rvz
ngc	Spider-Man (USA)	80	928	gamecube	./roms/Spider-Man (USA).rvz
ngc	Spider-man 2 (USA)	80	1179	gamecube	./roms/Spider-Man 2 (USA).rvz
ngc	Super Mario Strikers (USA)	80	436	gamecube	./roms/Super Mario Strikers (USA).rvz
ngc	1080° Avalanche (USA)	80	926	gamecube	./roms/1080 Avalanche (USA).rvz
ngc	James Bond 007: From Russia With Love (USA)	80	1259	gamecube	./roms/007 - From Russia with Love (USA).rvz
ngc	Backyard Football (USA)	80	837	gamecube	./roms/Backyard Football (USA).rvz
ngc	Bloody Roar : Primal Fury (USA)	80	553	gamecube	./roms/Bloody Roar - Primal Fury (USA).rvz
ngc	Def Jam Vendetta (USA)	80	1126	gamecube	./roms/Def Jam - Vendetta (USA).rvz
ngc	FIFA 06 (USA)	80	1146	gamecube	./roms/FIFA Soccer 06 (USA).rvz
ngc	FIFA Soccer 2003 (USA)	80	1103	gamecube	./roms/FIFA Soccer 2003 (USA).rvz
ngc	Lego Star Wars II: The Original Trilogy (USA)	80	926	gamecube	./roms/LEGO Star Wars II - The Original Trilogy (USA).rvz
ngc	All-Star Baseball 2004 (USA)	80	1351	gamecube	./roms/All-Star Baseball 2004 (USA).rvz
ngc	Army Men: RTS (USA)	80	404	gamecube	./roms/Army Men - RTS (USA).rvz
pcengine	Bomberman '94 (Japan)	80	1	pcengine	./roms/Bomberman '94 (Japan).zip
pcengine	Coryoon : Child of Dragon (Japan)	80	0	pcengine	./roms/Coryoon - Child of Dragon (Japan).zip
pcengine	Darius Plus (Japan)	80	0	pcengine	./roms/Darius Plus (Japan).zip
pcengine	Final Soldier (Japan)	80	0	pcengine	./roms/Final Soldier (Japan).zip
pcengine	Galaga '88 (Japan)	80	0	pcengine	./roms/Galaga '88 (Japan).zip
pcengine	Gunhed (Japan)	80	0	pcengine	./roms/Gunhed (Japan).zip
pcengine	Image Fight (Japan)	80	0	pcengine	./roms/Image Fight (Japan).zip
pcengine	Kore ga Pro Yakyuu '90 (Japan)	80	0	pcengine	./roms/Kore ga Pro Yakyuu '90 (Japan).zip
pcengine	Mahjong Haouden : Kaiser's Quest (Japan)	80	0	pcengine	./roms/Mahjong Haou Den - Kaiser's Quest (Japan).zip
pcengine	Maniac Pro Wres : Asu e no Tatakai (Japan)	80	0	pcengine	./roms/Maniac Puroresu - Asu heno Tatakai (Japan).zip
pcengine	Momotarou Katsugeki (Japan)	80	0	pcengine	./roms/Momotarou Katsugeki (Japan).zip
pcengine	Parasol Stars : The Story of Bubble Bobble 3 (Japan)	80	0	pcengine	./roms/Parasol Stars - The Story of Bubble Bobble III (Japan).zip
pcengine	PC Denjin : Punkic Cyborgs (Japan)	80	0	pcengine	./roms/PC Denjin - Punkic Cyborgs (Japan).zip
pcengine	PC Genjin : Pithecanthropus Computerurus (Japan)	80	0	pcengine	./roms/PC Genjin - Pithecanthropus Computerurus (Japan).zip
pcengine	PC Genjin 2 : Pithecanthropus Computerurus (Japan)	80	0	pcengine	./roms/PC Genjin 2 - Pithecanthropus Computerurus (Japan).zip
pcengine	Populous (Japan)	80	0	pcengine	./roms/Populous (Japan).zip
pcengine	Saigo no Nindou : Ninja Spirit (Japan)	80	0	pcengine	./roms/Saigo no Nindou - Ninja Spirit (Japan).zip
pcengine	Super Momotarou Dentetsu II (Japan)	80	0	pcengine	./roms/Super Momotarou Dentetsu II (Japan).zip
pcengine	Valkyrie no Densetsu (Japan)	80	0	pcengine	./roms/Walkuere no Densetsu (Japan).zip
pcengine	Xevious : Fardraut Saga (Japan)	80	0	pcengine	./roms/Xevious - Fardraut Densetsu (Japan).zip
pcengine	Ankoku Densetsu (Japan)	80	0	pcengine	./roms/Ankoku Densetsu (Japan).zip
pcengine	The Legendary Axe II (USA)	80	0	turbografx16	./roms/Legendary Axe II, The (USA).zip
pcenginecd	R-type Complete Cd (Japan)	80	419	pcenginecd	./roms/R-Type Complete (Japan).chd
pcenginecd	Super Darius 2 (Japan)	80	502	pcenginecd	./roms/Super Darius II (Japan).chd
pcenginecd	Gate Of Thunder (Japan)	80	448	pcenginecd	./roms/Gate of Thunder (Japan).chd
pcenginecd	Martial Champion (Japan)	80	340	pcenginecd	./roms/Martial Champion (Japan).chd
pcenginecd	Garou Densetsu Special (Japan)	80	687	pcenginecd	./roms/Garou Densetsu Special (Japan).chd
pcenginecd	Xak 3 - The Eternal Recurrence (Japan) (Translated)	80	460	pcenginecd	./roms/Xak III - The Eternal Recurrence (Japan) (Translated).chd
pcenginecd	Ys IV : The Dawn of Ys (Japan) (Translated)	80	456	pcenginecd	./roms/Ys IV - Dawn of Ys (Japan) (Translated).chd
pcenginecd	Double Dragon II : The Revenge (Japan)	80	451	pcenginecd	./roms/Double Dragon 2 - The Revenge (Japan).chd
pcenginecd	Mugen Senshi Valis - The Legend Of A Fantasm Soldier (Japan)	80	477	pcenginecd	./roms/Mugen Senshi Valis - Legend of a Fantasm Soldier (Japan).chd
pcfx	Battle Heat	80	0	pcfx	./roms/Battle Heat.cue
pcfx	Dookyuusei 2	80	0	pcfx	./roms/Doukyusei II.cue
ps2	007 : Nightfire (USA)	80	1886	ps2	./roms/USA/007 - Nightfire (USA).chd
ps2	F1 2001 (USA)	80	449	ps2	./roms/USA/F1 2001 (USA).chd
ps2	Fight Night Round 3 (USA)	80	1983	ps2	./roms/USA/Fight Night Round 3 (USA).chd
ps2	FlatOut (USA)	80	1184	ps2	./roms/USA/FlatOut (USA).chd
ps2	Goblin Commander : Unleash the Horde (USA)	80	463	ps2	./roms/USA/Goblin Commander - Unleash the Horde (USA).chd
ps2	The Incredible Hulk : Ultimate Destruction (USA)	80	1690	ps2	./roms/USA/Incredible Hulk, The - Ultimate Destruction (USA).chd
ps2	King Arthur (USA)	80	2276	ps2	./roms/USA/King Arthur (USA).chd
ps2	The Lord of the Rings : The Third Age (USA)	80	3283	ps2	./roms/USA/Lord of the Rings, The - The Third Age (USA).chd
ps2	Marvel : Ultimate Alliance (USA)	80	2244	ps2	./roms/USA/Marvel - Ultimate Alliance (USA).chd
ps2	Mortal Kombat : Shaolin Monks (USA)	80	2513	ps2	./roms/USA/Mortal Kombat - Shaolin Monks (USA).chd
ps2	NBA Live 06 (USA)	80	2199	ps2	./roms/USA/NBA Live 06 (USA).chd
ps2	Need for Speed : Carbon (USA)	80	3036	ps2	./roms/USA/Need for Speed - Carbon (USA).chd
ps2	NHL 07 (USA)	80	1654	ps2	./roms/USA/NHL 07 (USA).chd
ps2	NHL 2K3 (USA)	80	1025	ps2	./roms/USA/NHL 2K3 (USA).chd
ps2	Pac-Man World 3 (USA)	80	1341	ps2	./roms/USA/Pac-Man World 3 (USA).chd
ps2	Peter Jackson's King Kong : The Official Game of the Movie (USA)	80	1212	ps2	./roms/USA/Peter Jackson's King Kong - The Official Game of the Movie (USA).chd
ps2	Pirates : The Legend of Black Kat (USA)	80	2155	ps2	./roms/USA/Pirates - The Legend of Black Kat (USA).chd
ps2	The Punisher (USA)	80	1549	ps2	./roms/USA/Punisher, The (USA).chd
ps2	Shrek 2 (USA)	80	767	ps2	./roms/USA/Shrek 2 (USA).chd
ps2	Silent Hill 4 : The Room (USA)	80	2344	ps2	./roms/USA/Silent Hill 4 - The Room (USA).chd
ps2	Smash Court Tennis : Pro Tournament (USA)	80	251	ps2	./roms/USA/Smash Court Tennis - Pro Tournament (USA).chd
ps2	Sonic Heroes (USA)	80	1743	ps2	./roms/USA/Sonic Heroes (USA).chd
ps2	Splashdown (USA)	80	1972	ps2	./roms/USA/Splashdown (USA).chd
ps2	Street Fighter Anniversary Collection (USA)	80	3188	ps2	./roms/USA/Street Fighter Anniversary Collection (USA).chd
ps2	The Suffering : Ties That Bind (USA)	80	2401	ps2	./roms/USA/Suffering, The - Ties That Bind (USA).chd
ps2	Taito Legends (USA)	80	445	ps2	./roms/USA/Taito Legends (USA).chd
ps2	Tekken Tag Tournament (USA)	80	365	ps2	./roms/USA/Tekken Tag Tournament (USA).chd
ps2	Tiger Woods PGA Tour 06 (USA)	80	1819	ps2	./roms/USA/Tiger Woods PGA Tour 06 (USA).chd
ps2	Total Overdose : A Gunslinger's Tale in Mexico (USA)	80	2430	ps2	./roms/USA/Total Overdose - A Gunslinger's Tale in Mexico (USA).chd
ps2	True Crime : New York City (USA)	80	2107	ps2	./roms/USA/True Crime - New York City (USA).chd
ps2	Virtua Fighter 4 : Evolution (USA)	80	937	ps2	./roms/USA/Virtua Fighter 4 - Evolution (USA).chd
ps2	Whiplash (USA)	80	770	ps2	./roms/USA/Whiplash (USA).chd
ps2	Worms 3D (USA)	80	829	ps2	./roms/USA/Worms 3D (USA).chd
ps2	Aggressive Inline (USA)	80	814	ps2	./roms/USA/Aggressive Inline (USA).chd
ps2	All-Star Baseball 2003 featuring Derek Jeter (USA)	80	946	ps2	./roms/USA/All-Star Baseball 2003 featuring Derek Jeter (USA).chd
ps2	Area 51 (USA)	80	2526	ps2	./roms/USA/Area 51 (USA).chd
ps2	ATV : Quad Power Racing 2 (USA)	80	1221	ps2	./roms/USA/ATV Quad Power Racing 2 (USA).chd
ps2	Batman Begins (USA)	80	1639	ps2	./roms/USA/Batman Begins (USA).chd
ps2	Beat Down : Fists of Vengeance (USA)	80	2528	ps2	./roms/USA/Beat Down - Fists of Vengeance (USA).chd
ps2	Black (USA)	80	1197	ps2	./roms/USA/Black (USA).chd
ps2	BloodRayne (USA)	80	794	ps2	./roms/USA/BloodRayne (USA).chd
ps2	Brothers in Arms : Road to Hill 30 (USA)	80	1745	ps2	./roms/USA/Brothers in Arms - Road to Hill 30 (USA).chd
ps2	Buffy the Vampire Slayer : Chaos Bleeds (USA)	80	2107	ps2	./roms/USA/Buffy the Vampire Slayer - Chaos Bleeds (USA).chd
ps2	Call of Duty 2 : Big Red One (USA)	80	1432	ps2	./roms/USA/Call of Duty 2 - Big Red One (USA).chd
ps2	Castlevania : Curse of Darkness (USA)	80	2758	ps2	./roms/USA/Castlevania - Curse of Darkness (USA).chd
ps2	Conflict : Desert Storm (USA)	80	1533	ps2	./roms/USA/Conflict - Desert Storm (USA).chd
ps2	Conflict : Desert Storm II, Back to Baghdad (USA)	80	1738	ps2	./roms/USA/Conflict - Desert Storm II - Back to Baghdad (USA).chd
ps2	Dynasty Warriors 3 (USA)	80	1485	ps2	./roms/USA/Dynasty Warriors 3 (USA).chd
ps2	ESPN College Hoops (USA)	80	2618	ps2	./roms/USA/ESPN College Hoops (USA).chd
ps2	ESPN International Winter Sports 2002 (USA)	80	293	ps2	./roms/USA/ESPN International Winter Sports 2002 (USA).chd
ps2	ESPN NBA 2K5 (USA)	80	2521	ps2	./roms/USA/ESPN NBA 2K5 (USA).chd
ps2	Fatal Frame (USA)	80	1819	ps2	./roms/USA/Fatal Frame (USA).chd
ps2	Fire Pro Wrestling Returns (USA)	80	657	ps2	./roms/USA/Fire Pro Wrestling Returns (USA).chd
ps2	Gun (USA)	80	1205	ps2	./roms/USA/Gun (USA).chd
ps2	Harry Potter and the Sorcerer's Stone (USA)	80	1481	ps2	./roms/USA/Harry Potter and the Sorcerer's Stone (USA).chd
ps2	I-Ninja (USA)	80	1056	ps2	./roms/USA/I-Ninja (USA).chd
ps2	Indiana Jones and the Emperor's Tomb (USA)	80	824	ps2	./roms/USA/Indiana Jones and the Emperor's Tomb (USA).chd
ps2	Jaws Unleashed (USA)	80	2361	ps2	./roms/USA/Jaws Unleashed (USA).chd
ps2	Kao the Kangaroo : Round 2 (USA)	80	324	ps2	./roms/USA/Kao the Kangaroo Round 2 (USA).chd
ps2	The King of Fighters 02/03 (USA) (Disc 1)	80	3390	ps2	./roms/USA/King of Fighters 2002-2003, The (USA) (Disc 1).chd
ps2	LEGO Star Wars : The Video Game (USA)	80	503	ps2	./roms/USA/LEGO Star Wars - The Video Game (USA).chd
ps2	Leisure Suit Larry : Magna Cum Laude (USA)	80	2081	ps2	./roms/USA/Leisure Suit Larry - Magna Cum Laude (USA).chd
ps2	Manhunt (USA)	80	2046	ps2	./roms/USA/Manhunt (USA).chd
ps2	Max Payne (USA)	80	979	ps2	./roms/USA/Max Payne (USA).chd
ps2	Maximo vs Army of Zin (USA)	80	696	ps2	./roms/USA/Maximo vs Army of Zin (USA).chd
ps2	Mega Man Anniversary Collection (USA)	80	3088	ps2	./roms/USA/Mega Man Anniversary Collection (USA).chd
ps2	Mortal Kombat : Deadly Alliance (USA)	80	2684	ps2	./roms/USA/Mortal Kombat - Deadly Alliance (USA).chd
ps2	MotoGP 2 (USA)	80	306	ps2	./roms/USA/MotoGP 2 (USA).chd
ps2	NBA Jam (USA)	80	694	ps2	./roms/USA/NBA Jam (USA).chd
ps2	NBA Live 2002 (USA)	80	372	ps2	./roms/USA/NBA Live 2002 (USA).chd
ps2	NBA Starting Five (USA)	80	336	ps2	./roms/USA/NBA Starting Five (USA).chd
ps2	NFL 2K3 (USA)	80	1980	ps2	./roms/USA/NFL 2K3 (USA).chd
ps2	Pac-Man World 2 (USA)	80	835	ps2	./roms/USA/Pac-Man World 2 (USA).chd
ps2	Pro Race Driver (USA)	80	2474	ps2	./roms/USA/Pro Race Driver (USA).chd
ps2	Rapala Pro Fishing (USA)	80	599	ps2	./roms/USA/Rapala Pro Fishing (USA).chd
ps2	RedCard 20-03 (USA)	80	1833	ps2	./roms/USA/RedCard 20-03 (USA).chd
ps2	Rugby 06 (USA)	80	1010	ps2	./roms/USA/Rugby 06 (USA).chd
ps2	Samurai Warriors (USA)	80	2221	ps2	./roms/USA/Samurai Warriors (USA).chd
ps2	Scaler (USA)	80	825	ps2	./roms/USA/Scaler (USA).chd
ps2	The Sims (USA)	80	362	ps2	./roms/USA/Sims, The (USA).chd
ps2	Spawn : Armageddon (USA)	80	872	ps2	./roms/USA/Spawn - Armageddon (USA).chd
ps2	Spider-Man 2 (USA)	80	1308	ps2	./roms/USA/Spider-Man 2 (USA).chd
ps2	Star Wars : Episode III, Revenge of the Sith (USA)	80	1627	ps2	./roms/USA/Star Wars Episode III - Revenge of the Sith (USA).chd
ps2	Taz : Wanted (USA)	80	332	ps2	./roms/USA/Taz Wanted (USA).chd
ps2	Tekken 4 (USA)	80	2127	ps2	./roms/USA/Tekken 4 (USA).chd
ps2	Terminator 3 : The Redemption (USA)	80	1393	ps2	./roms/USA/Terminator 3 - The Redemption (USA).chd
ps2	Test Drive (USA)	80	1728	ps2	./roms/USA/Test Drive (USA).chd
ps2	The Thing (USA)	80	330	ps2	./roms/USA/Thing, The (USA).chd
ps2	Tim Burton's The Nightmare Before Christmas : Oogie's Revenge (USA)	80	2671	ps2	./roms/USA/Tim Burton's The Nightmare Before Christmas - Oogie's Revenge (USA).chd
ps2	Trivial Pursuit : Unhinged (USA)	80	1740	ps2	./roms/USA/Trivial Pursuit Unhinged (USA).chd
ps2	Ultimate Spider-Man (USA)	80	1232	ps2	./roms/USA/Ultimate Spider-Man (USA).chd
ps2	Virtua Fighter 4 (USA)	80	356	ps2	./roms/USA/Virtua Fighter 4 (USA).chd
ps2	Wrath Unleashed (USA)	80	1293	ps2	./roms/USA/Wrath Unleashed (USA).chd
ps2	XGRA : Extreme G Racing Association (USA)	80	913	ps2	./roms/USA/XGRA - Extreme G Racing Association (USA).chd
ps2	Xiaolin Showdown (USA)	80	536	ps2	./roms/USA/Xiaolin Showdown (USA).chd
ps2	Battle Engine Aquila (USA)	80	1958	ps2	./roms/USA/Battle Engine Aquila (USA).chd
ps2	Call of Duty 3 (USA)	80	2554	ps2	./roms/USA/Call of Duty 3 (USA).chd
ps2	Crash Bandicoot : The Wrath of Cortex (USA)	80	348	ps2	./roms/USA/Crash Bandicoot - The Wrath of Cortex (USA).chd
ps2	Crash Twinsanity (USA)	80	1409	ps2	./roms/USA/Crash Twinsanity (USA).chd
ps3	Asura's Wrath	80	0	ps3	./roms/ASURA'S WRATH.ps3
ps3	IL-2 Sturmovik: Birds of Prey	80	0	ps3	./roms/IL-2 Sturmovik Birds of Prey.ps3
ps3	Just Cause 2	80	0	ps3	./roms/Just Cause 2.ps3
ps3	Kingdom Hearts 1.5 Hd Remix	80	0	ps3	./roms/Kingdom Hearts HD - 1.5 ReMIX.ps3
ps3	Ratchet & Clank : Into the Nexus	80	0	ps3	./roms/Ratchet & Clank - Into the Nexus.ps3
ps3	SoulCalibur IV	80	0	ps3	./roms/Soul Calibur IV.ps3
ps3	Tomb Raider Trilogy	80	0	ps3	./roms/The Tomb Raider Trilogy.ps3
psp	Age Of Zombies (USA)	80	22	psp	./roms/Age of Zombies (USA).cso
psp	Ape Escape Academy (USA)	80	163	psp	./roms/Ape Escape Academy (USA).cso
psp	Arthur Et Les Minimoys (Europe)	80	1463	psp	./roms/Arthur and the Minimoys (Europe).cso
psp	Astonishia Story (USA)	80	70	psp	./roms/Astonishia Story (USA).cso
psp	Marvel Super Hero Squad (USA)	80	1343	psp	./roms/Marvel Super Hero Squad (USA).cso
psp	Pro Evolution Soccer 2011 (USA)	80	618	psp	./roms/Pro Evolution Soccer 2011 (USA).cso
psp	Pursuit Force : Extreme Justice (USA)	80	1082	psp	./roms/Pursuit Force - Extreme Justice (USA).cso
psp	Scooby-Doo! : Who's Watching Who (USA)	80	439	psp	./roms/Scooby-Doo! - Who's Watching Who (USA).cso
psp	Smash Court Tennis 3 (USA)	80	956	psp	./roms/Smash Court Tennis 3 (USA).cso
psp	ATV Offroad Fury Pro (USA)	80	437	psp	./roms/ATV Offroad Fury Pro (USA).cso
psp	Beaterator (USA)	80	698	psp	./roms/Beaterator (USA).cso
psp	Black Rock Shooter : The Game (USA)	80	1148	psp	./roms/Black Rock Shooter - The Game (USA).cso
psp	BlazBlue : Continuum Shift II (USA)	80	1476	psp	./roms/Blazblue - Continuum Shift II (USA).cso
psp	Brandish : The Dark Revenant (USA)	80	288	psp	./roms/Brandish - The Dark Revenant (USA).cso
psp	Brave Story : New Traveler (USA)	80	140	psp	./roms/Brave Story - New Traveler (USA).cso
psp	Burnout Dominator (USA)	80	435	psp	./roms/Burnout Dominator (USA).cso
psp	Championship Manager 2006 (Europe)	80	165	psp	./roms/Championship Manager 2006 (Europe).cso
psp	Chili Con Carnage (USA)	80	624	psp	./roms/Chili Con Carnage (USA).cso
psp	Cladun X2 (USA)	80	324	psp	./roms/Cladun x2 (USA).cso
psp	Corpse Party (USA)	80	534	psp	./roms/Corpse Party (USA).cso
psp	Corpse Party : Book of Shadows (USA)	80	1054	psp	./roms/Corpse Party - Book of Shadows (USA).cso
psp	Dead Head Fred (USA)	80	914	psp	./roms/Dead Head Fred (USA).cso
psp	DJ Max Fever (USA)	80	1507	psp	./roms/DJ Max Fever (USA).cso
psp	Dragon Ball Z : Tenkaichi Tag Team (USA)	80	535	psp	./roms/Dragon Ball Z - Tenkaichi Tag Team (USA).cso
psp	Dynasty Warriors : Strikeforce (USA)	80	992	psp	./roms/Dynasty Warriors - Strikeforce (USA).cso
psp	Dynasty Warriors Vol. 2 (USA)	80	189	psp	./roms/Dynasty Warriors Vol. 2 (USA).cso
psp	Echoshift (Europe)	80	192	psp	./roms/Echoshift (Europe).cso
psp	Everybody's Tennis (USA)	80	1265	psp	./roms/Everybodys Tennis (USA).cso
psp	Exit (USA)	80	68	psp	./roms/Exit (USA).cso
psp	Exit 2 (Europe)	80	94	psp	./roms/Exit 2 (Europe).cso
psp	EyePet (USA)	80	494	psp	./roms/EyePet (USA).cso
psp	Fate-Unlimited Codes Portable (USA)	80	497	psp	./roms/Fate-Unlimited Codes (USA).cso
psp	FIFA Street 2 (USA)	80	77	psp	./roms/FIFA Street 2 (USA).cso
psp	Final Fantasy - 20th Anniversary Edition (USA)	80	154	psp	./roms/Final Fantasy - 20th Anniversary Edition (USA).cso
psp	Flow (USA)	80	93	psp	./roms/flOw (USA).cso
psp	Football Manager Handheld 2007 (Europe)	80	52	psp	./roms/Football Manager Handheld 2007 (Europe).cso
psp	Formula 1 06 (Europe)	80	372	psp	./roms/Formula One 2006 (Europe).cso
psp	Geronimo Stilton in the Kingdom of Fantasy : The Videogame (Europe)	80	663	psp	./roms/Geronimo Stilton in the Kingdom of Fantasy - The Videogame (Europe).cso
psp	Gripshift (USA)	80	86	psp	./roms/Gripshift (USA).cso
psp	Growlanser : Wayfarer of Time (USA)	80	982	psp	./roms/Growlanser - Wayfarer of Time (USA).cso
psp	Guilty Gear Judgment (USA)	80	402	psp	./roms/Guilty Gear Judgment (USA).cso
psp	Hakuoki : Demon of the Fleeting Blossom (USA)	80	789	psp	./roms/Hakuoki - Demon of the Fleeting Blossom (USA).cso
psp	Harvest Moon : Hero of Leaf Valley (USA)	80	177	psp	./roms/Harvest Moon - Hero of Leaf Valley (USA).cso
psp	Hot Shots Tennis : Get a Grip (USA)	80	1150	psp	./roms/Hot Shots Tennis - Get a Grip (USA).cso
psp	Infected (USA)	80	556	psp	./roms/Infected (USA).cso
psp	Invizimals : Shadow Zone (USA)	80	1696	psp	./roms/Invizimals - Shadow Zone (USA).cso
psp	Jackass : The Game (USA)	80	1767	psp	./roms/Jackass - The Game (USA).cso
psp	Juiced 2 : Hot Import Nights (USA)	80	832	psp	./roms/Juiced 2 - Hot Import Nights (USA).cso
psp	LEGO Harry Potter : Years 5-7 (USA)	80	1369	psp	./roms/LEGO Harry Potter - Years 5-7 (USA).cso
psp	LEGO Indiana Jones: The Original Adventures (USA)	80	743	psp	./roms/LEGO Indiana Jones - The Original Adventures (USA).cso
psp	Locoroco Midnight Carnival (USA)	80	192	psp	./roms/LocoRoco - Midnight Carnival (USA).cso
psp	Lumines (USA)	80	158	psp	./roms/Lumines (USA).cso
psp	Madden NFL 06 (USA)	80	1093	psp	./roms/Madden NFL 06 (USA).cso
psp	Madden NFL 07 (USA)	80	390	psp	./roms/Madden NFL 07 (USA).cso
psp	Madden NFL 10 (USA)	80	860	psp	./roms/Madden NFL 10 (USA).cso
psp	Madden NFL 12 (USA)	80	506	psp	./roms/Madden NFL 12 (USA).cso
psp	Metal Gear Solid : Digital Graphic Novel (USA)	80	649	psp	./roms/Metal Gear Solid - Digital Graphic Novel (USA).cso
psp	MLB 10 : The Show (USA)	80	932	psp	./roms/MLB 10 - The Show (USA).cso
psp	Monster Kingdom : Jewel Summoner (USA)	80	483	psp	./roms/Monster Kingdom - Jewel Summoner (USA).cso
psp	Moto GP (USA)	80	261	psp	./roms/Moto GP (USA).cso
psp	Mytran Wars (USA)	80	838	psp	./roms/Mytran Wars (USA).cso
psp	N+ (USA)	80	27	psp	./roms/N+ (USA).cso
psp	NBA Live 08 (USA)	80	807	psp	./roms/NBA Live 08 (USA).cso
psp	NBA Street Showdown (USA)	80	185	psp	./roms/NBA Street Showdown (USA).cso
psp	NFL Street 2 Unleashed (USA)	80	138	psp	./roms/NFL Street 2 Unleashed (USA).cso
psp	Phantasy Star Portable 2 (USA)	80	981	psp	./roms/Phantasy Star Portable 2 (USA).cso
psp	Phantom Brave : The Hermuda Triangle (USA)	80	598	psp	./roms/Phantom Brave - The Hermuda Triangle (USA).cso
psp	Rock Band Unplugged (USA)	80	970	psp	./roms/Rock Band Unplugged (USA).cso
psp	The Secret Saturdays : Beasts of the 5th Sun (USA)	80	715	psp	./roms/Secret Saturdays, The - Beasts of the 5th Sun (USA).cso
psp	SEGA Genesis Collection (USA)	80	763	psp	./roms/Sega Genesis Collection (USA).cso
psp	Sega Rally Revo (USA)	80	152	psp	./roms/Sega Rally Revo (USA).cso
psp	Shin Megami Tensei : Persona 2, Innocent Sin (USA)	80	985	psp	./roms/Shin Megami Tensei - Persona 2 - Innocent Sin (USA).cso
psp	Shrek : Smash n' Crash Racing (USA)	80	232	psp	./roms/Shrek - Smash n' Crash Racing (USA).cso
psp	Skate Park City (Europe)	80	163	psp	./roms/Skate Park City (Europe).cso
psp	Snoopy vs the Red Baron (USA)	80	302	psp	./roms/Snoopy vs the Red Baron (USA).cso
psp	SOCOM : U.S. Navy SEALs, Fireteam Bravo (USA)	80	121	psp	./roms/SOCOM - U.S. Navy Seals - Fireteam Bravo (USA).cso
psp	SOCOM : U.S. Navy SEALs, Tactical Strike (USA)	80	997	psp	./roms/SOCOM - U.S. Navy Seals - Tactical Strike (USA).cso
psp	Split/Second (USA)	80	1307	psp	./roms/Split-Second (USA).cso
psp	SpongeBob's Truth or Square (USA)	80	1306	psp	./roms/SpongeBob's Truth or Square (USA).cso
psp	SSX : On Tour (USA)	80	663	psp	./roms/SSX - On Tour (USA).cso
psp	Star Ocean : First Departure (USA)	80	933	psp	./roms/Star Ocean - First Departure (USA).cso
psp	Star Wars Battlefront : Elite Squadron (USA)	80	722	psp	./roms/Star Wars Battlefront - Elite Squadron (USA).cso
psp	Street Fighter Alpha 3 Max (USA)	80	119	psp	./roms/Street Fighter Alpha 3 Max (USA).cso
psp	Street Supremacy (USA)	80	443	psp	./roms/Street Supremacy (USA).cso
psp	Strikers 1945 Plus Portable (USA)	80	61	psp	./roms/Strikers 1945 Plus (USA).cso
psp	Tekken 6 (USA)	80	563	psp	./roms/Tekken 6 (USA).cso
psp	Thrillville : Off the Rails (USA)	80	454	psp	./roms/Thrillville - Off the Rails (USA).cso
psp	Tiger Woods PGA Tour 06 (USA)	80	635	psp	./roms/Tiger Woods PGA Tour 06 (USA).cso
psp	Tony Hawk's Project 8 (USA)	80	1047	psp	./roms/Tony Hawk's Project 8 (USA).cso
psp	Valhalla Knights (USA)	80	391	psp	./roms/Valhalla Knights 2 (USA).cso
psp	The Warriors (USA)	80	151	psp	./roms/Warriors, The (USA).cso
psp	World Series of Poker : Tournament of Champions, 2007 Edition (USA)	80	720	psp	./roms/World Series of Poker - Tournament of Champions - 2007 Edition (USA).cso
psp	WWE SmackDown! vs. RAW 2007 (USA)	80	1367	psp	./roms/WWE SmackDown! vs. RAW 2007 (USA).cso
psp	WWE SmackDown! vs. RAW 2008 featuring ECW (USA)	80	1091	psp	./roms/WWE SmackDown! vs. RAW 2008 featuring ECW (USA).cso
psp	WWE SmackDown! vs. RAW 2011 (USA)	80	1362	psp	./roms/WWE SmackDown! vs. RAW 2011 (USA).cso
psp	X-Men Legends II : Rise of Apocalypse (USA)	80	453	psp	./roms/X-Men Legends II - Rise of Apocalypse (USA).cso
psp	Yu-Gi-Oh! 5D's : Tag Force 4 (USA)	80	1344	psp	./roms/Yu-Gi-Oh! 5D's - Tag Force 4 (USA).cso
psp	Yu-Gi-Oh! GX : Tag Force (USA)	80	527	psp	./roms/Yu-Gi-Oh! GX - Tag Force (USA).cso
pspminis	Alien Havoc (USA)	80	9	pspminis	./roms/Alien Havoc (USA).cso
pspminis	Beach Buzzin' Chopper (USA)	80	21	pspminis	./roms/Beach Buzzin’ Chopper (USA).cso
pspminis	Bloons Td (USA)	80	8	pspminis	./roms/Bloons TD (USA).cso
pspminis	Idiot Squad (USA)	80	18	pspminis	./roms/Idiot Squad (USA).cso
pspminis	Jetpack Joyride (USA)	80	22	pspminis	./roms/Jetpack Joyride (USA).cso
pspminis	N+ (USA)	80	54	pspminis	./roms/N+ (USA).cso
pspminis	Spot The Differences! (USA)	80	78	pspminis	./roms/Spot The Differences (USA).cso
pspminis	This Is Football Management (USA)	80	14	pspminis	./roms/This Is Football Management (USA).cso
pspminis	Vibes (USA)	80	62	pspminis	./roms/Vibes (USA).cso
pspminis	1000 Tiny Claws (USA)	80	90	pspminis	./roms/1000 Tiny Claws (USA).cso
pspminis	Age Of Zombies (USA)	80	22	pspminis	./roms/Age Of Zombies (USA).cso
psx	ESPN Extreme Games (USA)	80	425	psx	./roms/ESPN Extreme Games (USA).chd
psx	Disney-Pixar A Bug's Life (USA)	80	480	psx	./roms/A Bug's Life (USA).chd
psx	Army Men : Sarge's Heroes (USA)	80	463	psx	./roms/Army Men - Sarge's Heroes (USA).chd
psx	Aztec : The Curse in the Heart of the City of Gold (Europe)	80	471	psx	./roms/Aztec - The Curse in the Heart of the City of Gold (Europe).chd
psx	Beatmania (Europe)	80	175	psx	./roms/Beatmania (Europe).chd
psx	Big Bass Fishing (USA)	80	78	psx	./roms/Big Bass Fishing (USA).chd
psx	Bishi Bashi Special (Europe)	80	135	psx	./roms/Bishi Bashi Special (Europe).chd
psx	Bomberman : Party Edition (USA)	80	279	psx	./roms/Bomberman - Party Edition (USA).chd
psx	Breath of Fire III (USA)	80	152	psx	./roms/Breath of Fire III (USA).chd
psx	Brigandine : The Legend of Forsena (USA)	80	304	psx	./roms/Brigandine - The Legend of Forsena (USA).chd
psx	Bubble Bobble also featuring Rainbow Islands (USA)	80	51	psx	./roms/Bubble Bobble also featuring Rainbow Islands (USA).chd
psx	Bugs Bunny : Lost in Time (USA)	80	267	psx	./roms/Bugs Bunny - Lost in Time (USA).chd
psx	Bust A Groove (USA)	80	298	psx	./roms/Bust A Groove (USA).chd
psx	Bust-A-Move 2 : Arcade Edition (USA)	80	207	psx	./roms/Bust-A-Move 2 - Arcade Edition (USA).chd
psx	Bust-A-Move '99 (USA)	80	226	psx	./roms/Bust-A-Move '99 (USA).chd
psx	C-12: Final Resistance (USA)	80	266	psx	./roms/C-12 - Final Resistance (USA).chd
psx	Centipede (USA)	80	238	psx	./roms/Centipede (USA).chd
psx	Championship Bass (USA)	80	162	psx	./roms/Championship Bass (USA).chd
psx	Championship Motocross 2001 featuring Ricky Carmichael (USA)	80	255	psx	./roms/Championship Motocross 2001 featuring Ricky Carmichael (USA).chd
psx	Chocobo's Dungeon 2 (USA)	80	277	psx	./roms/Chocobo's Dungeon 2 (USA).chd
psx	Civilization II (USA)	80	273	psx	./roms/Civilization II (USA).chd
psx	Codename : Tenka (USA)	80	365	psx	./roms/Codename - Tenka (USA).chd
psx	Command & Conquer : Red Alert, Retaliation (USA) (Disc 2)	80	422	psx	./roms/Command & Conquer - Red Alert - Retaliation (USA) (Disc 2).chd
psx	Covert Ops : Nuclear Dawn (USA) (Disc 2)	80	534	psx	./roms/Covert Ops - Nuclear Dawn (USA) (Disc 2).chd
psx	Dance Dance Revolution Konamix (USA)	80	289	psx	./roms/Dance Dance Revolution Konamix (USA).chd
psx	Darkstone (USA)	80	393	psx	./roms/Darkstone (USA).chd
psx	Dave Mirra Freestyle BMX : Maximum Remix (USA)	80	212	psx	./roms/Dave Mirra Freestyle BMX - Maximum Remix (USA).chd
psx	Dave Mirra Freestyle BMX (USA)	80	180	psx	./roms/Dave Mirra Freestyle BMX (USA).chd
psx	Deception III : Dark Delusion (USA)	80	422	psx	./roms/Deception III - Dark Delusion (USA).chd
psx	Destruction Derby 2 (USA)	80	417	psx	./roms/Destruction Derby 2 (USA).chd
psx	Destruction Derby Raw (USA)	80	464	psx	./roms/Destruction Derby Raw (USA).chd
psx	Devil Dice (USA)	80	323	psx	./roms/Devil Dice (USA).chd
psx	Die Hard Trilogy (USA)	80	330	psx	./roms/Die Hard Trilogy (USA).chd
psx	Dino Crisis 2 (USA)	80	318	psx	./roms/Dino Crisis 2 (USA).chd
psx	Discworld II : Mortality Bytes! (USA)	80	478	psx	./roms/Discworld II - Mortality Bytes! (USA).chd
psx	Disney's 102 Dalmatians : Puppies to the Rescue (USA)	80	77	psx	./roms/Disney's 102 Dalmatians - Puppies to the Rescue (USA).chd
psx	Disney's Hercules Action Game (USA)	80	217	psx	./roms/Disney's Hercules Action Game (USA).chd
psx	Disney's Tarzan (USA)	80	297	psx	./roms/Disney's Tarzan (USA).chd
psx	Disney's Treasure Planet (USA)	80	320	psx	./roms/Disney's Treasure Planet (USA).chd
psx	Dracula : The Last Sanctuary (USA) (Disc 2)	80	442	psx	./roms/Dracula - The Last Sanctuary (USA) (Disc 2).chd
psx	Driver 2 (USA) (Disc 2)	80	414	psx	./roms/Driver 2 (USA) (Disc 2).chd
psx	Dynasty Warriors (USA)	80	303	psx	./roms/Dynasty Warriors (USA).chd
psx	Evil Zone (USA)	80	457	psx	./roms/Evil Zone (USA).chd
psx	Fear Effect (USA) (Disc 4)	80	386	psx	./roms/Fear Effect (USA) (Disc 4).chd
psx	Final Fantasy Chronicles : Final Fantasy IV (USA)	80	236	psx	./roms/Final Fantasy Chronicles - Final Fantasy IV (USA).chd
psx	Final Fantasy Tactics (USA)	80	219	psx	./roms/Final Fantasy Tactics (USA).chd
psx	Firebugs (Europe)	80	374	psx	./roms/Firebugs (Europe).chd
psx	Front Mission 2 (Japan) (Translated En)	80	160	psx	./roms/Front Mission 2 (Japan) (Translated En).chd
psx	Ghost in the Shell (USA)	80	414	psx	./roms/Ghost in the Shell (USA).chd
psx	G-Police : Weapons of Justice (USA)	80	403	psx	./roms/G-Police - Weapons of Justice (USA).chd
psx	Grandia (USA) (Disc 2)	80	498	psx	./roms/Grandia (USA) (Disc 2).chd
psx	Harry Potter and the Chamber of Secrets (USA)	80	424	psx	./roms/Harry Potter and the Chamber of Secrets (USA).chd
psx	Harry Potter and the Sorcerer's Stone (USA)	80	399	psx	./roms/Harry Potter and the Sorcerer's Stone (USA).chd
psx	HBO Boxing (USA)	80	250	psx	./roms/HBO Boxing (USA).chd
psx	Hellnight (Europe)	80	381	psx	./roms/Hellnight (Europe).chd
psx	In Cold Blood (USA) (Disc 2)	80	487	psx	./roms/In Cold Blood (USA) (Disc 2).chd
psx	Iron Soldier 3 (USA)	80	514	psx	./roms/Iron Soldier 3 (USA).chd
psx	ISS Pro Evolution (USA)	80	247	psx	./roms/ISS Pro Evolution (USA).chd
psx	ISS Pro Evolution 2 (Europe)	80	427	psx	./roms/ISS Pro Evolution 2 (Europe).chd
psx	Kagero : Deception II (USA)	80	323	psx	./roms/Kagero - Deception II (USA).chd
psx	Kickboxing (USA)	80	82	psx	./roms/Kickboxing (USA).chd
psx	KKND Krossfire (Europe)	80	380	psx	./roms/KKND Krossfire (Europe).chd
psx	Koudelka (USA) (Disc 4)	80	366	psx	./roms/Koudelka (USA) (Disc 4).chd
psx	Langrisser IV & V : Final Edition (Japan) (Translated En)	80	381	psx	./roms/Langrisser IV and V - Final Edition (Japan) (Translated En).chd
psx	Legacy of Kain : Soul Reaver (USA)	80	399	psx	./roms/Legacy of Kain - Soul Reaver (USA).chd
psx	Legend of Mana (USA)	80	361	psx	./roms/Legend of Mana (USA).chd
psx	Liberogrande International (Europe)	80	57	psx	./roms/Liberogrande International (Europe).chd
psx	LMA Manager 2001 (Europe)	80	229	psx	./roms/LMA Manager 2001 (Europe).chd
psx	Looney Tunes : Sheep Raider (USA)	80	324	psx	./roms/Looney Tunes - Sheep Raider (USA).chd
psx	Lunar 2 : Eternal Blue Complete (USA) (Disc 3)	80	546	psx	./roms/Lunar 2 - Eternal Blue Complete (USA) (Disc 3).chd
psx	Madden NFL 2000 (USA)	80	455	psx	./roms/Madden NFL 2000 (USA).chd
psx	Marvel vs. Capcom : Clash of Super Heroes (USA)	80	269	psx	./roms/Marvel vs. Capcom - Clash of Super Heroes (USA).chd
psx	MediEvil : Yomigaetta Garomea no Yuusha (USA)	80	334	psx	./roms/MediEvil (USA).chd
psx	Mega Man X3 (Europe)	80	438	psx	./roms/Mega Man X3 (Europe).chd
psx	Mega Man X5 (USA)	80	344	psx	./roms/Mega Man X5 (USA).chd
psx	Mega Man X6 (USA)	80	369	psx	./roms/Mega Man X6 (USA).chd
psx	Men in Black : The Series, Crashdown (USA)	80	420	psx	./roms/Men in Black - The Series - Crashdown (USA).chd
psx	Mission : Impossible (USA)	80	375	psx	./roms/Mission - Impossible (USA).chd
psx	Monster Rancher 2 (USA)	80	177	psx	./roms/Monster Rancher 2 (USA).chd
psx	Monster Rancher Battle Card : Episode II (USA)	80	81	psx	./roms/Monster Rancher Battle Card - Episode II (USA).chd
psx	Moto Racer (USA)	80	286	psx	./roms/Moto Racer (USA).chd
psx	Moto Racer 2 (USA)	80	308	psx	./roms/Moto Racer 2 (USA).chd
psx	Music : Music Creation for the PlayStation (Europe)	80	89	psx	./roms/Music - Music Creation for the PlayStation (Europe).chd
psx	Namco Museum Vol. 1 (USA)	80	109	psx	./roms/Namco Museum Vol. 1 (USA).chd
psx	NBA Fastbreak '98 (USA)	80	178	psx	./roms/NBA Fastbreak '98 (USA).chd
psx	NASCAR Thunder 2002 (USA)	80	145	psx	./roms/NASCAR Thunder 2002 (USA).chd
psx	NBA Jam Extreme (USA)	80	56	psx	./roms/NBA Jam Extreme (USA).chd
psx	NBA ShootOut 2000 (USA)	80	235	psx	./roms/NBA ShootOut 2000 (USA).chd
psx	NBA ShootOut 98 (USA)	80	302	psx	./roms/NBA ShootOut 98 (USA).chd
psx	NCAA GameBreaker 2000 (USA)	80	250	psx	./roms/NCAA GameBreaker 2000 (USA).chd
psx	Need for Speed : Porsche Unleashed (USA)	80	412	psx	./roms/Need for Speed - Porsche Unleashed (USA).chd
psx	Need for Speed : V-Rally 2 (USA)	80	365	psx	./roms/Need for Speed - V-Rally 2 (USA).chd
psx	NFL Blitz (USA)	80	212	psx	./roms/NFL Blitz (USA).chd
psx	NFL Blitz 2000 (USA)	80	181	psx	./roms/NFL Blitz 2000 (USA).chd
psx	NFL GameDay (USA)	80	167	psx	./roms/NFL GameDay (USA).chd
psx	NFL GameDay 2002 (USA)	80	302	psx	./roms/NFL GameDay 2002 (USA).chd
psx	NFL GameDay 97 (USA)	80	217	psx	./roms/NFL GameDay 97 (USA).chd
psx	NFL GameDay 98 (USA)	80	347	psx	./roms/NFL GameDay 98 (USA).chd
psx	FOX Sports NHL Championship 2000 (USA)	80	219	psx	./roms/NHL Championship 2000 (USA).chd
psx	No Fear Downhill Mountain Bike Racing (USA)	80	190	psx	./roms/No Fear Downhill Mountain Bike Racing (USA).chd
psx	Ogre Battle : The March Of The Black Queen (USA)	80	93	psx	./roms/Ogre Battle - Limited Edition (USA).chd
psx	Parasite Eve (USA) (Disc 2)	80	383	psx	./roms/Parasite Eve (USA) (Disc 2).chd
psx	Parasite Eve II (USA) (Disc 2)	80	485	psx	./roms/Parasite Eve II (USA) (Disc 2).chd
psx	Pink Panther : Pinkadelic Pursuit (USA)	80	278	psx	./roms/Pink Panther - Pinkadelic Pursuit (USA).chd
psx	Policenauts (Japan) (Translated En) (Disc 2)	80	493	psx	./roms/Policenauts (Japan) (Translated En) (Disc 2).chd
psx	Puma Street Soccer (Europe)	80	177	psx	./roms/Puma Street Soccer (Europe).chd
psx	Quake II (USA)	80	213	psx	./roms/Quake II (USA).chd
psx	Ready 2 Rumble Boxing : Round 2 (USA)	80	223	psx	./roms/Ready 2 Rumble Boxing - Round 2 (USA).chd
psx	Rhapsody : A Musical Adventure (USA)	80	236	psx	./roms/Rhapsody - A Musical Adventure (USA).chd
psx	Risk : The Game of Global Domination (USA)	80	199	psx	./roms/Risk - The Game of Global Domination (USA).chd
psx	Riven : The Sequel to Myst (USA) (Disc 5)	80	646	psx	./roms/Riven - The Sequel to Myst (USA) (Disc 5).chd
psx	Roll Away (USA)	80	145	psx	./roms/Roll Away (USA).chd
psx	Rollcage (USA)	80	441	psx	./roms/Rollcage (USA).chd
psx	Ronaldo V-Football (Europe)	80	408	psx	./roms/Ronaldo V-Football (Europe).chd
psx	S.C.A.R.S. (USA)	80	325	psx	./roms/S.C.A.R.S. (USA).chd
psx	Saiyuki : Journey West (USA)	80	330	psx	./roms/Saiyuki - Journey West (USA).chd
psx	Scrabble (USA)	80	7	psx	./roms/Scrabble (USA).chd
psx	Shockwave Assault (USA)	80	485	psx	./roms/Shockwave Assault (USA).chd
psx	Sim Theme Park (USA)	80	287	psx	./roms/Sim Theme Park (USA).chd
psx	Soul Blade (USA)	80	353	psx	./roms/Soul Blade (USA).chd
psx	Speed Punks (USA)	80	420	psx	./roms/Speed Punks (USA).chd
psx	Spot Goes to Hollywood (USA)	80	396	psx	./roms/Spot Goes to Hollywood (USA).chd
psx	Spyro the Dragon (USA)	80	352	psx	./roms/Spyro the Dragon (USA).chd
psx	Star Wars : Dark Forces (USA)	80	345	psx	./roms/Star Wars - Dark Forces (USA).chd
psx	Street Fighter Alpha 2 (USA)	80	344	psx	./roms/Street Fighter Alpha 2 (USA).chd
psx	Street Scooters (Europe)	80	229	psx	./roms/Street Scooters (Europe).chd
psx	Striker Pro 2000 (USA)	80	176	psx	./roms/Striker Pro 2000 (USA).chd
psx	Strikers 1945 (USA)	80	71	psx	./roms/Strikers 1945 (USA).chd
psx	Suikoden (USA)	80	330	psx	./roms/Suikoden (USA).chd
psx	Suikoden II (USA)	80	311	psx	./roms/Suikoden II (USA).chd
psx	Superbike 2000 (USA)	80	207	psx	./roms/Superbike 2000 (USA).chd
psx	TechnoMage : Return of Eternity (Europe)	80	411	psx	./roms/TechnoMage - Return of Eternity (Europe).chd
psx	Tekken (USA)	80	457	psx	./roms/Tekken (USA).chd
psx	Test Drive 6 (USA)	80	264	psx	./roms/Test Drive 6 (USA).chd
psx	Thrasher : Skate and Destroy (USA)	80	241	psx	./roms/Thrasher - Skate and Destroy (USA).chd
psx	Tobal 2 (Japan) (Translated En)	80	425	psx	./roms/Tobal 2 (Japan) (Translated En).chd
psx	Tom Clancy's Rainbow Six : Rogue Spear (USA)	80	185	psx	./roms/Tom Clancy's Rainbow Six - Rogue Spear (USA).chd
psx	Tomb Raider : The Last Revelation (USA)	80	499	psx	./roms/Tomb Raider - The Last Revelation (USA).chd
psx	Tomb Raider III : Adventures of Lara Croft (USA)	80	417	psx	./roms/Tomb Raider III - Adventures of Lara Croft (USA).chd
psx	Tomba! 2 : The Evil Swine Return (USA)	80	230	psx	./roms/Tomba! 2 - The Evil Swine Return (USA).chd
psx	Disney-Pixar Toy Story 2 : Buzz Lightyear to the Rescue! (USA)	80	412	psx	./roms/Toy Story 2 - Buzz Lightyear to the Rescue! (USA).chd
psx	Disney-Pixar Toy Story Racer (USA)	80	139	psx	./roms/Toy Story Racer (USA).chd
psx	Trash It (Europe)	80	474	psx	./roms/Trash-It (Europe).chd
psx	Triple Play Baseball (USA)	80	375	psx	./roms/Triple Play Baseball (USA).chd
psx	Tunnel B1 (USA)	80	244	psx	./roms/Tunnel B1 (USA).chd
psx	Turbo Prop Racing (USA)	80	397	psx	./roms/Turbo Prop Racing (USA).chd
psx	Twisted Metal 2 (USA)	80	477	psx	./roms/Twisted Metal 2 (USA).chd
psx	UEFA Champions League : Season 2000-2001 (Europe)	80	359	psx	./roms/UEFA Champions League - Season 2000-2001 (Europe).chd
psx	Ultimate 8 Ball (USA)	80	365	psx	./roms/Ultimate 8 Ball (USA).chd
psx	Urban Chaos (USA)	80	284	psx	./roms/Urban Chaos (USA).chd
psx	Vanark (USA)	80	429	psx	./roms/Vanark (USA).chd
psx	Vandal Hearts II (USA)	80	121	psx	./roms/Vandal Hearts II (USA).chd
psx	Warhawk : The Red Mercury Missions (USA)	80	377	psx	./roms/Warhawk - The Red Mercury Missions (USA).chd
psx	Wing Commander III : Heart of the Tiger (USA) (Disc 4)	80	681	psx	./roms/Wing Commander III - Heart of the Tiger (USA) (Disc 4).chd
psx	Worms Armageddon (USA)	80	284	psx	./roms/Worms Armageddon (USA).chd
psx	X-COM : Terror from the Deep (Europe)	80	187	psx	./roms/X-Com - Terror from the Deep (Europe).chd
psx	Z (Europe)	80	363	psx	./roms/Z (Europe).chd
psx	Ace Combat 2 (USA)	80	336	psx	./roms/Ace Combat 2 (USA).chd
psx	Ace Combat 3 : Electrosphere (USA)	80	425	psx	./roms/Ace Combat 3 - Electrosphere (USA).chd
psx	Adibou et L'Ombre Verte (France)	80	385	psx	./roms/Adibou et L'Ombre Verte (France).chd
psx	All Star Tennis '99 (Europe)	80	151	psx	./roms/All-Star Tennis '99 (Europe).chd
psx	Arc the Lad Collection : Arc the Lad (USA)	80	294	psx	./roms/Arc the Lad Collection - Arc the Lad (USA).chd
psx	Arc the Lad Collection : Arc the Lad II (USA)	80	326	psx	./roms/Arc the Lad Collection - Arc the Lad II (USA).chd
psx	Armored Core (USA)	80	231	psx	./roms/Armored Core (USA).chd
psx	Army Men : Sarge's Heroes 2 (USA)	80	458	psx	./roms/Army Men - Sarge's Heroes 2 (USA).chd
psx	Assault Rigs (USA)	80	349	psx	./roms/Assault Rigs (USA).chd
psx	Asteroids (USA)	80	90	psx	./roms/Asteroids (USA).chd
satellaview	BS F-Zero Grand Prix 2 (Japan)	80	0	satellaview	./roms/BS F-Zero Grand Prix 2 - Practice (Japan).zip
satellaview	Super Earth Defense Force (Japan)	80	1	satellaview	./roms/Super E.D.F. (Japan).zip
saturn	DecAthlete (USA)	80	74	saturn	./roms/Decathlete (USA).chd
saturn	In the Hunt (USA)	80	313	saturn	./roms/In the Hunt (USA).chd
saturn	Johnny Bazookatone (USA)	80	327	saturn	./roms/Johnny Bazookatone (USA).chd
saturn	The King of Fighters '95 (Europe)	80	290	saturn	./roms/King of Fighters '95, The (Europe).chd
saturn	Loaded (USA)	80	354	saturn	./roms/Loaded (USA).chd
saturn	NHL Powerplay '96 (USA)	80	160	saturn	./roms/NHL Powerplay '96 (USA).chd
saturn	NiGHTS into Dreams... (USA)	80	358	saturn	./roms/Nights Into Dreams... (USA).chd
saturn	Norse by Norsewest : The Return of the Lost Vikings (USA)	80	130	saturn	./roms/Norse by Norsewest - The Return of The Lost Vikings (USA).chd
saturn	Panzer Dragoon (USA)	80	431	saturn	./roms/Panzer Dragoon (USA).chd
saturn	Panzer Dragoon Saga (USA) (Disc 4)	80	404	saturn	./roms/Panzer Dragoon Saga (USA) (Disc 4).chd
saturn	PowerSlave (USA)	80	325	saturn	./roms/PowerSlave (USA).chd
saturn	Radiant Silvergun (Japan)	80	159	saturn	./roms/Radiant Silvergun (Japan).chd
saturn	Robo Pit (USA)	80	208	saturn	./roms/Robo Pit (USA).chd
saturn	Sega Ages Volume 1 (USA)	80	342	saturn	./roms/Sega Ages (USA).chd
saturn	Sega Rally Championship (Japan)	80	311	saturn	./roms/Sega Rally Championship Plus (Japan).chd
saturn	Sega Worldwide Soccer '98 (USA)	80	256	saturn	./roms/Sega Worldwide Soccer '98 (USA).chd
saturn	Shellshock (USA)	80	314	saturn	./roms/Shellshock (USA).chd
saturn	Shining Force III (USA)	80	139	saturn	./roms/Shining Force III (USA).chd
saturn	Shining the Holy Ark (USA)	80	156	saturn	./roms/Shining the Holy Ark (USA).chd
saturn	Street Fighter Alpha : Warriors' Dreams (USA)	80	380	saturn	./roms/Street Fighter Alpha - Warrior's Dreams (USA).chd
saturn	Thunder Force V (Japan)	80	381	saturn	./roms/Thunder Force V (Japan).chd
saturn	True Pinball (USA)	80	390	saturn	./roms/True Pinball (USA).chd
saturn	Virtua Fighter 2 (USA)	80	410	saturn	./roms/Virtua Fighter 2 (USA).chd
saturn	Winter Heat (USA)	80	259	saturn	./roms/Winter Heat (USA).chd
saturn	Worldwide Soccer : Sega International Victory Goal Edition (USA)	80	315	saturn	./roms/Worldwide Soccer - Sega International Victory Goal Edition (USA).chd
saturn	Worms (USA)	80	237	saturn	./roms/Worms (USA).chd
saturn	Alien Trilogy (USA)	80	256	saturn	./roms/Alien Trilogy (USA).chd
saturn	Bubble Bobble also featuring Rainbow Islands (USA)	80	34	saturn	./roms/Bubble Bobble - Also featuring Rainbow Islands (USA).chd
saturn	Bug! (USA)	80	122	saturn	./roms/Bug! (USA).chd
saturn	Burning Rangers (USA)	80	274	saturn	./roms/Burning Rangers (USA).chd
saturn	Bust-A-Move 2 : Arcade Edition (USA)	80	212	saturn	./roms/Bust-A-Move 2 - Arcade Edition (USA).chd
saturn	Bust-A-Move 3 (USA)	80	191	saturn	./roms/Bust-A-Move 3 (USA).chd
saturn	Center Ring Boxing (USA)	80	98	saturn	./roms/Center Ring Boxing (USA).chd
saturn	Clockwork Knight 2 : Pepperouchau's Adventure (USA)	80	310	saturn	./roms/Clockwork Knight 2 (USA).chd
saturn	Command & Conquer (USA) (Disc 2)	80	437	saturn	./roms/Command & Conquer (USA) (Disc 2).chd
saturn	Courier Crisis (USA)	80	176	saturn	./roms/Courier Crisis (USA).chd
saturn	Dragon Ball Z: The Legend (Europe)	80	235	saturn	./roms/Dragon Ball Z - The Legend (Europe).chd
saturn	Krazy Ivan (Europe)	80	336	saturn	./roms/Krazy Ivan (Europe).chd
saturn	Daytona USA (USA)	80	342	saturn	./roms/Daytona USA - CCE Netlink Edition (USA).chd
saturn	Earthworm Jim 2 (USA)	80	202	saturn	./roms/Earthworm Jim 2 (USA).chd
saturn	F1 Challenge (USA)	80	273	saturn	./roms/F1 Challenge (USA).chd
saturn	Gun Griffon (USA)	80	294	saturn	./roms/Gungriffon (USA).chd
scummvm	The Dig	80	0	scummvm	./roms/dig/dig.scummvm
scummvm	Dráscula: The Vampire Strikes Back	80	0	scummvm	./roms/drascula/drascula.scummvm
scummvm	Fascination	80	0	scummvm	./roms/fascination/fascination.scummvm
scummvm	Full Throttle	80	0	scummvm	./roms/ft/Full Throttle (Version A English).scummvm
scummvm	Mixed-Up Mother Goose	80	0	scummvm	./roms/mixedup/mixedup.scummvm
scummvm	Quest for Glory I : So You Want To Be A Hero (Hero's Quest)	80	0	scummvm	./roms/qfg1/qfg1.scummvm
sega32x	The Amazing Spider-Man : Web of Fire (USA)	80	2	sega32x	./roms/Amazing Spider-Man, The - Web of Fire (USA).zip
sega32x	Kolibri (USA, Europe)	80	2	sega32x	./roms/Kolibri (USA, Europe).zip
sega32x	NBA Jam : Tournament Edition (World)	80	2	sega32x	./roms/NBA Jam Tournament Edition (World).zip
segacd	Chuck Rock II : Son of Chuck (USA)	80	388	segacd	./roms/Chuck Rock II - Son of Chuck (USA).chd
segacd	Demolition Man (USA)	80	331	segacd	./roms/Demolition Man (USA).chd
segacd	Heimdall (USA)	80	193	segacd	./roms/Heimdall (USA).chd
segacd	The Lawnmower Man (USA)	80	306	segacd	./roms/Lawnmower Man, The (USA).chd
segacd	Prince of Persia (USA)	80	289	segacd	./roms/Prince of Persia (USA).chd
segacd	Rise of the Dragon (USA)	80	160	segacd	./roms/Rise of the Dragon (USA).chd
segacd	Road Rash (USA)	80	460	segacd	./roms/Road Rash (USA).chd
segacd	Shining Force CD (USA)	80	435	segacd	./roms/Shining Force CD (USA).chd
segacd	Snatcher (USA)	80	520	segacd	./roms/Snatcher (USA).chd
segacd	Sonic the Hedgehog CD (USA)	80	351	segacd	./roms/Sonic CD (USA).chd
segacd	Supreme Warrior (USA) (Disc 2)	80	462	segacd	./roms/Supreme Warrior (USA) (Disc 2).chd
segacd	Wonder Dog (USA)	80	517	segacd	./roms/Wonder Dog (USA).chd
sfc	Caravan Shooting Collection (Japan)	80	0	sfc	./roms/Caravan Shooting Collection (Japan).7z
sfc	Eien no Filena (Japan) (Translated En)	80	1	sfc	./roms/Eien no Filena (Japan) (Translated En).7z
sfc	Energy Breaker (Japan) (Translated En)	80	2	sfc	./roms/Energy Breaker (Japan) (Translated En).7z
sfc	Final Fantasy IV (Japan) (Translated En)	80	1	sfc	./roms/Final Fantasy IV (Japan) (Translated En).zip
sfc	Final Fantasy V (Japan) (Translated En)	80	2	sfc	./roms/Final Fantasy V (Japan) (Translated En).7z
sfc	Fire Emblem : Monshou no Nazo (Japan) (Translated En)	80	2	sfc	./roms/Fire Emblem - Monshou no Nazo (Japan) (Translated En).7z
sfc	Funaki Masakatsu Hybrid Wrestler : Tougi Denshou (Japan) (Translated En)	80	1	sfc	./roms/Funaki Masakatsu Hybrid Wrestler - Tougi Denshou (Japan) (Translated En).7z
sfc	Ganbare Goemon Kirakira Douchuu : Boku ga Dancer ni Natta Wake (Japan)	80	2	sfc	./roms/Ganbare Goemon Kirakira Douchuu - Boku ga Dancer ni Natta Wake (Japan).zip
sfc	Gegege no Kitarou : Fukkatsu! Tenma Daiou (Japan)	80	1	sfc	./roms/Gegege no Kitarou - Fukkatsu! Tenma Daiou (Japan).7z
sfc	Ghost Chaser Densei (Japan)	80	1	sfc	./roms/Ghost Chaser Densei (Japan).7z
sfc	Go Go Ackman (Japan) (Translated En)	80	1	sfc	./roms/Go Go Ackman (Japan) (Translated En).7z
sfc	Go Go Ackman 2 (Japan)	80	1	sfc	./roms/Go Go Ackman 2 (Japan).7z
sfc	The Great Battle IV (Japan)	80	1	sfc	./roms/Great Battle IV, The (Japan).7z
sfc	J.League '96 Dream Stadium (Japan)	80	1	sfc	./roms/J.League '96 Dream Stadium (Japan).7z
sfc	J.League Excite Stage '94 (Japan)	80	1	sfc	./roms/J.League Excite Stage '94 (Japan).zip
sfc	Dezaemon: Kaite Tsukutte Asoberu (Japan) (Translated En)	80	0	sfc	./roms/Kaite Tsukutte Asoberu Dezaemon (Japan) (Translated En).7z
sfc	Lodoss-tou Senki (Japan) (Translated En)	80	2	sfc	./roms/Lodoss-tou Senki (Japan) (Translated En).7z
sfc	Magical Pop'n (Japan) (Translated En)	80	1	sfc	./roms/Magical Pop'n (Japan) (Translated En).7z
sfc	Marvelous : Mouhitotsu no Takara-jima (Japan) (Translated En)	80	2	sfc	./roms/Marvelous - Mouhitotsu no Takarajima (Japan) (Translated En).7z
sfc	Nintama Rantarou Special (Japan)	80	0	sfc	./roms/Nintama Rantarou Special (Japan).7z
sfc	Mickey to Donald : Magical Adventure 3 (Japan) (Translated En)	80	1	sfc	./roms/Mickey to Donald - Magical Adventure 3 (Japan) (Translated En).7z
sfc	Okamoto Ayako to Match Play Golf : Ko Olina Golf Club in Hawaii (Japan) (Translated En)	80	0	sfc	./roms/Okamoto Ayako to Match Play Golf (Japan) (Translated En).zip
sfc	Panel de Pon (Japan) (Translated En)	80	1	sfc	./roms/Panel de Pon (Japan) (Translated En).zip
sfc	Puzzle Nintama Rantarou : Ninjutsu Gakuen Puzzle Taikai no Dan (Japan)	80	0	sfc	./roms/Puzzle Nintama Rantarou - Ninjutsu Gakuen Puzzle Taikai no Dan (Japan).7z
sfc	Shin Kidou Senki Gundam W : Endless Duel (Japan) (Translated En)	80	1	sfc	./roms/Shin Kidou Senki Gundam W - Endless Duel (Japan) (Translated En).7z
sfc	Super Famista 2 (Japan)	80	1	sfc	./roms/Super Famista 2 (Japan).7z
sfc	Super Famista 5 (Japan)	80	2	sfc	./roms/Super Famista 5 (Japan).7z
sfc	Super Gomoku Narabe : Renju (Japan)	80	0	sfc	./roms/Super Gomoku Narabe - Renju (Japan).7z
sfc	Takeda Nobuhiro no Super League Soccer (Japan)	80	0	sfc	./roms/Takeda Nobuhiro no Super League Soccer (Japan).7z
sfc	Treasure Hunter G (Japan) (Translated En)	80	2	sfc	./roms/Treasure Hunter G (Japan) (Translated En).7z
sfc	Undercover Cops (Japan)	80	1	sfc	./roms/Undercover Cops (Japan).7z
sfc	Wizardry VI : Kindan no Mahitsu (Japan) (Translated En)	80	2	sfc	./roms/Wizardry VI - Bane of the Cosmic Forge (Japan) (Translated En).7z
sfc	Wonder Project J : Kikai no Shounen Pino (Japan) (Translated En)	80	3	sfc	./roms/Wonder Project J - Kikai no Shounen Pino (Japan) (Translated En).7z
sfc	Yu Yu Hakusho : Tokubetsu Hen (Japan)	80	2	sfc	./roms/Yu Yu Hakusho - Tokubetsu Hen (Japan).zip
sfc	Zen-Nihon GT Senshuken (Japan)	80	1	sfc	./roms/Zen-Nihon GT Senshuken (Japan).7z
sfc	Actraiser (Japan) (Translated En)	80	1	sfc	./roms/ActRaiser (Japan) (Translated En).7z
sfc	Alcahest (Japan) (Translated En)	80	1	sfc	./roms/Alcahest (Japan) (Translated En).7z
sfc	Asameshimae Nyanko (Japan)	80	1	sfc	./roms/Asameshimae Nyanko (Japan).7z
sfc	Araiguma Rascal (Japan)	80	1	sfc	./roms/Araiguma Rascal (Japan).7z
sfc	Battle Cross (Japan)	80	0	sfc	./roms/Battle Cross (Japan).7z
sfc	Chaos Seed : Fuusui Kairouki (Japan) (Translated En)	80	2	sfc	./roms/Chaos Seed - Fuusui Kairouki (Japan) (Translated En).7z
sfc	Cu-On-Pa SFC (Japan) (Translated En)	80	0	sfc	./roms/Cu-On-Pa SFC (Japan) (Translated En).7z
sfc	Dark Half (Japan) (Translated En)	80	2	sfc	./roms/Dark Half (Japan) (Translated En).7z
sgb	International Track & Field (USA)	80	0	sgb	./roms/International Track & Field (USA).zip
sgb	Pocket Monsters : Midori (Japan) (Rev A)	80	0	sgb	./roms/Pocket Monsters - Midori (Japan) (Rev A).zip
sgb	Tetris DX (World)	80	0	sgb	./roms/Tetris DX (World).zip
sgb	Wario Land II (Japan)	80	1	sgb	./roms/Wario Land 2 (Japan).zip
sgb	Monkey Puncher (Europe)	80	1	sgb	./roms/Monkey Puncher (Europe).zip
sgb	Monopoly (Japan)	80	0	sgb	./roms/Monopoly (Japan).zip
sgb	Game & Watch Gallery 3 (USA, Europe)	80	0	sgb	./roms/Game & Watch Gallery 3 (USA, Europe).zip
sgb	Pac-Man : Special Color Edition (USA)	80	0	sgb	./roms/Pac-Man - Special Color Edition (USA).zip
snes	The Adventures of Mighty Max (USA)	80	1	snes	./roms/USA/Mighty Max (USA).zip
snes	Another World (Europe)	80	1	snes	./roms/Europe/Another World (Europe).zip
snes	Bram Stoker's Dracula (USA)	80	1	snes	./roms/USA/Bram Stoker's Dracula (USA).zip
snes	Dragon Ball Z : Hyper Dimension (France)	80	3	snes	./roms/USA/Dragon Ball Z - Hyper Dimension (France).zip
snes	Dragon Ball Z : La Légende Saien (France)	80	1	snes	./roms/USA/Dragon Ball Z - La Legende Saien (France).zip
snes	Joe & Mac : Caveman Ninja (Europe)	80	1	snes	./roms/Europe/Joe & Mac - Caveman Ninja (Europe).zip
snes	Lufia (Europe)	80	2	snes	./roms/Europe/Lufia (Europe).zip
snes	Mortal Kombat III (USA)	80	4	snes	./roms/USA/Mortal Kombat 3 (USA).zip
snes	Mystic Quest Legend (Europe)	80	0	snes	./roms/Europe/Mystic Quest Legend (Europe).zip
snes	NBA Live 95 (USA)	80	1	snes	./roms/USA/NBA Live 95 (USA).zip
snes	NBA Live 96 (USA)	80	1	snes	./roms/USA/NBA Live 96 (USA).zip
snes	Ninjawarriors : The New Generation (Europe)	80	1	snes	./roms/Europe/Ninja Warriors - The New Generation (Europe).zip
snes	Nintendo Scope 6 (Europe)	80	1	snes	./roms/Europe/Nintendo Scope 6 (Europe).zip
snes	Power Rangers (Europe)	80	1	snes	./roms/Europe/Power Rangers (Europe).zip
snes	Puzzle Bobble (Europe)	80	0	snes	./roms/Europe/Puzzle Bobble (Europe).zip
snes	Soccer Shootout (Europe)	80	1	snes	./roms/Europe/Soccer Shootout (Europe).zip
snes	Starwing (Europe)	80	1	snes	./roms/Europe/StarWing (Europe).zip
snes	Super B.C. Kid (Europe)	80	1	snes	./roms/Europe/Super B.C. Kid (Europe).zip
snes	Super Conflict (USA)	80	1	snes	./roms/USA/Super Conflict - The Mideast (USA).zip
snes	Super Mario All-Stars (USA)	80	1	snes	./roms/USA/Super Mario All-Stars (USA).zip
snes	Super Probotector : Alien Rebels (Europe)	80	1	snes	./roms/USA/Super Probotector - Alien Rebels (Europe).zip
snes	Super Turrican 2 (USA)	80	2	snes	./roms/USA/Super Turrican 2 (USA).zip
snes	Teenage Mutant Hero Turtles : Tournament Fighters (Europe)	80	2	snes	./roms/Europe/Teenage Mutant Hero Turtles - Tournament Fighters (Europe).zip
snes	Tetris Attack (USA)	80	1	snes	./roms/USA/Tetris Attack (USA).zip
snes	Tiny Toon Adventures : Buster Busts Loose! (USA)	80	1	snes	./roms/USA/Tiny Toon Adventures - Buster Busts Loose! (USA).zip
snes	Top Gear 2 (USA)	80	1	snes	./roms/USA/Top Gear 2 (USA).zip
snes	Top Gear 3000 (USA)	80	1	snes	./roms/USA/Top Gear 3000 (USA).zip
snes	Wario's Woods (USA)	80	1	snes	./roms/USA/Wario's Woods (USA).zip
snes	WeaponLord (USA)	80	2	snes	./roms/USA/WeaponLord (USA).zip
snes	Asameshimae Nyanko (Japan)	80	1	snes	./roms/Japan/Asameshimae Nyanko (Japan).zip
snes	Caravan Shooting Collection (Japan) (En)	80	0	snes	./roms/Japan/Caravan Shooting Collection (Japan) (En).zip
snes	Dark Half (Japan)	80	2	snes	./roms/Japan/Dark Half (Japan).zip
snes	Deae Tonosama : Appare Ichiban (Japan)	80	1	snes	./roms/Japan/Deae Tonosama - Appare Ichiban (Japan).zip
snes	Do-Re-Mi Fantasy : Milon no Dokidoki Daibouken (Japan) (Translated En)	80	2	snes	./roms/USA/DoReMi Fantasy - Milon no Dokidoki Daibouken (Japan) (Translated En).7z
snes	Final Fantasy IV (Japan)	80	1	snes	./roms/Japan/Final Fantasy IV (Japan).zip
snes	Final Fantasy V (Japan)	80	1	snes	./roms/Japan/Final Fantasy V (Japan).zip
snes	Fire Emblem : Monshou no Nazo (Japan)	80	2	snes	./roms/Japan/Fire Emblem - Monshou no Nazo (Japan).zip
snes	Fire Emblem : Thracia 776 (Japan) (Rev 1) (NP)	80	3	snes	./roms/Japan/Fire Emblem - Thracia 776 (Japan) (Rev 1) (NP).zip
snes	Funaki Masakatsu Hybrid Wrestler : Tougi Denshou (Japan)	80	1	snes	./roms/Japan/Funaki Masakatsu Hybrid Wrestler - Tougi Denshou (Japan).zip
snes	Ganbare Goemon 3 : Shishi Juurokubee no Karakuri Manjigatame (Japan)	80	2	snes	./roms/USA/Ganbare Goemon 3 - Shishi Juurokubee no Karakuri Manjigatame (Japan).7z
snes	Ganbare Goemon Kirakira Douchuu : Boku ga Dancer ni Natta Wake (Japan)	80	2	snes	./roms/Japan/Ganbare Goemon Kirakira Douchuu - Boku ga Dancer ni Natta Wake (Japan).zip
snes	Ghost Chaser Densei (Japan)	80	1	snes	./roms/Japan/Ghost Chaser Densei (Japan).zip
snes	Go Go Ackman (Japan) (Translated En)	80	1	snes	./roms/USA/Go Go Ackman (Japan) (Translated En).7z
snes	Go Go Ackman 2 (Japan)	80	1	snes	./roms/Japan/Go Go Ackman 2 (Japan).zip
snes	The Great Battle IV (Japan)	80	1	snes	./roms/Japan/Great Battle IV, The (Japan).zip
snes	J.League Excite Stage '94 (Japan)	80	1	snes	./roms/Japan/J.League Excite Stage '94 (Japan).zip
snes	Lodoss-tou Senki (Japan)	80	2	snes	./roms/Japan/Lodoss-tou Senki (Japan).zip
snes	Magical Pop'n (Japan) (Translated En)	80	1	snes	./roms/USA/Magical Pop'n (Japan) (Translated En).7z
snes	Mickey to Donald : Magical Adventure 3 (Japan) (Translated En)	80	1	snes	./roms/USA/Mickey to Donald - Magical Adventure 3 (Japan) (Translated En).7z
snes	Nintama Rantarou 3 (Japan)	80	1	snes	./roms/Japan/Nintama Rantarou 3 (Japan).zip
snes	Nintama Rantarou Special (Japan)	80	0	snes	./roms/Japan/Nintama Rantarou Special (Japan).zip
snes	Nosferatu (USA)	80	1	snes	./roms/USA/Nosferatu (USA).zip
snes	Panel de Pon (Japan)	80	1	snes	./roms/Japan/Panel de Pon (Japan).zip
snes	Puzzle Nintama Rantarou : Ninjutsu Gakuen Puzzle Taikai no Dan (Japan)	80	0	snes	./roms/Japan/Puzzle Nintama Rantarou - Ninjutsu Gakuen Puzzle Taikai no Dan (Japan).zip
snes	Ranma 1/2 : Ougi Jaanken (Japan)	80	1	snes	./roms/Japan/Ranma 1-2 - Ougi Jaanken (Japan).zip
snes	Return of Double Dragon (Japan) (En)	80	1	snes	./roms/Japan/Return of Double Dragon (Japan) (En).zip
snes	Rockman & Forte (Japan) (Translated En)	80	2	snes	./roms/USA/Rockman & Forte (Japan) (Translated En).7z
snes	Shin Kidou Senki Gundam W : Endless Duel (Japan)	80	1	snes	./roms/Japan/Shin Kidou Senki Gundam W - Endless Duel (Japan).zip
snes	Spark World (Japan)	80	0	snes	./roms/Japan/Spark World (Japan).zip
snes	Super Chinese Fighter (Japan)	80	1	snes	./roms/Japan/Super Chinese Fighter (Japan).zip
snes	Super F1 Circus 2 (Japan)	80	1	snes	./roms/Japan/Super F1 Circus 2 (Japan).zip
snes	Super Famista 2 (Japan)	80	1	snes	./roms/Japan/Super Famista 2 (Japan).zip
snes	Super Famista 5 (Japan)	80	2	snes	./roms/Japan/Super Famista 5 (Japan).zip
snes	Super Fire Pro Wrestling III : Final Bout (Japan)	80	1	snes	./roms/Japan/Super Fire Pro Wrestling III - Final Bout (Japan).zip
snes	Super Fire Pro Wrestling Special (Japan)	80	3	snes	./roms/Japan/Super Fire Pro Wrestling Special (Japan).zip
snes	Super Gomoku Narabe : Renju (Japan)	80	0	snes	./roms/Japan/Super Gomoku Narabe - Renju (Japan).zip
snes	Super Indy Champ (Japan)	80	1	snes	./roms/Japan/Super Indy Champ (Japan).zip
snes	Super Mad Champ (Japan)	80	1	snes	./roms/Japan/Super Mad Champ (Japan).zip
snes	Super Power League (Japan)	80	1	snes	./roms/Japan/Super Power League (Japan).zip
snes	Super Power League 4 (Japan)	80	2	snes	./roms/Japan/Super Power League 4 (Japan).zip
snes	Super Scope 6 (USA)	80	1	snes	./roms/USA/Super Scope 6 (USA).zip
snes	Super Ultra Baseball 2 (Japan)	80	0	snes	./roms/Japan/Super Ultra Baseball 2 (Japan).zip
snes	Taikyoku Igo : Goliath (Japan)	80	0	snes	./roms/Japan/Taikyoku Igo - Goliath (Japan).zip
snes	Takeda Nobuhiro no Super League Soccer (Japan)	80	1	snes	./roms/Japan/Takeda Nobuhiro no Super League Soccer (Japan).zip
snes	Treasure Hunter G (Japan)	80	2	snes	./roms/Japan/Treasure Hunter G (Japan).zip
snes	Undercover Cops (Japan)	80	1	snes	./roms/Japan/Undercover Cops (Japan).zip
snes	Wonder Project J : Kikai no Shounen Pino (Japan) (Translated En)	80	2	snes	./roms/USA/Wonder Project J - Kikai no Shounen Pino (Japan) (Translated En).7z
snes	Yu Yu Hakusho : Tokubetsu Hen (Japan)	80	2	snes	./roms/Japan/Yu Yu Hakusho - Tokubetsu Hen (Japan).zip
snes	Zen-Nihon GT Senshuken (Japan)	80	1	snes	./roms/Japan/Zen-Nihon GT Senshuken (Japan).zip
snes	Capcom's Soccer Shootout (USA)	80	1	snes	./roms/USA/Capcom's Soccer Shootout (USA).zip
snes	Madden NFL 98 (USA)	80	1	snes	./roms/USA/Madden NFL 98 (USA).zip
snes	NBA Live 98 (USA)	80	1	snes	./roms/USA/NBA Live 98 (USA).zip
snes	Ninja Gaiden Trilogy (USA)	80	1	snes	./roms/USA/Ninja Gaiden Trilogy (USA).zip
snes	Nobunaga's Ambition (USA)	80	0	snes	./roms/USA/Nobunaga's Ambition (USA).zip
snes	Super Godzilla (USA)	80	1	snes	./roms/USA/Super Godzilla (USA).zip
snes	Battletoads in Battlemaniacs (USA)	80	1	snes	./roms/USA/Battletoads in Battlemaniacs (USA).zip
snes	Aladdin (Europe)	80	1	snes	./roms/Europe/Disney's Aladdin (Europe).zip
snes	Alcahest (Japan) (Translated En)	80	1	snes	./roms/USA/Alcahest (Japan) (Translated En).7z
snes	Araiguma Rascal (Japan)	80	1	snes	./roms/Japan/Araiguma Rascal (Japan).zip
snes	Battle Cross (Japan)	80	1	snes	./roms/Japan/Battle Cross (Japan).zip
snes	Cu-On-Pa SFC (Japan)	80	0	snes	./roms/Japan/Cu-On-Pa SFC (Japan).zip
snes	Energy Breaker (Japan)	80	2	snes	./roms/Japan/Energy Breaker (Japan).zip
snes	Gegege no Kitarou : Fukkatsu! Tenma Daiou (Japan)	80	1	snes	./roms/Japan/Gegege no Kitarou - Fukkatsu! Tenma Daiou (Japan).zip
snes	Gourmet Sentai Barayarou (Japan)	80	1	snes	./roms/Japan/Gourmet Sentai Barayarou (Japan).zip
snes	GT Racing (Japan)	80	1	snes	./roms/Japan/GT Racing (Japan).zip
snes	J.League '96 Dream Stadium (Japan)	80	1	snes	./roms/Japan/J.League '96 Dream Stadium (Japan).zip
snes	Jammes (Japan)	80	0	snes	./roms/Japan/Jammes (Japan).zip
snes	Jikkyou Powerful Pro Yakyuu '96 : Kaimaku Ban (Japan)	80	2	snes	./roms/Japan/Jikkyou Powerful Pro Yakyuu '96 - Kaimaku Ban (Japan).zip
snes	Dezaemon: Kaite Tsukutte Asoberu (Japan)	80	0	snes	./roms/Japan/Kaite Tsukutte Asoberu Dezaemon (Japan).zip
snes	Kingyo Chuuihou! : Tobidase! Game Gakuen (Japan)	80	1	snes	./roms/Japan/Kingyo Chuuihou! - Tobidase! Game Gakuen (Japan).zip
snes	Koushien 2 (Japan)	80	0	snes	./roms/Japan/Koushien 2 (Japan).zip
snes	ACME Animation Factory (Europe)	80	1	snes	./roms/Europe/ACME Animation Factory (Europe).zip
snes	Bill Walsh College Football (USA)	80	1	snes	./roms/USA/Bill Walsh College Football (USA).zip
snes	Bust-A-Move (USA)	80	0	snes	./roms/USA/Bust-A-Move (USA).zip
snes	Dragon View (USA)	80	1	snes	./roms/USA/Dragon View (USA).zip
snes	Akumajou Dracula (Japan)	80	1	snes	./roms/Japan/Akumajou Dracula (Japan).zip
snes	Aerobiz (USA)	80	0	snes	./roms/USA/Aerobiz (USA).zip
snes	Chaos Seed : Fuusui Kairouki (Japan)	80	2	snes	./roms/Japan/Chaos Seed - Fuusui Kairouki (Japan).zip
snes-msu	Actraiser (USA) (MSU1)	80	417	snes-msu	./roms/ActRaiser (USA) (MSU1).zip
snes-msu	Aladdin (USA) (MSU1)	80	605	snes-msu	./roms/Aladdin (USA) (MSU1).zip
snes-msu	Battletoads in Battlemaniacs (USA) (MSU1)	80	315	snes-msu	./roms/Battletoads in Battlemaniacs (USA) (MSU1).zip
snes-msu	Bust-A-Move (USA) (MSU1)	80	46	snes-msu	./roms/Bust-A-Move (USA) (MSU1).zip
snes-msu	Contra III : The Alien Wars (USA) (MSU1)	80	111	snes-msu	./roms/Contra III - The Alien Wars (USA) (MSU1).zip
snes-msu	Donkey Kong Country (USA) (Rev 2) (MSU1)	80	520	snes-msu	./roms/Donkey Kong Country (USA) (Rev 2) (MSU1).zip
snes-msu	Final Fantasy VI (USA) (MSU1) [n]	80	1359	snes-msu	./roms/Final Fantasy VI (USA) (MSU1) [n].zip
snes-msu	The Legend of the Mystical Ninja (USA) (MSU1)	80	1263	snes-msu	./roms/Legend of the Mystical Ninja, The (USA) (MSU1).zip
snes-msu	Jurassic Park (USA) (MSU1)	80	137	snes-msu	./roms/Jurassic Park (USA) (MSU1).zip
snes-msu	The Legend of Zelda : Parallel Worlds (USA) (MSU1)	80	351	snes-msu	./roms/Legend of Zelda, The - Parallel Worlds (USA) (MSU1).zip
snes-msu	Lufia II : Rise of the Sinistrals (USA) (MSU1)	80	661	snes-msu	./roms/Lufia II - Rise of the Sinistrals (USA) (MSU1).zip
snes-msu	The Magical Quest Starring Mickey Mouse (USA) (MSU1)	80	189	snes-msu	./roms/Magical Quest Starring Mickey Mouse, The (USA) (MSU1).zip
snes-msu	Mega Man X (USA) (MSU1)	80	208	snes-msu	./roms/Mega Man X (USA) (MSU1).zip
snes-msu	Mega Man X2 (USA) (MSU1)	80	331	snes-msu	./roms/Mega Man X2 (USA) (MSU1).zip
snes-msu	Mega Man X3 (USA) (MSU1)	80	435	snes-msu	./roms/Mega Man X3 (USA) (MSU1).zip
snes-msu	Mortal Kombat 3 (USA) (MSU1)	80	66	snes-msu	./roms/Mortal Kombat 3 (USA) (MSU1).zip
snes-msu	Mortal Kombat II (USA) (MSU1)	80	88	snes-msu	./roms/Mortal Kombat II (USA) (MSU1).zip
snes-msu	Ninja Gaiden Trilogy (USA) (MSU1)	80	577	snes-msu	./roms/Ninja Gaiden Trilogy (USA) (MSU1).zip
snes-msu	Out of this World (USA) (MSU1)	80	434	snes-msu	./roms/Out of this World (USA) (MSU1).zip
snes-msu	Pilotwings (USA) (MSU1)	80	495	snes-msu	./roms/Pilotwings (USA) (MSU1).zip
snes-msu	Megaman & Bass (Japan) (MSU1) [T-En]	80	218	snes-msu	./roms/Rockman & Forte (Japan) (MSU1) [T-En].zip
snes-msu	Secret of Mana (USA) (MSU1)	80	955	snes-msu	./roms/Secret of Mana (USA) (MSU1).zip
snes-msu	Star Fox (USA) (MSU1)	80	733	snes-msu	./roms/Star Fox (USA) (MSU1).zip
snes-msu	Street Fighter II (USA) (MSU1)	80	584	snes-msu	./roms/Street Fighter II (USA) (MSU1).zip
snes-msu	Super Castlevania IV (USA) (MSU1)	80	790	snes-msu	./roms/Super Castlevania IV (USA) (MSU1).zip
snes-msu	Super Double Dragon (USA) (MSU1)	80	149	snes-msu	./roms/Super Double Dragon (USA) (MSU1).zip
snes-msu	Super Mario All-Stars (USA) (MSU1)	80	580	snes-msu	./roms/Super Mario All-Stars (USA) (MSU1).zip
snes-msu	Super Mario Kart (USA) (MSU1)	80	489	snes-msu	./roms/Super Mario Kart (USA) (MSU1).zip
snes-msu	Super Metroid (Japan, USA) (MSU1)	80	483	snes-msu	./roms/Super Metroid (Japan, USA) (MSU1).zip
snes-msu	Super Scope 6 (USA) (MSU1)	80	456	snes-msu	./roms/Super Scope 6 (USA) (MSU1).zip
snes-msu	Super Star Wars : Return of the Jedi (USA) (Rev 1) (MSU1)	80	221	snes-msu	./roms/Super Star Wars - Return of the Jedi (USA) (Rev 1) (MSU1).zip
snes-msu	Super Street Fighter II (USA) (MSU1)	80	382	snes-msu	./roms/Super Street Fighter II (USA) (MSU1).zip
snes-msu	Top Gear 2 (USA) (MSU1)	80	183	snes-msu	./roms/Top Gear 2 (USA) (MSU1).zip
snes-msu	Top Gear 3000 (USA) (MSU1)	80	219	snes-msu	./roms/Top Gear 3000 (USA) (MSU1).zip
snes-msu	Bram Stoker's Dracula (USA) (MSU1)	80	585	snes-msu	./roms/Bram Stoker's Dracula (USA) (MSU1).zip
snes-msu	F-Zero 2 : Grand Prix (Japan) (MSU1)	80	132	snes-msu	./roms/BS F-Zero Grand Prix 2 (Japan) (MSU1).zip
snes-msu	E. V. O. : Search for Eden (USA) (MSU1)	80	503	snes-msu	./roms/E.V.O. - Search for Eden (USA) (MSU1).zip
snes-msu	Final Fantasy 4 (Japan) (Rev 1) (MSU1) [T-En]	80	1017	snes-msu	./roms/Final Fantasy IV (Japan) (Rev 1) (MSU1) [T-En].zip
snes-msu	Indiana Jones' Greatest Adventures (USA) (MSU1)	80	2001	snes-msu	./roms/Indiana Jones' Greatest Adventures (USA) (MSU1).zip
switch	Advance Wars 1+2: Re-Boot Camp	80	7150	switch	./roms/Advance Wars 1+2 Re Boot.nsp
switch	Baten Kaitos I & II HD Remaster	80	6800	switch	./roms/Baten Kaitos I II HD Remaster.xci
switch	Battle Chasers : Nightwar	80	3199	switch	./roms/Battle Chasers - Nightwar (World).xci
switch	Capcom Fighting Collection	80	3457	switch	./roms/Capcom Fighting Collection.xci
switch	Contra Anniversary Collection	80	519	switch	./roms/Contra Anniversary Collection.nsp
switch	Crash Bandicoot 4: It's About Time	80	11039	switch	./roms/Crash Bandicoot 4 Its About Time.xci
switch	Crash Bandicoot N. Sane Trilogy	80	5641	switch	./roms/Crash Bandicoot N Sane Trilogy.xci
switch	Crash Team Racing Nitro-Fueled	80	9940	switch	./roms/Crash Team Racing - Nitro Fueled.xci
switch	The End Is Nigh	80	658	switch	./roms/End Is Nigh, The (USA).xci
switch	Hyrule Warriors: Definitive Edition	80	13868	switch	./roms/Hyrule Warriors Definitive Edition.xci
switch	Live a Live	80	4950	switch	./roms/live a live.nsp
switch	Mario Party Superstars	80	3056	switch	./roms/Mario Party Superstars.xci
switch	Ni no Kuni : Wrath of the White Witch	80	3452	switch	./roms/Ni no Kuni Wrath of the White Witch.nsp
switch	Paper Mario: The Origami King	80	6938	switch	./roms/Paper Mario - The Origami King (World).nsp
switch	Pokémon Legends: Arceus	80	7986	switch	./roms/Pokemon Legends Arceus.xci
switch	Pokémon Shield	80	10623	switch	./roms/Pokemon Shield.xci
switch	Pokémon Sword	80	10623	switch	./roms/Pokemon Sword.xci
switch	Super Mario 3D All-Stars	80	5269	switch	./roms/Super Mario 3D All-Stars.xci
switch	Super Mario RPG	80	6874	switch	./roms/Super Mario RPG.nsp
switch	Taiko no Tatsujin: Drum 'n' Fun!	80	3410	switch	./roms/Taiko no Tatsujin Drum n Fun.nsp
switch	Xenoblade Chronicles 3	80	14925	switch	./roms/Xenoblade Chronicles 3.xci
switch	Yoshi's Crafted World	80	6009	switch	./roms/Yoshis Crafted World.xci
vectrex	Star Trek: The Motion Picture (USA)	80	0	vectrex	./roms/Star Trek - The Motion Picture (USA).zip
vectrex	Pole Position (USA)	80	0	vectrex	./roms/Pole Position (USA).zip
vectrex	Star Ship (Europe)	80	0	vectrex	./roms/Star Ship (Europe).zip
vectrex	Web Warp (Europe)	80	0	vectrex	./roms/WebWarp (Europe).zip
vectrex	Fortress of Narzod (USA, Europe)	80	0	vectrex	./roms/Fortress of Narzod (USA, Europe).zip
vectrex	Scramble Wars (USA, Europe)	80	0	vectrex	./roms/Scramble (USA, Europe).zip
virtualboy	Jack Bros. (USA)	80	0	virtualboy	./roms/Jack Bros. (USA).zip
wii	Animal Crossing: City Folk (USA)	80	340	wii	./roms/Animal Crossing - City Folk (USA).wbfs
wii	Barnyard (USA)	80	1197	wii	./roms/Barnyard (USA).wbfs
wii	Brothers In Arms: Road To Hill 30 (USA)	80	2965	wii	./roms/Brothers In Arms - Road to Hill 30 (USA).wbfs
wii	Call of Duty: Black Ops (USA)	80	4383	wii	./roms/Call of Duty - Black Ops (USA).wbfs
wii	Deca Sports 2 (USA)	80	283	wii	./roms/Deca Sports 2 (USA).wbfs
wii	Disney Princess: Enchanted Journey (USA)	80	713	wii	./roms/Disney Princess - My Fairytale Adventure (USA).wbfs
wii	Endless Ocean (USA)	80	1118	wii	./roms/Endless Ocean (USA).wbfs
wii	Gold's Gym : Cardio Workout (USA)	80	671	wii	./roms/My Fitness Coach (USA).wbfs
wii	Groovin' Blocks (USA)	80	132	wii	./roms/Groovin' Blocks (USA).wbfs
wii	Hannah Montana : Le Film (USA)	80	1978	wii	./roms/Hannah Montana - The Movie (USA).wbfs
wii	The House of the Dead 2 & 3 Return (USA)	80	3483	wii	./roms/House of the Dead 2 & 3 Return, The (USA).wbfs
wii	The House of the Dead: Overkill (USA)	80	4113	wii	./roms/House of the Dead, The - Overkill (USA).wbfs
wii	Kirby's Epic Yarn (USA)	80	3831	wii	./roms/Kirby's Epic Yarn (USA).wbfs
wii	Klonoa (USA)	80	1904	wii	./roms/Klonoa (USA).wbfs
wii	Kororinpa (USA)	80	281	wii	./roms/Kororinpa - Marble Mania (USA).wbfs
wii	LEGO Batman: The Videogame (USA)	80	2670	wii	./roms/LEGO Batman - The Videogame (USA).wbfs
wii	LEGO Indiana Jones: The Original Adventures (USA)	80	2120	wii	./roms/LEGO Indiana Jones - The Original Adventures (USA).wbfs
wii	LEGO Pirates of the Caribbean: The Video Game (USA)	80	2055	wii	./roms/LEGO Pirates of the Caribbean - The Video Game (USA).wbfs
wii	Link's Crossbow Training (USA)	80	216	wii	./roms/Link's Crossbow Training (USA).wbfs
wii	M&M's : Kart Racing (USA)	80	711	wii	./roms/M&M's Kart Racing (USA).wbfs
wii	Mario & Sonic at the London 2012 Olympic Games (USA)	80	4089	wii	./roms/Mario & Sonic at the London 2012 Olympic Games (USA).wbfs
wii	Mario & Sonic at the Olympic Winter Games (USA)	80	3639	wii	./roms/Mario & Sonic at the Olympic Winter Games (USA).wbfs
wii	Mario Kart Wii (USA)	80	2779	wii	./roms/Mario Kart Wii (USA).wbfs
wii	Mario Party 9 (USA)	80	1214	wii	./roms/Mario Party 9 (USA).wbfs
wii	Mario Sports Mix (USA)	80	2462	wii	./roms/Mario Sports Mix (USA).wbfs
wii	Mario Strikers Charged Football (USA)	80	2011	wii	./roms/Mario Strikers Charged (USA).wbfs
wii	Mortal Kombat Armageddon (USA)	80	4129	wii	./roms/Mortal Kombat - Armageddon (USA).wbfs
wii	Namco Museum Remix (USA)	80	503	wii	./roms/Namco Museum Megamix (USA).wbfs
wii	Order Up! (USA)	80	2217	wii	./roms/Order Up! (USA).wbfs
wii	Pac-Man Party (USA)	80	2217	wii	./roms/Pac-Man Party (USA).wbfs
wii	Pirates: Hunt for Blackbeard's Booty (USA)	80	807	wii	./roms/Pirates - Hunt for Blackbeard's Booty (USA).wbfs
wii	Pro Evolution Soccer 2010 (USA)	80	4377	wii	./roms/Pro Evolution Soccer 2010 (USA).wbfs
wii	Rapala : We Fish (USA)	80	2412	wii	./roms/Rapala - We Fish (USA).wbfs
wii	Rapala Pro Bass Fishing (USA)	80	2204	wii	./roms/Rapala Pro Bass Fishing (USA).wbfs
wii	Ratatouille (USA)	80	1355	wii	./roms/Ratatouille (USA).wbfs
wii	Red Steel 2 (USA)	80	3047	wii	./roms/Red Steel 2 (USA).wbfs
wii	Resident Evil : The Darkside Chronicles (USA)	80	4003	wii	./roms/Resident Evil - The Darkside Chronicles (USA).wbfs
wii	Rubik's Puzzle World (USA)	80	948	wii	./roms/Rubik's World (USA).wbfs
wii	Scarface : The World is Yours (USA)	80	4165	wii	./roms/Scarface - The World Is Yours (USA).wbfs
wii	Scene It? Bright Lights! Big Screen! (USA)	80	2858	wii	./roms/Scene It - Bright Lights! Big Screen! (USA).wbfs
wii	Sid Meier's Pirates! (USA)	80	2223	wii	./roms/Sid Meier's Pirates! (USA).wbfs
wii	Silent Hill: Shattered Memories (USA)	80	4031	wii	./roms/Silent Hill - Shattered Memories (USA).wbfs
wii	Sin & Punishment : Star Successor (USA)	80	958	wii	./roms/Sin & Punishment - Star Successor (USA).wbfs
wii	Sonic and the Secret Rings (USA)	80	3844	wii	./roms/Sonic and the Secret Rings (USA).wbfs
wii	Sonic Colors (USA)	80	3949	wii	./roms/Sonic Colors (USA).wbfs
wii	Soulcalibur: Legends (USA)	80	1531	wii	./roms/Soulcalibur - Legends (USA).wbfs
wii	Spider-Man: Web of Shadows (USA)	80	3959	wii	./roms/Spider-Man - Web of Shadows (USA).wbfs
wii	The Spiderwick Chronicles (USA)	80	2009	wii	./roms/Spiderwick Chronicles, The (USA).wbfs
wii	Spore Hero (USA)	80	950	wii	./roms/Spore Hero (USA).wbfs
wii	Tom Clancy's Ghost Recon (USA)	80	2936	wii	./roms/Tom Clancy's Ghost Recon (USA).wbfs
wii	TrackMania (USA)	80	608	wii	./roms/TrackMania - Build to Race (USA).wbfs
wii	Tv Show King Party (USA)	80	382	wii	./roms/TV Show King Party (USA).wbfs
wii	Wario Land: The Shake Dimension (USA)	80	3813	wii	./roms/Wario Land - Shake It! (USA).wbfs
wii	Wario Ware : Smooth Moves (USA)	80	3502	wii	./roms/WarioWare - Smooth Moves (USA).wbfs
wii	Wii Party (USA)	80	898	wii	./roms/Wii Party (USA).wbfs
wii	Wipeout : The Game (USA)	80	447	wii	./roms/Wipeout - The Game (USA).wbfs
wii	Wwe'13 (USA)	80	4383	wii	./roms/WWE '13 (USA).wbfs
wii	ZhuZhu Pets : Animaux de la Forêt (USA)	80	354	wii	./roms/Zhu Zhu Pets - Featuring The Wild Bunch (USA).wbfs
wii	Zoo Hospital (USA)	80	415	wii	./roms/Zoo Hospital (USA).wbfs
wii	Call of Duty: Modern Warfare 3 (USA)	80	4362	wii	./roms/Call of Duty - Modern Warfare 3 (USA).wbfs
wii	Call of Duty : World at War (USA)	80	4266	wii	./roms/Call of Duty - World at War (USA).wbfs
wii	Club Penguin Game Day! (USA)	80	1460	wii	./roms/Club Penguin - Game Day! (USA).wbfs
wii	Dawn of Discovery (USA)	80	1455	wii	./roms/Dawn of Discovery (USA).wbfs
wii	Dead Space : Extraction (USA)	80	4429	wii	./roms/Dead Space - ExtrAction (USA).wbfs
wii	DJ Hero (USA)	80	2393	wii	./roms/DJ Hero (USA).wbfs
wii	F1 2009 (USA)	80	1818	wii	./roms/F1 2009 (USA).wbfs
wii	GoldenEye 007 (USA)	80	3938	wii	./roms/GoldenEye 007 (USA).wbfs
wii	GT Pro Series (USA)	80	688	wii	./roms/GT Pro Series (USA).wbfs
wiiu	Nintendo Land	80	2598	wiiu	./roms/Nintendo Land (US).wua
wiiu	Hyrule Warriors	80	6756	wiiu	./roms/Hyrule Warriors (US).wua
wiiu	Kirby and the Rainbow Curse	80	2894	wiiu	./roms/Kirby and the Rainbow Curse (US).wua
wiiu	Knytt Underground	80	472	wiiu	./roms/Knytt Underground (EU).wua
wiiu	NES Remix 2	80	86	wiiu	./roms/NES REMIX 2 (US).wua
wiiu	New Super Luigi U	80	1203	wiiu	./roms/New SUPER LUIGI U (US).wua
wiiu	New Super Mario Bros. U	80	13820	wiiu	./roms/New SUPER MARIO BROS. U +… (US).wua
wiiu	One Piece : Unlimited World Red	80	10386	wiiu	./roms/ONE PIECE Unlimited World Red (US).wua
wiiu	Pac-Man	80	3086	wiiu	./roms/PAC-MAN (US).wua
wiiu	Resident Evil : Revelations	80	12612	wiiu	./roms/RESIDENT EVIL REVELATIONS (US).wua
wiiu	Yoshi's Woolly World	80	6397	wiiu	./roms/Yoshi's Woolly World (US).wua
wiiware	Art of Balance (USA)	80	37	wiiware	./roms/Art of Balance (USA).wad
wiiware	Pit Crew Panic! (USA)	80	42	wiiware	./roms/Pit Crew Panic! (USA).wad
wiiware	Swords & Soldiers (USA)	80	22	wiiware	./roms/Swords & Soldiers (USA).wad
wiiware	Tales of Monkey Island - Chapter 5 : Rise of the P (USA)	80	46	wiiware	./roms/Tales of Monkey Island - Chapter 5 - Rise of the Pirate God (USA).wad
wiiware	Tnt Racers (USA)	80	46	wiiware	./roms/TNT Racers (USA).wad
wiiware	Tumblebugs 2 (USA)	80	35	wiiware	./roms/Tumblebugs 2 (USA).wad
wiiware	World of Goo (USA)	80	46	wiiware	./roms/World of Goo (USA).wad
wiiware	Zombie Panic in Wonderland (USA)	80	20	wiiware	./roms/Zombie Panic in Wonderland (USA).wad
wiiware	Art Style: light trax (USA)	80	23	wiiware	./roms/Art Style - light trax (USA).wad
wiiware	Bit.trip Fate (USA)	80	47	wiiware	./roms/Bit. Trip Fate (USA).wad
wiiware	FAST : Racing League (USA)	80	46	wiiware	./roms/FAST - Racing League (USA).wad
wiiware	Groovin' Blocks (USA)	80	45	wiiware	./roms/Groovin' Blocks (USA).wad
wiiware	Magnetis (USA)	80	19	wiiware	./roms/Magnetis (USA).wad
wiiware	Mr. Driller World (USA)	80	20	wiiware	./roms/Mr. Driller W (USA).wad
wiiware	Muscle March (USA)	80	40	wiiware	./roms/Muscle March (USA).wad
wiiware	Phoenix Wright : Ace Attorney : Justice for All (USA)	80	37	wiiware	./roms/Phoenix Wright - Ace Attorney Justice for All (USA).wad
wiiware	Pokémon Rumble (USA)	80	27	wiiware	./roms/Pokemon Rumble (USA).wad
wiiware	The Very Hungry Caterpillar's ABCs (USA)	80	40	wiiware	./roms/Very Hungry Caterpillar's ABCs, The (USA).wad
wonderswancolor	Bakumatsu Roman Gekka no Kenshi Tokubetsu Hen : Tsuki ni Saku Hana, Chiriyuku Hana (Europe)	80	1	ngpc	./roms/Last Blade, The - Beyond the Destiny (Europe).zip
wonderswancolor	Metal Slug : 2nd Mission (World) (En,Ja)	80	1	ngpc	./roms/Metal Slug - 2nd Mission (World) (En,Ja).zip
wonderswancolor	Neo Dragon's Wild : Real Casino Series (World) (En,Ja) (v1.13)	80	0	ngpc	./roms/Neo Dragon's Wild - Real Casino Series (World) (En,Ja) (v1.13).zip
wonderswancolor	Pac-Man (World) (En,Ja)	80	0	ngpc	./roms/Pac-Man (World) (En,Ja).zip
wonderswancolor	SNK Gals Fighters (USA, Europe)	80	1	ngpc	./roms/SNK Gals' Fighters (USA, Europe).zip
wonderswancolor	Bust-A-Move Pocket (USA)	80	0	ngpc	./roms/Bust-A-Move Pocket (USA).zip
wonderswancolor	Magical Drop Pocket (USA, Europe)	80	0	ngpc	./roms/Magical Drop Pocket (USA, Europe).zip
wonderswancolor	Picture Puzzle (USA, Europe)	80	0	ngpc	./roms/Picture Puzzle (USA, Europe).zip
wonderswancolor	Puzzle Bobble Mini (Japan, Europe) (v1.10)	80	0	ngpc	./roms/Puzzle Bobble Mini (Japan, Europe) (v1.10).zip
wonderswancolor	Super Robot Taisen Compact for WonderSwan Color (Japan)	80	2	wswanc	./roms/Super Robot Taisen Compact for WonderSwan Color (Japan).zip
wonderswancolor	Terrors 2 (Japan)	80	3	wswanc	./roms/Terrors 2 (Japan).zip
wonderswancolor	Tetris (Japan)	80	0	wswanc	./roms/Tetris (Japan).zip
wonderswancolor	Guilty Gear Petit 2 (Japan)	80	2	wswanc	./roms/Guilty Gear Petit 2 (Japan).zip
xbox	Apex	80	1036	xbox	./roms/Apex (USA).iso
xbox	Big Mutha Truckers	80	726	xbox	./roms/Big Mutha Truckers (USA).iso
xbox	BloodRayne 2	80	2663	xbox	./roms/BloodRayne 2 (USA).iso
xbox	BMX XXX	80	793	xbox	./roms/BMX XXX (USA).iso
xbox	Dreamfall : The Longest Journey	80	2385	xbox	./roms/Dreamfall - The Longest Journey (USA).iso
xbox	Galleon	80	361	xbox	./roms/Galleon (USA).iso
xbox	Gladiator : Sword of Vengeance	80	2012	xbox	./roms/Gladiator - Sword of Vengeance (USA).iso
xbox	GunGriffon : Allied Strike	80	1002	xbox	./roms/Gungriffon - Allied Strike (USA, Japan) (En,Ja,Ko).iso
xbox	Blood Wake	80	1450	xbox	./roms/Blood Wake (USA).iso
xbox360	Dante's Inferno	80	5903	xbox360	./roms/Dante's Inferno.iso
xbox360	Deadly Premonition	80	5731	xbox360	./roms/Deadly Premonition.iso
xbox360	Colin McRae : DiRT	80	6508	xbox360	./roms/Dirt.iso
xbox360	Eternal Sonata	80	7170	xbox360	./roms/Eternal Sonata.iso
xbox360	F.e.a.r.	80	4490	xbox360	./roms/F.E.A.R. 2.iso
xbox360	LEGO Star Wars: The Complete Saga	80	6095	xbox360	./roms/LEGO - Star Wars The Complete Saga.iso
xbox360	Midnight Club : Los Angeles	80	6562	xbox360	./roms/Midnight Club Los Angeles.iso
xbox360	Naruto : The Broken Bond	80	3405	xbox360	./roms/Naruto - The Broken Bond.iso
xbox360	Project Gotham Racing 3	80	6366	xbox360	./roms/Project Gotham Racing 3.iso
xbox360	Project Gotham Racing 4	80	6185	xbox360	./roms/Project Gotham Racing 4.iso
xbox360	Prototype	80	7206	xbox360	./roms/Prototype.iso
xbox360	Gears Of War 3	80	7797	xbox360	./roms/Gears of War 3.iso
zxspectrum	Dizzy 4 - Magicland Dizzy (Europe)	80	0	zxspectrum	./roms/Dizzy IV - Magicland Dizzy (Europe).zip
zxspectrum	Everyone's A Wally (Europe)	80	0	zxspectrum	./roms/Everyone's a Wally (Europe).zip
zxspectrum	Glug Glug (Europe)	80	0	zxspectrum	./roms/Glug Glug (Europe).zip
zxspectrum	Jetpac (Europe)	80	0	zxspectrum	./roms/Jetpac (Europe).zip
zxspectrum	Knight Lore (Europe)	80	0	zxspectrum	./roms/Knight Lore (Europe).zip
zxspectrum	Kokotoni Wilf (Europe)	80	0	zxspectrum	./roms/Kokotoni Wilf (Europe).zip
zxspectrum	Magnetron (Europe)	80	0	zxspectrum	./roms/Magnetron (Europe).zip
zxspectrum	Manic Miner (Europe)	80	0	zxspectrum	./roms/Manic Miner (Europe).zip
zxspectrum	Maziacs (Europe)	80	0	zxspectrum	./roms/Maziacs (Europe).zip
zxspectrum	Navy Moves (Side B) (Europe)	80	0	zxspectrum	./roms/Navy Moves (Side B) (Europe).zip
zxspectrum	Nether Earth (Europe)	80	0	zxspectrum	./roms/Nether Earth (Europe).zip
zxspectrum	Nosferatu the Vampyre (Europe)	80	0	zxspectrum	./roms/Nosferatu the Vampyre (Europe).zip
zxspectrum	Pac-Mania (Europe)	80	0	zxspectrum	./roms/Pac-Mania (Europe).zip
zxspectrum	Phantomas (Europe)	80	0	zxspectrum	./roms/Phantomas (Europe).zip
zxspectrum	Pssst (Europe)	80	0	zxspectrum	./roms/Pssst (Europe).zip
zxspectrum	Rebel Star - 2 Players (Europe)	80	0	zxspectrum	./roms/Rebelstar - 2 Players (Europe).zip
zxspectrum	Robocop (Europe)	80	0	zxspectrum	./roms/Robocop (Europe).zip
zxspectrum	Sabre Wulf (Europe)	80	0	zxspectrum	./roms/Sabre Wulf (Europe).zip
zxspectrum	Skool Daze (Europe)	80	0	zxspectrum	./roms/Skool Daze (Europe).zip
zxspectrum	Slightly Manic (Europe)	80	0	zxspectrum	./roms/Slightly Magic (Europe).zip
zxspectrum	Smash TV (Europe)	80	0	zxspectrum	./roms/Smash TV (Europe).zip
zxspectrum	Splat! (Europe)	80	0	zxspectrum	./roms/Splat! (Europe).zip
zxspectrum	Survivor (Europe)	80	0	zxspectrum	./roms/Survivor (Europe).zip
zxspectrum	The Duel: Test Drive II (Europe)	80	0	zxspectrum	./roms/Test Drive II - The Duel (Europe).zip
zxspectrum	Three Weeks in Paradise (Europe)	80	0	zxspectrum	./roms/Three Weeks in Paradise (Europe).zip
zxspectrum	Trantor - The Last Stormtrooper (Europe)	80	0	zxspectrum	./roms/Trantor - The Last Stormtrooper (Europe).zip
zxspectrum	Wizard's Lair (Europe)	80	0	zxspectrum	./roms/Wizard's Lair (Europe).zip
zxspectrum	Arkanoid : Revenge of Doh (Europe)	80	0	zxspectrum	./roms/Arkanoid II - Revenge of Doh (Europe).zip
zxspectrum	Atic Atac (Europe)	80	0	zxspectrum	./roms/Atic Atac (Europe).zip
zxspectrum	Atv Simulator (Europe)	80	0	zxspectrum	./roms/ATV Simulator - All Terrain Vehicle (Europe).zip
zxspectrum	Commando (Pocket Money Software) (Europe)	80	0	zxspectrum	./roms/Commando (Pocket Money Software) (Europe).zip
zxspectrum	Contact Sam Cruise (Europe)	80	0	zxspectrum	./roms/Contact Sam Cruise (Europe).zip
zxspectrum	Barbarian II : The Dungeon of Drax (Europe)	80	0	zxspectrum	./roms/Barbarian II - The Dungeon of Drax (Europe).zip
zxspectrum	Batman (Europe)	80	0	zxspectrum	./roms/Batman (Europe).zip
zxspectrum	Cauldron II : The Pumpkin Strikes Back (Europe)	80	0	zxspectrum	./roms/Cauldron II - The Pumpkin Strikes Back (Europe).zip
zxspectrum	Daley Thompson's Decathlon (Europe)	80	0	zxspectrum	./roms/Daley Thompson's Decathlon (Europe).zip
zxspectrum	Fernando Martín Basket Master (Spain)	80	0	zxspectrum	./roms/Fernando Martin Basket Master (Spain).zip
zxspectrum	Finders Keepers (Europe)	80	0	zxspectrum	./roms/Finders Keepers (Europe).zip
zxspectrum	Fred (Europe)	80	0	zxspectrum	./roms/Fred (Europe).zip
zxspectrum	Ghostbusters II (Europe)	80	0	zxspectrum	./roms/Ghostbusters II (Europe).zip
zxspectrum	Bomb Jack (Europe)	80	0	zxspectrum	./roms/Bomb Jack (Europe).zip
zxspectrum	Cybernoid II : The Revenge (Europe)	80	0	zxspectrum	./roms/Cybernoid II - The Revenge (Europe).zip
zxspectrum	Andy Capp (Europe)	80	0	zxspectrum	./roms/Andy Capp (Europe).zip
zxspectrum	Dun Darach (Europe)	80	0	zxspectrum	./roms/Dun Darach (Europe).zip
zxspectrum	Lode Runner (Europe)	80	0	zxspectrum	./roms/Lode Runner (Europe).zip
zxspectrum	Zub (Europe)	80	0	zxspectrum	./roms/Zub (Europe).zip
zxspectrum	Zynaps (Europe)	80	0	zxspectrum	./roms/Zynaps (Europe).zip
